raw_field,display_label,source_group,group_label,group_description
NAME_CONTRACT_TYPE,Loan contract category,application,Application finances and context,"Requested credit, income, annuity, financial ratios, employment and application context. Direct demographic/protected-status-like fields are excluded; remaining context can still contain proxies."
FLAG_OWN_CAR,Flag own car,application,Application finances and context,"Requested credit, income, annuity, financial ratios, employment and application context. Direct demographic/protected-status-like fields are excluded; remaining context can still contain proxies."
FLAG_OWN_REALTY,Flag own realty,application,Application finances and context,"Requested credit, income, annuity, financial ratios, employment and application context. Direct demographic/protected-status-like fields are excluded; remaining context can still contain proxies."
AMT_INCOME_TOTAL,Reported income,application,Application finances and context,"Requested credit, income, annuity, financial ratios, employment and application context. Direct demographic/protected-status-like fields are excluded; remaining context can still contain proxies."
AMT_CREDIT,Requested credit amount,application,Application finances and context,"Requested credit, income, annuity, financial ratios, employment and application context. Direct demographic/protected-status-like fields are excluded; remaining context can still contain proxies."
AMT_ANNUITY,Application annuity amount,application,Application finances and context,"Requested credit, income, annuity, financial ratios, employment and application context. Direct demographic/protected-status-like fields are excluded; remaining context can still contain proxies."
AMT_GOODS_PRICE,Goods purchase price,application,Application finances and context,"Requested credit, income, annuity, financial ratios, employment and application context. Direct demographic/protected-status-like fields are excluded; remaining context can still contain proxies."
credit_to_income_ratio,Requested credit relative to income,application,Application finances and context,"Requested credit, income, annuity, financial ratios, employment and application context. Direct demographic/protected-status-like fields are excluded; remaining context can still contain proxies."
annuity_to_income_ratio,Annuity relative to income,application,Application finances and context,"Requested credit, income, annuity, financial ratios, employment and application context. Direct demographic/protected-status-like fields are excluded; remaining context can still contain proxies."
goods_price_to_income_ratio,Goods price relative to income,application,Application finances and context,"Requested credit, income, annuity, financial ratios, employment and application context. Direct demographic/protected-status-like fields are excluded; remaining context can still contain proxies."
NAME_INCOME_TYPE,Income category,application,Application finances and context,"Requested credit, income, annuity, financial ratios, employment and application context. Direct demographic/protected-status-like fields are excluded; remaining context can still contain proxies."
NAME_EDUCATION_TYPE,Reported education category,application,Application finances and context,"Requested credit, income, annuity, financial ratios, employment and application context. Direct demographic/protected-status-like fields are excluded; remaining context can still contain proxies."
NAME_HOUSING_TYPE,Housing category,application,Application finances and context,"Requested credit, income, annuity, financial ratios, employment and application context. Direct demographic/protected-status-like fields are excluded; remaining context can still contain proxies."
REGION_POPULATION_RELATIVE,Region population relative,application,Application finances and context,"Requested credit, income, annuity, financial ratios, employment and application context. Direct demographic/protected-status-like fields are excluded; remaining context can still contain proxies."
employment_length_days,Employment length,application,Application finances and context,"Requested credit, income, annuity, financial ratios, employment and application context. Direct demographic/protected-status-like fields are excluded; remaining context can still contain proxies."
DAYS_REGISTRATION,Time since registration change,application,Application finances and context,"Requested credit, income, annuity, financial ratios, employment and application context. Direct demographic/protected-status-like fields are excluded; remaining context can still contain proxies."
DAYS_ID_PUBLISH,Time since identity-document issue,application,Application finances and context,"Requested credit, income, annuity, financial ratios, employment and application context. Direct demographic/protected-status-like fields are excluded; remaining context can still contain proxies."
OWN_CAR_AGE,Own car age,application,Application finances and context,"Requested credit, income, annuity, financial ratios, employment and application context. Direct demographic/protected-status-like fields are excluded; remaining context can still contain proxies."
OCCUPATION_TYPE,Occupation category,application,Application finances and context,"Requested credit, income, annuity, financial ratios, employment and application context. Direct demographic/protected-status-like fields are excluded; remaining context can still contain proxies."
REGION_RATING_CLIENT,Region rating client,application,Application finances and context,"Requested credit, income, annuity, financial ratios, employment and application context. Direct demographic/protected-status-like fields are excluded; remaining context can still contain proxies."
REGION_RATING_CLIENT_W_CITY,Region rating client w city,application,Application finances and context,"Requested credit, income, annuity, financial ratios, employment and application context. Direct demographic/protected-status-like fields are excluded; remaining context can still contain proxies."
HOUR_APPR_PROCESS_START,Hour appr process start,application,Application finances and context,"Requested credit, income, annuity, financial ratios, employment and application context. Direct demographic/protected-status-like fields are excluded; remaining context can still contain proxies."
ORGANIZATION_TYPE,Employer organization category,application,Application finances and context,"Requested credit, income, annuity, financial ratios, employment and application context. Direct demographic/protected-status-like fields are excluded; remaining context can still contain proxies."
EXT_SOURCE_1,External credit score 1,external_scores,Imported external credit scores,"Three supplied external-score fields and their mean, minimum, maximum and missing-count summaries. Their original construction and real-time availability cannot be independently certified."
EXT_SOURCE_2,External credit score 2,external_scores,Imported external credit scores,"Three supplied external-score fields and their mean, minimum, maximum and missing-count summaries. Their original construction and real-time availability cannot be independently certified."
EXT_SOURCE_3,External credit score 3,external_scores,Imported external credit scores,"Three supplied external-score fields and their mean, minimum, maximum and missing-count summaries. Their original construction and real-time availability cannot be independently certified."
ext_source_mean,Mean external credit score,external_scores,Imported external credit scores,"Three supplied external-score fields and their mean, minimum, maximum and missing-count summaries. Their original construction and real-time availability cannot be independently certified."
ext_source_min,Minimum external credit score,external_scores,Imported external credit scores,"Three supplied external-score fields and their mean, minimum, maximum and missing-count summaries. Their original construction and real-time availability cannot be independently certified."
ext_source_max,Maximum external credit score,external_scores,Imported external credit scores,"Three supplied external-score fields and their mean, minimum, maximum and missing-count summaries. Their original construction and real-time availability cannot be independently certified."
ext_source_missing_count,Missing external-score count,external_scores,Imported external credit scores,"Three supplied external-score fields and their mean, minimum, maximum and missing-count summaries. Their original construction and real-time availability cannot be independently certified."
DAYS_LAST_PHONE_CHANGE,Time since last phone change,application,Application finances and context,"Requested credit, income, annuity, financial ratios, employment and application context. Direct demographic/protected-status-like fields are excluded; remaining context can still contain proxies."
bureau_credit_count,Bureau credit count,bureau,Bureau loans and balances,"Counts, amounts, debt, overdue status and relative dates for bureau loans originating before application day; monthly balance status and recent deterioration."
active_credit_count,Active credit count,bureau,Bureau loans and balances,"Counts, amounts, debt, overdue status and relative dates for bureau loans originating before application day; monthly balance status and recent deterioration."
closed_credit_count,Closed credit count,bureau,Bureau loans and balances,"Counts, amounts, debt, overdue status and relative dates for bureau loans originating before application day; monthly balance status and recent deterioration."
overdue_credit_count,Overdue credit count,bureau,Bureau loans and balances,"Counts, amounts, debt, overdue status and relative dates for bureau loans originating before application day; monthly balance status and recent deterioration."
max_credit_day_overdue,Max credit day overdue,bureau,Bureau loans and balances,"Counts, amounts, debt, overdue status and relative dates for bureau loans originating before application day; monthly balance status and recent deterioration."
total_credit_sum,Total credit sum,bureau,Bureau loans and balances,"Counts, amounts, debt, overdue status and relative dates for bureau loans originating before application day; monthly balance status and recent deterioration."
avg_credit_sum,Avg credit sum,bureau,Bureau loans and balances,"Counts, amounts, debt, overdue status and relative dates for bureau loans originating before application day; monthly balance status and recent deterioration."
total_credit_debt,Total credit debt,bureau,Bureau loans and balances,"Counts, amounts, debt, overdue status and relative dates for bureau loans originating before application day; monthly balance status and recent deterioration."
total_credit_limit,Total credit limit,bureau,Bureau loans and balances,"Counts, amounts, debt, overdue status and relative dates for bureau loans originating before application day; monthly balance status and recent deterioration."
total_credit_overdue,Total credit overdue,bureau,Bureau loans and balances,"Counts, amounts, debt, overdue status and relative dates for bureau loans originating before application day; monthly balance status and recent deterioration."
avg_days_credit,Avg days credit,bureau,Bureau loans and balances,"Counts, amounts, debt, overdue status and relative dates for bureau loans originating before application day; monthly balance status and recent deterioration."
earliest_days_credit,Earliest days credit,bureau,Bureau loans and balances,"Counts, amounts, debt, overdue status and relative dates for bureau loans originating before application day; monthly balance status and recent deterioration."
latest_days_credit,Latest days credit,bureau,Bureau loans and balances,"Counts, amounts, debt, overdue status and relative dates for bureau loans originating before application day; monthly balance status and recent deterioration."
avg_days_credit_enddate,Avg days credit enddate,bureau,Bureau loans and balances,"Counts, amounts, debt, overdue status and relative dates for bureau loans originating before application day; monthly balance status and recent deterioration."
avg_days_enddate_fact,Avg days enddate fact,bureau,Bureau loans and balances,"Counts, amounts, debt, overdue status and relative dates for bureau loans originating before application day; monthly balance status and recent deterioration."
bureau_balance_month_count,Bureau balance month count,bureau,Bureau loans and balances,"Counts, amounts, debt, overdue status and relative dates for bureau loans originating before application day; monthly balance status and recent deterioration."
bureau_balance_bureau_count,Bureau balance bureau count,bureau,Bureau loans and balances,"Counts, amounts, debt, overdue status and relative dates for bureau loans originating before application day; monthly balance status and recent deterioration."
bureau_balance_closed_month_count,Bureau balance closed month count,bureau,Bureau loans and balances,"Counts, amounts, debt, overdue status and relative dates for bureau loans originating before application day; monthly balance status and recent deterioration."
bureau_balance_unknown_month_count,Bureau balance unknown month count,bureau,Bureau loans and balances,"Counts, amounts, debt, overdue status and relative dates for bureau loans originating before application day; monthly balance status and recent deterioration."
bureau_balance_dpd_0_count,Bureau balance dpd 0 count,bureau,Bureau loans and balances,"Counts, amounts, debt, overdue status and relative dates for bureau loans originating before application day; monthly balance status and recent deterioration."
bureau_balance_dpd_1plus_count,Bureau balance dpd 1plus count,bureau,Bureau loans and balances,"Counts, amounts, debt, overdue status and relative dates for bureau loans originating before application day; monthly balance status and recent deterioration."
bureau_balance_dpd_2plus_count,Bureau balance dpd 2plus count,bureau,Bureau loans and balances,"Counts, amounts, debt, overdue status and relative dates for bureau loans originating before application day; monthly balance status and recent deterioration."
bureau_balance_dpd_5plus_count,Bureau balance dpd 5plus count,bureau,Bureau loans and balances,"Counts, amounts, debt, overdue status and relative dates for bureau loans originating before application day; monthly balance status and recent deterioration."
bureau_balance_max_status,Bureau balance max status,bureau,Bureau loans and balances,"Counts, amounts, debt, overdue status and relative dates for bureau loans originating before application day; monthly balance status and recent deterioration."
bureau_balance_avg_numeric_status,Bureau balance avg numeric status,bureau,Bureau loans and balances,"Counts, amounts, debt, overdue status and relative dates for bureau loans originating before application day; monthly balance status and recent deterioration."
bureau_balance_latest_month,Bureau balance latest month,bureau,Bureau loans and balances,"Counts, amounts, debt, overdue status and relative dates for bureau loans originating before application day; monthly balance status and recent deterioration."
bureau_balance_earliest_month,Bureau balance earliest month,bureau,Bureau loans and balances,"Counts, amounts, debt, overdue status and relative dates for bureau loans originating before application day; monthly balance status and recent deterioration."
bureau_balance_recent_month_count,Bureau balance recent month count,bureau,Bureau loans and balances,"Counts, amounts, debt, overdue status and relative dates for bureau loans originating before application day; monthly balance status and recent deterioration."
bureau_balance_recent_known_month_count,Bureau balance recent known month count,bureau,Bureau loans and balances,"Counts, amounts, debt, overdue status and relative dates for bureau loans originating before application day; monthly balance status and recent deterioration."
bureau_balance_recent_dpd_1plus_count,Bureau balance recent dpd 1plus count,bureau,Bureau loans and balances,"Counts, amounts, debt, overdue status and relative dates for bureau loans originating before application day; monthly balance status and recent deterioration."
bureau_balance_dpd_1plus_rate,Bureau balance dpd 1plus rate,bureau,Bureau loans and balances,"Counts, amounts, debt, overdue status and relative dates for bureau loans originating before application day; monthly balance status and recent deterioration."
bureau_balance_dpd_2plus_rate,Bureau balance dpd 2plus rate,bureau,Bureau loans and balances,"Counts, amounts, debt, overdue status and relative dates for bureau loans originating before application day; monthly balance status and recent deterioration."
bureau_balance_recent_dpd_1plus_rate,Bureau balance recent dpd 1plus rate,bureau,Bureau loans and balances,"Counts, amounts, debt, overdue status and relative dates for bureau loans originating before application day; monthly balance status and recent deterioration."
pos_cash_month_count,Pos cash month count,pos_cash,Cash-loan monthly history,"Monthly loan status, days past due, remaining installments and recent/last-loan deterioration. Delinquency rates and last-three-month windows use distinct applicant months; record counts retain account-month grain."
pos_cash_contract_count,Pos cash contract count,pos_cash,Cash-loan monthly history,"Monthly loan status, days past due, remaining installments and recent/last-loan deterioration. Delinquency rates and last-three-month windows use distinct applicant months; record counts retain account-month grain."
pos_cash_active_month_count,Pos cash active month count,pos_cash,Cash-loan monthly history,"Monthly loan status, days past due, remaining installments and recent/last-loan deterioration. Delinquency rates and last-three-month windows use distinct applicant months; record counts retain account-month grain."
pos_cash_completed_month_count,Pos cash completed month count,pos_cash,Cash-loan monthly history,"Monthly loan status, days past due, remaining installments and recent/last-loan deterioration. Delinquency rates and last-three-month windows use distinct applicant months; record counts retain account-month grain."
pos_cash_problem_status_month_count,Pos cash problem status month count,pos_cash,Cash-loan monthly history,"Monthly loan status, days past due, remaining installments and recent/last-loan deterioration. Delinquency rates and last-three-month windows use distinct applicant months; record counts retain account-month grain."
pos_cash_dpd_month_count,Pos cash dpd month count,pos_cash,Cash-loan monthly history,"Monthly loan status, days past due, remaining installments and recent/last-loan deterioration. Delinquency rates and last-three-month windows use distinct applicant months; record counts retain account-month grain."
pos_cash_dpd_def_month_count,Pos cash dpd def month count,pos_cash,Cash-loan monthly history,"Monthly loan status, days past due, remaining installments and recent/last-loan deterioration. Delinquency rates and last-three-month windows use distinct applicant months; record counts retain account-month grain."
pos_cash_max_dpd,Pos cash max dpd,pos_cash,Cash-loan monthly history,"Monthly loan status, days past due, remaining installments and recent/last-loan deterioration. Delinquency rates and last-three-month windows use distinct applicant months; record counts retain account-month grain."
pos_cash_max_dpd_def,Pos cash max dpd def,pos_cash,Cash-loan monthly history,"Monthly loan status, days past due, remaining installments and recent/last-loan deterioration. Delinquency rates and last-three-month windows use distinct applicant months; record counts retain account-month grain."
pos_cash_avg_dpd,Pos cash avg dpd,pos_cash,Cash-loan monthly history,"Monthly loan status, days past due, remaining installments and recent/last-loan deterioration. Delinquency rates and last-three-month windows use distinct applicant months; record counts retain account-month grain."
pos_cash_avg_dpd_def,Pos cash avg dpd def,pos_cash,Cash-loan monthly history,"Monthly loan status, days past due, remaining installments and recent/last-loan deterioration. Delinquency rates and last-three-month windows use distinct applicant months; record counts retain account-month grain."
pos_cash_avg_instalment_count,Pos cash avg instalment count,pos_cash,Cash-loan monthly history,"Monthly loan status, days past due, remaining installments and recent/last-loan deterioration. Delinquency rates and last-three-month windows use distinct applicant months; record counts retain account-month grain."
pos_cash_avg_future_installments,Remaining cash-loan installments,pos_cash,Cash-loan monthly history,"Monthly loan status, days past due, remaining installments and recent/last-loan deterioration. Delinquency rates and last-three-month windows use distinct applicant months; record counts retain account-month grain."
pos_cash_latest_month,Pos cash latest month,pos_cash,Cash-loan monthly history,"Monthly loan status, days past due, remaining installments and recent/last-loan deterioration. Delinquency rates and last-three-month windows use distinct applicant months; record counts retain account-month grain."
pos_cash_earliest_month,Pos cash earliest month,pos_cash,Cash-loan monthly history,"Monthly loan status, days past due, remaining installments and recent/last-loan deterioration. Delinquency rates and last-three-month windows use distinct applicant months; record counts retain account-month grain."
pos_cash_recent_month_count,Pos cash recent month count,pos_cash,Cash-loan monthly history,"Monthly loan status, days past due, remaining installments and recent/last-loan deterioration. Delinquency rates and last-three-month windows use distinct applicant months; record counts retain account-month grain."
pos_cash_recent_dpd_month_count,Pos cash recent dpd month count,pos_cash,Cash-loan monthly history,"Monthly loan status, days past due, remaining installments and recent/last-loan deterioration. Delinquency rates and last-three-month windows use distinct applicant months; record counts retain account-month grain."
pos_cash_completed_month_rate,Pos cash completed month rate,pos_cash,Cash-loan monthly history,"Monthly loan status, days past due, remaining installments and recent/last-loan deterioration. Delinquency rates and last-three-month windows use distinct applicant months; record counts retain account-month grain."
pos_cash_dpd_month_rate,Pos cash dpd month rate,pos_cash,Cash-loan monthly history,"Monthly loan status, days past due, remaining installments and recent/last-loan deterioration. Delinquency rates and last-three-month windows use distinct applicant months; record counts retain account-month grain."
pos_cash_dpd_def_month_rate,Pos cash dpd def month rate,pos_cash,Cash-loan monthly history,"Monthly loan status, days past due, remaining installments and recent/last-loan deterioration. Delinquency rates and last-three-month windows use distinct applicant months; record counts retain account-month grain."
pos_cash_recent_dpd_month_rate,Pos cash recent dpd month rate,pos_cash,Cash-loan monthly history,"Monthly loan status, days past due, remaining installments and recent/last-loan deterioration. Delinquency rates and last-three-month windows use distinct applicant months; record counts retain account-month grain."
credit_card_month_count,Credit card month count,credit_card,Credit-card monthly history,"Balances, limits, utilization, drawings, payment support and delinquency, with recent and last-loan summaries."
credit_card_contract_count,Credit card contract count,credit_card,Credit-card monthly history,"Balances, limits, utilization, drawings, payment support and delinquency, with recent and last-loan summaries."
credit_card_active_month_count,Credit card active month count,credit_card,Credit-card monthly history,"Balances, limits, utilization, drawings, payment support and delinquency, with recent and last-loan summaries."
credit_card_completed_month_count,Credit card completed month count,credit_card,Credit-card monthly history,"Balances, limits, utilization, drawings, payment support and delinquency, with recent and last-loan summaries."
credit_card_problem_status_month_count,Credit card problem status month count,credit_card,Credit-card monthly history,"Balances, limits, utilization, drawings, payment support and delinquency, with recent and last-loan summaries."
credit_card_dpd_month_count,Credit card dpd month count,credit_card,Credit-card monthly history,"Balances, limits, utilization, drawings, payment support and delinquency, with recent and last-loan summaries."
credit_card_dpd_def_month_count,Credit card dpd def month count,credit_card,Credit-card monthly history,"Balances, limits, utilization, drawings, payment support and delinquency, with recent and last-loan summaries."
credit_card_max_dpd,Credit card max dpd,credit_card,Credit-card monthly history,"Balances, limits, utilization, drawings, payment support and delinquency, with recent and last-loan summaries."
credit_card_max_dpd_def,Credit card max dpd def,credit_card,Credit-card monthly history,"Balances, limits, utilization, drawings, payment support and delinquency, with recent and last-loan summaries."
credit_card_avg_dpd,Credit card avg dpd,credit_card,Credit-card monthly history,"Balances, limits, utilization, drawings, payment support and delinquency, with recent and last-loan summaries."
credit_card_avg_dpd_def,Credit card avg dpd def,credit_card,Credit-card monthly history,"Balances, limits, utilization, drawings, payment support and delinquency, with recent and last-loan summaries."
credit_card_avg_balance,Credit card avg balance,credit_card,Credit-card monthly history,"Balances, limits, utilization, drawings, payment support and delinquency, with recent and last-loan summaries."
credit_card_max_balance,Credit card max balance,credit_card,Credit-card monthly history,"Balances, limits, utilization, drawings, payment support and delinquency, with recent and last-loan summaries."
credit_card_avg_credit_limit,Credit card avg credit limit,credit_card,Credit-card monthly history,"Balances, limits, utilization, drawings, payment support and delinquency, with recent and last-loan summaries."
credit_card_max_credit_limit,Credit card max credit limit,credit_card,Credit-card monthly history,"Balances, limits, utilization, drawings, payment support and delinquency, with recent and last-loan summaries."
credit_card_balance_to_limit_ratio,Credit card balance to limit ratio,credit_card,Credit-card monthly history,"Balances, limits, utilization, drawings, payment support and delinquency, with recent and last-loan summaries."
credit_card_avg_credit_utilization,Credit card avg credit utilization,credit_card,Credit-card monthly history,"Balances, limits, utilization, drawings, payment support and delinquency, with recent and last-loan summaries."
credit_card_avg_drawings_current,Credit card avg drawings current,credit_card,Credit-card monthly history,"Balances, limits, utilization, drawings, payment support and delinquency, with recent and last-loan summaries."
credit_card_total_drawings_current,Credit card total drawings current,credit_card,Credit-card monthly history,"Balances, limits, utilization, drawings, payment support and delinquency, with recent and last-loan summaries."
credit_card_avg_drawing_count,Credit card avg drawing count,credit_card,Credit-card monthly history,"Balances, limits, utilization, drawings, payment support and delinquency, with recent and last-loan summaries."
credit_card_total_drawing_count,Credit card total drawing count,credit_card,Credit-card monthly history,"Balances, limits, utilization, drawings, payment support and delinquency, with recent and last-loan summaries."
credit_card_avg_total_receivable,Credit card avg total receivable,credit_card,Credit-card monthly history,"Balances, limits, utilization, drawings, payment support and delinquency, with recent and last-loan summaries."
credit_card_total_receivable,Credit card total receivable,credit_card,Credit-card monthly history,"Balances, limits, utilization, drawings, payment support and delinquency, with recent and last-loan summaries."
credit_card_payment_to_min_ratio,Credit card payment to min ratio,credit_card,Credit-card monthly history,"Balances, limits, utilization, drawings, payment support and delinquency, with recent and last-loan summaries."
credit_card_total_payment_to_min_ratio,Credit card total payment to min ratio,credit_card,Credit-card monthly history,"Balances, limits, utilization, drawings, payment support and delinquency, with recent and last-loan summaries."
credit_card_latest_month,Credit card latest month,credit_card,Credit-card monthly history,"Balances, limits, utilization, drawings, payment support and delinquency, with recent and last-loan summaries."
credit_card_earliest_month,Credit card earliest month,credit_card,Credit-card monthly history,"Balances, limits, utilization, drawings, payment support and delinquency, with recent and last-loan summaries."
credit_card_recent_month_count,Credit card recent month count,credit_card,Credit-card monthly history,"Balances, limits, utilization, drawings, payment support and delinquency, with recent and last-loan summaries."
credit_card_recent_dpd_month_count,Credit card recent dpd month count,credit_card,Credit-card monthly history,"Balances, limits, utilization, drawings, payment support and delinquency, with recent and last-loan summaries."
credit_card_completed_month_rate,Credit card completed month rate,credit_card,Credit-card monthly history,"Balances, limits, utilization, drawings, payment support and delinquency, with recent and last-loan summaries."
credit_card_dpd_month_rate,Credit card dpd month rate,credit_card,Credit-card monthly history,"Balances, limits, utilization, drawings, payment support and delinquency, with recent and last-loan summaries."
credit_card_dpd_def_month_rate,Credit card dpd def month rate,credit_card,Credit-card monthly history,"Balances, limits, utilization, drawings, payment support and delinquency, with recent and last-loan summaries."
credit_card_recent_dpd_month_rate,Credit card recent dpd month rate,credit_card,Credit-card monthly history,"Balances, limits, utilization, drawings, payment support and delinquency, with recent and last-loan summaries."
bureau_balance_recent_dpd_rate_delta,Bureau balance recent dpd rate delta,bureau,Bureau loans and balances,"Counts, amounts, debt, overdue status and relative dates for bureau loans originating before application day; monthly balance status and recent deterioration."
bureau_balance_recent_status_delta,Bureau balance recent status delta,bureau,Bureau loans and balances,"Counts, amounts, debt, overdue status and relative dates for bureau loans originating before application day; monthly balance status and recent deterioration."
pos_cash_recent_dpd_rate_delta,Pos cash recent dpd rate delta,pos_cash,Cash-loan monthly history,"Monthly loan status, days past due, remaining installments and recent/last-loan deterioration. Delinquency rates and last-three-month windows use distinct applicant months; record counts retain account-month grain."
pos_cash_remaining_installment_ratio_delta,Pos cash remaining installment ratio delta,pos_cash,Cash-loan monthly history,"Monthly loan status, days past due, remaining installments and recent/last-loan deterioration. Delinquency rates and last-three-month windows use distinct applicant months; record counts retain account-month grain."
credit_card_recent_utilization_delta,Credit card recent utilization delta,credit_card,Credit-card monthly history,"Balances, limits, utilization, drawings, payment support and delinquency, with recent and last-loan summaries."
credit_card_recent_balance_ratio_delta,Credit card recent balance ratio delta,credit_card,Credit-card monthly history,"Balances, limits, utilization, drawings, payment support and delinquency, with recent and last-loan summaries."
credit_card_recent_drawings_ratio_delta,Credit card recent drawings ratio delta,credit_card,Credit-card monthly history,"Balances, limits, utilization, drawings, payment support and delinquency, with recent and last-loan summaries."
credit_card_recent_dpd_rate_delta,Credit card recent dpd rate delta,credit_card,Credit-card monthly history,"Balances, limits, utilization, drawings, payment support and delinquency, with recent and last-loan summaries."
installments_last_3_late_payment_rate,Installments last 3 late payment rate,installments,Installment repayment history,"Payment timing, shortfalls, arrears and recent repayment behavior. Obligations are counted once across split payments; ambiguity and unknown payment support remain explicit."
installments_last_3_underpayment_rate,Installments last 3 underpayment rate,installments,Installment repayment history,"Payment timing, shortfalls, arrears and recent repayment behavior. Obligations are counted once across split payments; ambiguity and unknown payment support remain explicit."
installments_last_3_avg_payment_delay_days,Installments last 3 avg payment delay days,installments,Installment repayment history,"Payment timing, shortfalls, arrears and recent repayment behavior. Obligations are counted once across split payments; ambiguity and unknown payment support remain explicit."
installments_last_3_payment_amount_ratio,Installments last 3 payment amount ratio,installments,Installment repayment history,"Payment timing, shortfalls, arrears and recent repayment behavior. Obligations are counted once across split payments; ambiguity and unknown payment support remain explicit."
installments_last_payment_delay_days,Installments last payment delay days,installments,Installment repayment history,"Payment timing, shortfalls, arrears and recent repayment behavior. Obligations are counted once across split payments; ambiguity and unknown payment support remain explicit."
installments_last_payment_ratio,Installments last payment ratio,installments,Installment repayment history,"Payment timing, shortfalls, arrears and recent repayment behavior. Obligations are counted once across split payments; ambiguity and unknown payment support remain explicit."
pos_cash_last_3_dpd_rate,Pos cash last 3 dpd rate,pos_cash,Cash-loan monthly history,"Monthly loan status, days past due, remaining installments and recent/last-loan deterioration. Delinquency rates and last-three-month windows use distinct applicant months; record counts retain account-month grain."
pos_cash_last_3_dpd_def_rate,Pos cash last 3 dpd def rate,pos_cash,Cash-loan monthly history,"Monthly loan status, days past due, remaining installments and recent/last-loan deterioration. Delinquency rates and last-three-month windows use distinct applicant months; record counts retain account-month grain."
pos_cash_last_3_future_installment_ratio,Pos cash last 3 future installment ratio,pos_cash,Cash-loan monthly history,"Monthly loan status, days past due, remaining installments and recent/last-loan deterioration. Delinquency rates and last-three-month windows use distinct applicant months; record counts retain account-month grain."
pos_cash_last_3_dpd_rate_delta,Pos cash last 3 dpd rate delta,pos_cash,Cash-loan monthly history,"Monthly loan status, days past due, remaining installments and recent/last-loan deterioration. Delinquency rates and last-three-month windows use distinct applicant months; record counts retain account-month grain."
pos_cash_last_loan_dpd_rate,Pos cash last loan dpd rate,pos_cash,Cash-loan monthly history,"Monthly loan status, days past due, remaining installments and recent/last-loan deterioration. Delinquency rates and last-three-month windows use distinct applicant months; record counts retain account-month grain."
credit_card_last_3_credit_utilization,Credit card last 3 credit utilization,credit_card,Credit-card monthly history,"Balances, limits, utilization, drawings, payment support and delinquency, with recent and last-loan summaries."
credit_card_last_3_payment_to_min_ratio,Credit card last 3 payment to min ratio,credit_card,Credit-card monthly history,"Balances, limits, utilization, drawings, payment support and delinquency, with recent and last-loan summaries."
credit_card_last_3_drawing_count,Credit card last 3 drawing count,credit_card,Credit-card monthly history,"Balances, limits, utilization, drawings, payment support and delinquency, with recent and last-loan summaries."
credit_card_last_3_dpd_rate,Credit card last 3 dpd rate,credit_card,Credit-card monthly history,"Balances, limits, utilization, drawings, payment support and delinquency, with recent and last-loan summaries."
credit_card_last_3_utilization_delta,Credit card last 3 utilization delta,credit_card,Credit-card monthly history,"Balances, limits, utilization, drawings, payment support and delinquency, with recent and last-loan summaries."
previous_application_count,Previous application count,previous_applications,Previous loan applications,"Prior Home Credit application outcomes, requested and granted amounts, approval/refusal rates and relative decision dates."
approved_application_count,Approved application count,previous_applications,Previous loan applications,"Prior Home Credit application outcomes, requested and granted amounts, approval/refusal rates and relative decision dates."
refused_application_count,Refused application count,previous_applications,Previous loan applications,"Prior Home Credit application outcomes, requested and granted amounts, approval/refusal rates and relative decision dates."
canceled_application_count,Canceled application count,previous_applications,Previous loan applications,"Prior Home Credit application outcomes, requested and granted amounts, approval/refusal rates and relative decision dates."
approval_rate,Approval rate,previous_applications,Previous loan applications,"Prior Home Credit application outcomes, requested and granted amounts, approval/refusal rates and relative decision dates."
refusal_rate,Refusal rate,previous_applications,Previous loan applications,"Prior Home Credit application outcomes, requested and granted amounts, approval/refusal rates and relative decision dates."
avg_application_amount,Avg application amount,previous_applications,Previous loan applications,"Prior Home Credit application outcomes, requested and granted amounts, approval/refusal rates and relative decision dates."
avg_previous_credit_amount,Avg previous credit amount,previous_applications,Previous loan applications,"Prior Home Credit application outcomes, requested and granted amounts, approval/refusal rates and relative decision dates."
total_previous_credit_amount,Total previous credit amount,previous_applications,Previous loan applications,"Prior Home Credit application outcomes, requested and granted amounts, approval/refusal rates and relative decision dates."
avg_credit_to_application_ratio,Prior granted credit / requested amount,previous_applications,Previous loan applications,"Prior Home Credit application outcomes, requested and granted amounts, approval/refusal rates and relative decision dates."
avg_days_decision,Avg days decision,previous_applications,Previous loan applications,"Prior Home Credit application outcomes, requested and granted amounts, approval/refusal rates and relative decision dates."
earliest_days_decision,Earliest days decision,previous_applications,Previous loan applications,"Prior Home Credit application outcomes, requested and granted amounts, approval/refusal rates and relative decision dates."
latest_days_decision,Latest days decision,previous_applications,Previous loan applications,"Prior Home Credit application outcomes, requested and granted amounts, approval/refusal rates and relative decision dates."
installment_payment_count,Installment payment count,installments,Installment repayment history,"Payment timing, shortfalls, arrears and recent repayment behavior. Obligations are counted once across split payments; ambiguity and unknown payment support remain explicit."
installment_obligation_count,Installment obligation count,installments,Installment repayment history,"Payment timing, shortfalls, arrears and recent repayment behavior. Obligations are counted once across split payments; ambiguity and unknown payment support remain explicit."
installment_ambiguous_obligation_count,Installment ambiguous obligation count,installments,Installment repayment history,"Payment timing, shortfalls, arrears and recent repayment behavior. Obligations are counted once across split payments; ambiguity and unknown payment support remain explicit."
installment_unknown_payment_obligation_count,Installment unknown payment obligation count,installments,Installment repayment history,"Payment timing, shortfalls, arrears and recent repayment behavior. Obligations are counted once across split payments; ambiguity and unknown payment support remain explicit."
installment_known_payment_obligation_count,Installment known payment obligation count,installments,Installment repayment history,"Payment timing, shortfalls, arrears and recent repayment behavior. Obligations are counted once across split payments; ambiguity and unknown payment support remain explicit."
installment_ongoing_arrears_count,Installment ongoing arrears count,installments,Installment repayment history,"Payment timing, shortfalls, arrears and recent repayment behavior. Obligations are counted once across split payments; ambiguity and unknown payment support remain explicit."
installment_avg_arrears_age_days,Installment avg arrears age days,installments,Installment repayment history,"Payment timing, shortfalls, arrears and recent repayment behavior. Obligations are counted once across split payments; ambiguity and unknown payment support remain explicit."
late_payment_count,Late payment count,installments,Installment repayment history,"Payment timing, shortfalls, arrears and recent repayment behavior. Obligations are counted once across split payments; ambiguity and unknown payment support remain explicit."
avg_payment_delay_days,Avg payment delay days,installments,Installment repayment history,"Payment timing, shortfalls, arrears and recent repayment behavior. Obligations are counted once across split payments; ambiguity and unknown payment support remain explicit."
max_payment_delay_days,Max payment delay days,installments,Installment repayment history,"Payment timing, shortfalls, arrears and recent repayment behavior. Obligations are counted once across split payments; ambiguity and unknown payment support remain explicit."
underpayment_count,Underpayment count,installments,Installment repayment history,"Payment timing, shortfalls, arrears and recent repayment behavior. Obligations are counted once across split payments; ambiguity and unknown payment support remain explicit."
total_instalment_amount,Total instalment amount,installments,Installment repayment history,"Payment timing, shortfalls, arrears and recent repayment behavior. Obligations are counted once across split payments; ambiguity and unknown payment support remain explicit."
total_payment_amount,Total payment amount,installments,Installment repayment history,"Payment timing, shortfalls, arrears and recent repayment behavior. Obligations are counted once across split payments; ambiguity and unknown payment support remain explicit."
payment_amount_ratio,Payment amount ratio,installments,Installment repayment history,"Payment timing, shortfalls, arrears and recent repayment behavior. Obligations are counted once across split payments; ambiguity and unknown payment support remain explicit."
avg_payment_to_instalment_ratio,Avg payment to instalment ratio,installments,Installment repayment history,"Payment timing, shortfalls, arrears and recent repayment behavior. Obligations are counted once across split payments; ambiguity and unknown payment support remain explicit."
external_score_credit_pressure,Credit amount relative to external-score support,cross_source,Combined financial pressure,Ratios combining external scores or application income/credit with bureau debt and installment payment shortfall. These groups overlap information sources.
external_score_annuity_pressure,Annuity relative to external-score support,cross_source,Combined financial pressure,Ratios combining external scores or application income/credit with bureau debt and installment payment shortfall. These groups overlap information sources.
bureau_debt_to_income_ratio,Bureau debt relative to income,cross_source,Combined financial pressure,Ratios combining external scores or application income/credit with bureau debt and installment payment shortfall. These groups overlap information sources.
payment_shortfall_ratio,Installment payment shortfall ratio,cross_source,Combined financial pressure,Ratios combining external scores or application income/credit with bureau debt and installment payment shortfall. These groups overlap information sources.
