level,input_key,fold_mean,fold_sd,fold_min,fold_max
feature,AMT_ANNUITY,0.0741676321722139,0.013852707900001681,0.051850733682332055,0.08677434797621174
feature,AMT_CREDIT,0.06627121410435967,0.010511483740496002,0.05342992763765082,0.08234333510832624
feature,AMT_GOODS_PRICE,0.08042072574434048,0.01299397573270466,0.05882470106577451,0.0926164119207742
feature,AMT_INCOME_TOTAL,0.007374747260864798,0.0036343681904056607,0.0030002097189576766,0.012894516549298553
feature,DAYS_ID_PUBLISH,0.02624462732054799,0.008007115818246762,0.015688023081338952,0.03567671792674253
feature,DAYS_LAST_PHONE_CHANGE,0.012040002821898318,0.002818724800318961,0.009538200979090214,0.016456071941566498
feature,DAYS_REGISTRATION,0.022022048604233912,0.0024744269015268376,0.01929847789557545,0.025290855289769446
feature,EXT_SOURCE_1,0.024021112602239582,0.004671709127715428,0.02043309889324791,0.031987295672071245
feature,EXT_SOURCE_2,0.026009767293055708,0.00472998228157514,0.019313193652972033,0.032536527909604145
feature,EXT_SOURCE_3,0.03751663646638943,0.007203540852333626,0.03222035200932061,0.048982315191010976
feature,FLAG_OWN_CAR,0.020792332647975895,0.00369101368507958,0.015352003474855325,0.024816077874580584
feature,FLAG_OWN_REALTY,0.0011454592904258918,0.0015655035255906192,0.00022437388334654526,0.003908156407381132
feature,HOUR_APPR_PROCESS_START,0.006065286056756311,0.0063363936227390835,0.0016017666547541447,0.016688370419721817
feature,NAME_CONTRACT_TYPE,0.016130671400014483,0.0045895980643250135,0.011176184395315123,0.022838765650803686
feature,NAME_EDUCATION_TYPE,0.08476346407957197,0.008221788636041914,0.07664826043899355,0.09683887601884121
feature,NAME_HOUSING_TYPE,0.002790445721277164,0.0019185134138275653,0.0012643063669001177,0.005891343409909386
feature,NAME_INCOME_TYPE,0.06280426726962438,0.009646728905295839,0.05012842082404853,0.07558253440084615
feature,OCCUPATION_TYPE,0.04824794422115457,0.01080331179845337,0.03468669150682702,0.06401964529242218
feature,ORGANIZATION_TYPE,0.04676993246633079,0.013426317973834317,0.028347326645978926,0.06493863075802139
feature,OWN_CAR_AGE,0.03525170853311628,0.007352649210948688,0.027222597698387686,0.04526961561971605
feature,REGION_POPULATION_RELATIVE,0.014434832040606537,0.011028915889769867,0.005974495500562926,0.032674011613146155
feature,REGION_RATING_CLIENT,0.003629573123762285,0.0020377458463722623,0.0014964135537588426,0.0060636876454281926
feature,REGION_RATING_CLIENT_W_CITY,0.020338973793647935,0.0021958056182876436,0.01695062949045082,0.022336931791791456
feature,active_credit_count,0.016339199250316044,0.0037228446224220452,0.012570237172867538,0.021561846814283813
feature,annuity_to_income_ratio,0.006743344074440448,0.002988124686809963,0.003051928282291376,0.011327099203079503
feature,approval_rate,0.011009015684420422,0.005205489918925425,0.00810122932512992,0.02029736028414411
feature,approved_application_count,0.0014500821069687718,0.0007812598422392841,0.00011687119884194017,0.002036409167850456
feature,avg_application_amount,0.00663794440481888,0.002915688569569081,0.002941283464504829,0.010700300091870044
feature,avg_credit_sum,0.014794692114884923,0.004078961654706254,0.0117317666435719,0.021785221482547953
feature,avg_credit_to_application_ratio,0.09539567332722718,0.003018480907611895,0.09209253890216283,0.09824693416783131
feature,avg_days_credit,0.01952244283148229,0.004888785436366121,0.014056503423717196,0.02580283227287898
feature,avg_days_credit_enddate,0.026704740831166675,0.0033339231133162122,0.022226309935575783,0.031016121978778493
feature,avg_days_decision,0.006443104924377758,0.0006603165489384731,0.005696170713660735,0.007447490722384482
feature,avg_days_enddate_fact,0.013775195001458785,0.0018578484871015378,0.011398751534153715,0.01560467429246921
feature,avg_payment_delay_days,0.014084772766370861,0.0033805120652973734,0.008954480136621706,0.017781872204609136
feature,avg_payment_to_instalment_ratio,0.0005124937966474304,0.00041021618708320166,0.00021445530078403386,0.001224845461364757
feature,avg_previous_credit_amount,0.0033432301798872674,0.0021742810782031156,0.0015739091899274105,0.007087799857750348
feature,bureau_balance_avg_numeric_status,0.0008703526840988884,0.0007406187109066816,0.0002489465622440816,0.001982623265594372
feature,bureau_balance_bureau_count,0.0006832294076444525,0.0007326377539108148,3.60735960315778e-05,0.0018129236927244062
feature,bureau_balance_closed_month_count,0.002139033274773376,0.0014862950304709785,0.0009834461803862311,0.0038985317757565877
feature,bureau_balance_dpd_0_count,0.004639682488848585,0.0017333770101153859,0.002567048413580496,0.006195145972889269
feature,bureau_balance_dpd_1plus_count,0.0003538664791254758,0.00024370231963891486,3.601026809151636e-05,0.0007023199451625092
feature,bureau_balance_dpd_1plus_rate,0.0021088823374618036,0.00040778190466236733,0.0015963513874802401,0.0025513693756099866
feature,bureau_balance_dpd_2plus_count,5.1520113235926185e-05,9.138976160718277e-05,0.0,0.00021371998063341507
feature,bureau_balance_dpd_2plus_rate,0.0003320681785136819,0.00023650373114229305,8.985797835218498e-05,0.0007253104103083592
feature,bureau_balance_dpd_5plus_count,1.4647538761338894e-05,3.2752892373416834e-05,0.0,7.323769380669447e-05
feature,bureau_balance_earliest_month,0.005582567109143541,0.002100671139746259,0.003319633534975288,0.00863344706272881
feature,bureau_balance_latest_month,0.0003435161670461399,0.0002697709645183379,3.798688893282825e-05,0.000672261997385442
feature,bureau_balance_max_status,8.205432222525463e-05,0.00011287143563617222,0.0,0.0002203510193545676
feature,bureau_balance_month_count,0.0029132092760064477,0.0018164504233705208,0.00036302391608149964,0.004851213910428015
feature,bureau_balance_recent_dpd_1plus_count,5.9114077149956085e-05,6.125948872418629e-05,0.0,0.00014555827923539956
feature,bureau_balance_recent_dpd_1plus_rate,0.00013334490685963768,0.00013723642012802465,0.0,0.0003496043523932818
feature,bureau_balance_recent_dpd_rate_delta,0.0009583074399938546,0.0005779505119319322,0.0003793441103072576,0.001793397704257517
feature,bureau_balance_recent_known_month_count,0.0030634067948134827,0.0021452812440322195,0.0006653627496768614,0.006061035623028354
feature,bureau_balance_recent_month_count,0.0022388374922492045,0.002069753238984735,0.0005129380592522139,0.005542729255459076
feature,bureau_balance_recent_status_delta,0.0004462263105025432,0.0003687894250760906,5.7122554354829733e-05,0.0009615658775947044
feature,bureau_balance_unknown_month_count,0.0038756232878061916,0.003069606103382388,0.0006354729812226284,0.008284117993789369
feature,bureau_credit_count,0.004472362825778451,0.0033566475403477986,0.0016907669168627763,0.009480595524351456
feature,bureau_debt_to_income_ratio,0.030450904809660218,0.005078428930251078,0.024863445150933337,0.035673304856389275
feature,canceled_application_count,0.0006049020551908859,0.0005548096891340538,9.84245175598577e-05,0.0012251873133339313
feature,closed_credit_count,0.02148983434560895,0.004317007795455234,0.016254758213950418,0.025680064862704337
feature,credit_card_active_month_count,0.0010855281923772859,0.0006617027682270842,0.0005452109267405658,0.00199906656218357
feature,credit_card_avg_balance,0.0017071694447501223,0.0010626231533745736,0.0010948699148553413,0.003602389761756775
feature,credit_card_avg_credit_limit,0.0025998120853848034,0.0011703284399691319,0.0016689633876654875,0.004560482780268995
feature,credit_card_avg_credit_utilization,0.003273068019799452,0.0009687505941927331,0.0024946776692645846,0.004868033808626598
feature,credit_card_avg_dpd,0.00024048389105598545,0.00017882978990652987,2.3370574418018378e-05,0.0004939051797138266
feature,credit_card_avg_dpd_def,0.0008044138626829176,0.0003013228752749931,0.0003312739782981882,0.0011577010247960499
feature,credit_card_avg_drawing_count,0.017431641320725992,0.003890209301563456,0.011749155348942051,0.021369617694089182
feature,credit_card_avg_drawings_current,0.006809566111248569,0.004810711502668062,0.002646581627723633,0.014768990424070249
feature,credit_card_avg_total_receivable,0.0015181964675062489,0.0005967843178569465,0.0008851160418446923,0.0024398228041682775
feature,credit_card_balance_to_limit_ratio,0.01413890155774623,0.006322340112954669,0.010335487099951003,0.02536641575128105
feature,credit_card_completed_month_count,0.00012583369285091862,9.40066754435613e-05,0.0,0.00021705188932887682
feature,credit_card_completed_month_rate,0.000163246276245894,0.00022247745708813742,0.0,0.0005416670473522053
feature,credit_card_contract_count,0.0,0.0,0.0,0.0
feature,credit_card_dpd_def_month_count,7.598750480196901e-05,0.00010654828105185209,0.0,0.00022240630302762022
feature,credit_card_dpd_def_month_rate,0.0004122544020261699,0.00019139330977593864,0.0001827149988896701,0.0006005415078293319
feature,credit_card_dpd_month_count,0.00023380181130741663,0.0003192814004976418,0.0,0.0007758418714498217
feature,credit_card_dpd_month_rate,0.00030701494849192144,0.0002569691427954151,3.242160709252011e-05,0.0006498852016461788
feature,credit_card_earliest_month,0.0011136676070470607,0.0007121739831445204,0.00020097479536104924,0.002180424858789669
feature,credit_card_last_3_credit_utilization,0.03388167418252872,0.006896207312072289,0.023347067085208797,0.04159909012413797
feature,credit_card_last_3_dpd_rate,1.6448040085869624e-05,1.596377906052502e-05,0.0,3.550166850448736e-05
feature,credit_card_last_3_drawing_count,0.006393629338076491,0.002712127698741577,0.0037458249846607098,0.010635069902963482
feature,credit_card_last_3_payment_to_min_ratio,0.009289578449335218,0.003215301817174095,0.004881500885820765,0.013448327975706985
feature,credit_card_last_3_utilization_delta,0.004374455009979278,0.0029005973336270357,0.0004618961732960083,0.008556528681165803
feature,credit_card_latest_month,0.000299751801164957,0.00029516571391925884,3.8600874631385e-05,0.0007646830219104752
feature,credit_card_max_balance,0.00632594034729495,0.002014475377302612,0.0032694320470606363,0.008361326117070716
feature,credit_card_max_credit_limit,0.000573710580368508,0.00041011616432798034,0.00018940229537962042,0.0012124926602833613
feature,credit_card_max_dpd,0.00013313250110147875,0.00015332890984059695,0.0,0.0003925147487757981
feature,credit_card_max_dpd_def,0.0,0.0,0.0,0.0
feature,credit_card_month_count,0.0013723600450308183,0.0008300948256875592,0.00030455075732672835,0.002429761095607445
feature,credit_card_payment_to_min_ratio,0.0015446127410751452,0.0007423285932430034,0.000992327159315188,0.0028273954199175963
feature,credit_card_problem_status_month_count,0.0,0.0,0.0,0.0
feature,credit_card_recent_balance_ratio_delta,0.00044118496173540687,0.00018963757869305174,0.00021766727325260102,0.0007315276548818625
feature,credit_card_recent_dpd_month_count,3.519127811880969e-05,3.3622749004487655e-05,0.0,6.968520112982211e-05
feature,credit_card_recent_dpd_month_rate,3.0323966925877207e-05,2.9330263003422997e-05,0.0,6.016836460161425e-05
feature,credit_card_recent_dpd_rate_delta,0.0007077866162448921,0.00038697201674302295,0.0001224743640069179,0.001192425620582414
feature,credit_card_recent_drawings_ratio_delta,0.004787020868653806,0.002511246461367466,0.0011271815516660936,0.007794010639502943
feature,credit_card_recent_month_count,0.0002893945783401317,0.00037008045167183265,0.0,0.0007043284996037648
feature,credit_card_recent_utilization_delta,0.0009040134803069211,0.0006919500834413214,0.00022115551024686045,0.0017111213318484351
feature,credit_card_total_drawing_count,0.002879450557833955,0.0018085182236863852,0.0010225077895478416,0.005627577703683533
feature,credit_card_total_drawings_current,0.0013360196553437115,0.0006175390232412558,0.0005083465554997335,0.001983289098051214
feature,credit_card_total_payment_to_min_ratio,0.0008638015215446136,0.0004277755653647351,0.0004574791205766348,0.0014216200053878505
feature,credit_card_total_receivable,0.0024173391266322916,0.0010401977703399174,0.0009138862126629243,0.0036057660864796844
feature,credit_to_income_ratio,0.007466333182197397,0.00417698693311449,0.002548565480742834,0.013881357595998133
feature,earliest_days_credit,0.006890203595234795,0.00384584638248668,0.004545223539618804,0.01369637814175956
feature,earliest_days_decision,0.006527425429418117,0.0016553606211240366,0.005237343244441379,0.009184822495935914
feature,employment_length_days,0.10503116158141804,0.008000359781916943,0.09600502417428895,0.11411112333432148
feature,ext_source_max,0.07796001443949038,0.010225514354666421,0.06872352968572712,0.09316673330081131
feature,ext_source_mean,0.3824779319376418,0.010961666629744914,0.36991326260542867,0.39542294564421737
feature,ext_source_min,0.06456841631894553,0.007022274251771925,0.05394128667760616,0.07313174365258893
feature,ext_source_missing_count,0.03232021615463164,0.00640277237008098,0.025929921466826378,0.03962067480723355
feature,external_score_annuity_pressure,0.03681912331862002,0.0067188619008643445,0.026460819055737207,0.043778711428163815
feature,external_score_credit_pressure,0.026702581686741868,0.00255711575916492,0.02389254278352131,0.030804734127432683
feature,goods_price_to_income_ratio,0.00983156755158957,0.004819273932369995,0.0035762978128778735,0.017114626836180164
feature,installment_ambiguous_obligation_count,0.035697813313752734,0.005813193496981048,0.0311591549111705,0.04546212817903432
feature,installment_avg_arrears_age_days,0.009723733656038713,0.0026969059745497025,0.006318520835294528,0.012499741859687118
feature,installment_known_payment_obligation_count,0.005948064574328211,0.0026324748759164484,0.0035817520706373355,0.010368895388110902
feature,installment_obligation_count,0.013096504024606142,0.005838883476693651,0.005883089432713379,0.018980480750178746
feature,installment_ongoing_arrears_count,0.0012443247490631446,0.0009937914505596928,4.908286892547097e-05,0.0025848650547227524
feature,installment_payment_count,0.004535210396797487,0.0027404348407445,0.002285836226489294,0.008819505859738985
feature,installment_unknown_payment_obligation_count,0.001339332862911317,0.0008097193375253185,0.00043620662960272176,0.0022461514190175217
feature,installments_last_3_avg_payment_delay_days,0.030151631780627648,0.005067677518148459,0.02380096711531199,0.03700010577167452
feature,installments_last_3_late_payment_rate,0.034775128633086974,0.005742900456071295,0.0272792561649283,0.04277664830417879
feature,installments_last_3_payment_amount_ratio,4.6444149316644726e-05,0.00010385227502916801,0.0,0.00023222074658322362
feature,installments_last_3_underpayment_rate,0.0001249094137575195,0.00015510576739705736,0.0,0.0003322119775879576
feature,installments_last_payment_delay_days,0.00039897887379716746,0.00034778018469738164,7.340407555214144e-05,0.0009881868598066062
feature,installments_last_payment_ratio,1.5139955810327006e-05,2.377311789199483e-05,0.0,5.430448725239276e-05
feature,late_payment_count,0.038649617981652486,0.009970806360615175,0.023283401960719634,0.05026252458168303
feature,latest_days_credit,0.030078239549705614,0.001868644979359105,0.02699997690916554,0.03141766328298976
feature,latest_days_decision,0.0043014428421126755,0.0017865099469109367,0.0027261159290291877,0.007101752210576524
feature,max_credit_day_overdue,5.739450400302764e-05,8.047634586886471e-05,0.0,0.0001679791243201489
feature,max_payment_delay_days,0.053440410047628194,0.01365040255315862,0.04023200825298046,0.06821422323937867
feature,overdue_credit_count,0.0,0.0,0.0,0.0
feature,payment_amount_ratio,0.0007270641680410646,0.00030291854737834534,0.00035387535724210463,0.0011522419106968196
feature,payment_shortfall_ratio,0.0007809802404038322,0.0004278717192246191,0.0004069956305168524,0.0015147613651401806
feature,pos_cash_active_month_count,0.016997117253809764,0.0024200577849135168,0.015270285308938845,0.021225327923671336
feature,pos_cash_avg_dpd,0.0009484771655555851,0.0006655994388686169,0.00011670730837966423,0.001863278852339289
feature,pos_cash_avg_dpd_def,0.008389662023917383,0.001763605180374471,0.0054091892517808115,0.009853795905455555
feature,pos_cash_avg_future_installments,0.07666995148269125,0.005765041257420661,0.06742911236560946,0.08130200440013562
feature,pos_cash_avg_instalment_count,0.008127506056503501,0.0036499687199115843,0.004777927243598742,0.014281017276111032
feature,pos_cash_completed_month_count,0.0011002940064542192,0.0003952062634434115,0.0007193048706300876,0.001738244746899816
feature,pos_cash_completed_month_rate,0.0053752581918905425,0.0017195959405466687,0.0035089915285888003,0.007162746964858823
feature,pos_cash_contract_count,0.006817524883708364,0.003566102054952975,0.0032033028528388914,0.012711272924111604
feature,pos_cash_dpd_def_month_count,0.0001977045077292228,0.00018542876424637082,0.0,0.0004976295854343395
feature,pos_cash_dpd_def_month_rate,0.0013152743463418846,0.000830402703933323,0.0005585346891031599,0.0023334076971358027
feature,pos_cash_dpd_month_count,0.0003971577965602194,0.00036538614254949563,5.345516626897041e-05,0.0010089775138602914
feature,pos_cash_dpd_month_rate,0.0008463404116672398,0.000800793856918717,0.00010657190948986216,0.002168088980452447
feature,pos_cash_earliest_month,0.015871922727032826,0.005234863958527099,0.008840560883144721,0.022627462009621666
feature,pos_cash_last_3_dpd_def_rate,0.0007324044365230374,0.000816194344053174,0.0,0.0021182737633991333
feature,pos_cash_last_3_dpd_rate,0.0003445735499516221,0.00047520727972710433,0.0,0.0011278485677765821
feature,pos_cash_last_3_dpd_rate_delta,0.0008622651124531794,0.0007319620177663628,0.00020862805138686843,0.002107049759827197
feature,pos_cash_last_3_future_installment_ratio,0.0738851381751846,0.005673123275615249,0.06887050353922437,0.08318204216205588
feature,pos_cash_last_loan_dpd_rate,0.013428827247487524,0.0020438354688083714,0.011440334912558985,0.01660895790840493
feature,pos_cash_latest_month,0.03236051562517077,0.006660375617324399,0.024285925750658046,0.041650908301477683
feature,pos_cash_max_dpd,0.0005949972064739545,0.0003324518968478266,0.00033166276189411495,0.0009667029471787668
feature,pos_cash_max_dpd_def,0.0049368237899353445,0.001164001031374916,0.003945149629919279,0.006303730835242368
feature,pos_cash_month_count,0.010183185666424652,0.001369170299298989,0.008221964218256427,0.0117372000072712
feature,pos_cash_problem_status_month_count,0.0019245895352919186,0.0020331473150559925,0.00030109066482739735,0.0047539007288228356
feature,pos_cash_recent_dpd_month_count,0.0009964300751671112,0.0006785247272003696,5.457030287357777e-05,0.0019257717679563645
feature,pos_cash_recent_dpd_month_rate,0.002305794802411907,0.0011480895052183283,0.0007541642594723073,0.0036942580050641893
feature,pos_cash_recent_dpd_rate_delta,0.0024244084169344478,0.0003767561149637004,0.0020306064493182223,0.0029119120432852517
feature,pos_cash_recent_month_count,0.021908093912001096,0.0065973321405677155,0.01063136493661965,0.027836110806309614
feature,pos_cash_remaining_installment_ratio_delta,0.00917735692703062,0.002141081074821291,0.005912969985226096,0.011669427807919876
feature,previous_application_count,0.003553189351119688,0.004186574486880023,0.0006504037562235702,0.010948971419888704
feature,refusal_rate,0.05532636511400223,0.011674200378788439,0.038046376320343196,0.06491236927345308
feature,refused_application_count,0.008639040757982865,0.00621661739907021,0.0028138841148103084,0.01924256285370767
feature,total_credit_debt,0.03239404462183369,0.008217928180483206,0.02719628597419585,0.0468326082366773
feature,total_credit_limit,0.010676842784540461,0.005483440449604671,0.005916005190944404,0.02001423259747241
feature,total_credit_overdue,0.0015956824059709454,0.00037504529473815626,0.001054790224995645,0.0019526723061903295
feature,total_credit_sum,0.014697297754876909,0.002219912221708172,0.011899391708714948,0.017133583101987794
feature,total_instalment_amount,0.04481104463936147,0.004939290891249006,0.03956257676861217,0.05200071097847994
feature,total_payment_amount,0.040162347496094854,0.007748798552085903,0.028674545224111468,0.04829621300584169
feature,total_previous_credit_amount,0.005621273085029631,0.0017783209505268024,0.004058960773590271,0.008605837599879474
feature,underpayment_count,0.0010018735063943305,0.0008177238395203776,0.0003182011255688201,0.0024204942248102607
source_group,application,0.780778295062369,0.07490751318368102,0.6738501276485762,0.8708986918522637
source_group,bureau,0.24437766210312137,0.025601188665822387,0.21313494068359187,0.2817979685466774
source_group,credit_card,0.1309374068437708,0.016512555073700183,0.11388141330097426,0.15767807877213255
source_group,cross_source,0.09475359005542594,0.010510425145690413,0.07915650296267766,0.10713266179112377
source_group,external_scores,0.6448740952123941,0.02076663349025867,0.6225705175342597,0.6762425804885842
source_group,installments,0.3304868407860847,0.013788363554325984,0.3195389308542228,0.3527051849762565
source_group,pos_cash,0.3191195953323038,0.02027934106577379,0.2963922161121026,0.34799815237831866
source_group,previous_applications,0.20885268926255635,0.013576842659587897,0.19629953903607164,0.2305808891826114
