workflow,split_seed,outer_fold,candidate_name,feature_set,weight_fraction,selected,rounds_median,rounds_min,rounds_max,cv_seconds,mean_pr_auc,mean_brier_score,mean_log_loss,mean_prevalence_brier_score,mean_prevalence_log_loss
history_selected,42,1,random_01_top_40,top_40,0.0,False,390,362,392,6.7203822997398674,0.2553787883219665,0.06715105882759845,0.24274687302143352,0.07420823875078343,0.28053582940611954
history_selected,42,1,random_02_top_80,top_80,0.0,False,493,470,563,12.508828099817038,0.25996251991996033,0.06690113990301438,0.2415026477848201,0.07420823875078343,0.28053582940611954
history_selected,42,1,random_03_full,full,0.0,False,377,330,385,18.102742000017315,0.2612581063276013,0.06685783160520549,0.24132372707354902,0.07420823875078343,0.28053582940611954
history_selected,42,1,random_04_top_40,top_40,0.25,False,117,91,149,3.491252599749714,0.25083115272547785,0.08854026713912617,0.30991014516982923,0.07420823875078343,0.28053582940611954
history_selected,42,1,random_05_top_80,top_80,0.25,False,89,71,146,6.574791499879211,0.2530865133799353,0.08539881131792103,0.29834578670900536,0.07420823875078343,0.28053582940611954
history_selected,42,1,random_06_full,full,0.25,False,118,106,128,9.870156499790028,0.25913602472385666,0.08634151339952294,0.3013902502318409,0.07420823875078343,0.28053582940611954
history_selected,42,1,random_07_top_40,top_40,0.5,False,154,150,164,3.8148630000650883,0.2531872794081192,0.12309999320049896,0.39885863990003445,0.07420823875078343,0.28053582940611954
history_selected,42,1,random_08_top_80,top_80,0.5,False,178,135,329,9.440185799729079,0.2564238095211781,0.11422921882616309,0.3736073470441063,0.07420823875078343,0.28053582940611954
history_selected,42,1,random_09_full,full,0.5,False,255,231,281,9.19024040014483,0.2583498496175031,0.12096326476512788,0.3937930264576617,0.07420823875078343,0.28053582940611954
history_selected,42,1,random_10_top_40,top_40,1.0,False,180,172,270,6.214751000050455,0.25432042096432245,0.16823118541021742,0.5058479755824794,0.07420823875078343,0.28053582940611954
history_selected,42,1,random_11_top_80,top_80,1.0,False,140,125,188,5.626186499837786,0.25350531263489645,0.18066526064588995,0.5348869714008354,0.07420823875078343,0.28053582940611954
history_selected,42,1,random_12_full,full,1.0,False,235,224,321,10.503337000031024,0.25775211589567454,0.17751397414128148,0.5277548816697983,0.07420823875078343,0.28053582940611954
history_selected,42,1,random_13_top_40,top_40,0.0,False,174,149,251,5.547535400139168,0.2522770209130267,0.06731784871029524,0.2433791042133532,0.07420823875078343,0.28053582940611954
history_selected,42,1,random_14_top_80,top_80,0.0,False,213,136,286,7.077037799870595,0.25708729639738565,0.06700829352116247,0.24188937939901542,0.07420823875078343,0.28053582940611954
history_selected,42,1,random_15_full,full,0.0,True,537,527,584,16.294867699733004,0.2622368622113362,0.06681127276074868,0.2412480212683714,0.07420823875078343,0.28053582940611954
history_selected,42,1,random_16_top_40,top_40,0.25,False,272,220,369,7.5450456996914,0.2519777814486787,0.08710469731924884,0.3065978291752968,0.07420823875078343,0.28053582940611954
history_selected,42,1,random_17_top_80,top_80,0.25,False,98,85,153,6.821254200302064,0.2507844603449229,0.08615804197035933,0.3000165143627103,0.07420823875078343,0.28053582940611954
history_selected,42,1,random_18_full,full,0.25,False,208,193,249,13.355796700110659,0.26000321911541163,0.0851181887266349,0.2981750072480373,0.07420823875078343,0.28053582940611954
history_selected,42,1,random_19_top_40,top_40,0.5,False,163,142,237,5.289279599906877,0.2523399661037851,0.11809048183570536,0.38399785796860186,0.07420823875078343,0.28053582940611954
history_selected,42,1,random_20_top_80,top_80,0.5,False,200,176,328,10.413295099977404,0.25399486243539343,0.11635449028662866,0.3800802052376699,0.07420823875078343,0.28053582940611954
history_selected,42,1,random_21_full,full,0.5,False,286,208,353,14.379148400155827,0.2542712417044564,0.11525574308936902,0.38050093012535874,0.07420823875078343,0.28053582940611954
history_selected,42,1,random_22_top_40,top_40,1.0,False,169,123,186,4.592762100044638,0.2524520938516531,0.17700121661872092,0.5271144705922421,0.07420823875078343,0.28053582940611954
history_selected,42,1,random_23_top_80,top_80,1.0,False,250,236,289,9.544231800129637,0.25470424164021216,0.1660815285931072,0.501336659854403,0.07420823875078343,0.28053582940611954
history_selected,42,1,random_24_full,full,1.0,False,290,247,347,11.091097500175238,0.2594203512677368,0.18028596291594087,0.5345288833630937,0.07420823875078343,0.28053582940611954
application_only,42,1,random_01_full,full,0.0,False,199,96,267,3.3638247998896986,0.22700147102878354,0.068582548513738,0.24958978924203082,0.07420823875078343,0.28053582940611954
application_only,42,1,random_02_full,full,0.25,False,208,177,368,4.330741399899125,0.22819037771692408,0.0916028384141337,0.3218815876518423,0.07420823875078343,0.28053582940611954
application_only,42,1,random_03_full,full,0.5,False,204,196,253,5.322576299775392,0.22761691900109002,0.12268022085696188,0.4001115216724473,0.07420823875078343,0.28053582940611954
application_only,42,1,random_04_full,full,1.0,False,132,56,152,2.971953800180927,0.22625079566817138,0.18906285684875548,0.5567830098931246,0.07420823875078343,0.28053582940611954
application_only,42,1,random_05_full,full,0.0,False,84,66,95,3.264847000129521,0.2244945936762374,0.06864411479072703,0.24968225248593204,0.07420823875078343,0.28053582940611954
application_only,42,1,random_06_full,full,0.25,False,74,34,90,2.795076000271365,0.22535638725522603,0.08905411584877569,0.3147283258651716,0.07420823875078343,0.28053582940611954
application_only,42,1,random_07_full,full,0.5,False,127,52,197,2.655896299984306,0.22684137249666092,0.1267030062250599,0.41148809031550543,0.07420823875078343,0.28053582940611954
application_only,42,1,random_08_full,full,1.0,False,133,106,154,3.828362900065258,0.22616037191208505,0.18671220203042146,0.550435510242115,0.07420823875078343,0.28053582940611954
application_only,42,1,random_09_full,full,0.0,False,162,119,227,2.994449200341478,0.22656810548866815,0.06857290819681328,0.24956451635143165,0.07420823875078343,0.28053582940611954
application_only,42,1,random_10_full,full,0.25,False,141,81,179,3.6287099001929164,0.2264476772410888,0.09005063367449033,0.3167668034518494,0.07420823875078343,0.28053582940611954
application_only,42,1,random_11_full,full,0.5,False,56,42,71,1.892336799763143,0.22425173727659256,0.12737814234311137,0.4135449261282103,0.07420823875078343,0.28053582940611954
application_only,42,1,random_12_full,full,1.0,False,123,110,129,2.558766500093043,0.2269966952974377,0.1971270182291097,0.5760444952393301,0.07420823875078343,0.28053582940611954
application_only,42,1,random_13_full,full,0.0,True,86,82,138,2.768085499992594,0.22708701876158396,0.06855453097224302,0.2494747032830965,0.07420823875078343,0.28053582940611954
application_only,42,1,random_14_full,full,0.25,False,131,58,219,3.0330462001729757,0.22573802746965363,0.09098700876062711,0.31916266830758316,0.07420823875078343,0.28053582940611954
application_only,42,1,random_15_full,full,0.5,False,286,125,379,4.189432199811563,0.22588925313566519,0.1265043718934112,0.41116692111083997,0.07420823875078343,0.28053582940611954
application_only,42,1,random_16_full,full,1.0,False,213,37,278,3.7674453996587545,0.22137156816988834,0.16332561439616655,0.5012151256276238,0.07420823875078343,0.28053582940611954
application_only,42,1,random_17_full,full,0.0,False,72,62,161,3.1490166999865323,0.22333103857688733,0.0687462807962556,0.25028784660630715,0.07420823875078343,0.28053582940611954
application_only,42,1,random_18_full,full,0.25,False,177,62,223,4.128576999763027,0.22624428795345017,0.08892469515902866,0.31371905059791777,0.07420823875078343,0.28053582940611954
application_only,42,1,random_19_full,full,0.5,False,76,67,107,2.637218700023368,0.2273271828918638,0.1259729156424598,0.4086401871780338,0.07420823875078343,0.28053582940611954
application_only,42,1,random_20_full,full,1.0,False,105,102,153,3.4162862997036427,0.2248314662430463,0.1900821366170884,0.5590471684857067,0.07420823875078343,0.28053582940611954
application_only,42,1,random_21_full,full,0.0,False,203,200,321,5.038433599984273,0.22549377865495482,0.0686202715161613,0.2497664879772374,0.07420823875078343,0.28053582940611954
application_only,42,1,random_22_full,full,0.25,False,114,71,147,2.7007810999639332,0.22674710872486845,0.09127727438891377,0.3199014083045661,0.07420823875078343,0.28053582940611954
application_only,42,1,random_23_full,full,0.5,False,177,61,192,3.436735500348732,0.22585952855354305,0.1217844323699419,0.3991433610515142,0.07420823875078343,0.28053582940611954
application_only,42,1,random_24_full,full,1.0,False,141,112,183,2.877291399752721,0.22584115978933883,0.19714167401144575,0.5759807804187956,0.07420823875078343,0.28053582940611954
history_selected,42,2,random_01_top_40,top_40,0.0,False,331,313,338,6.085886700078845,0.2546150970455531,0.06718672256313224,0.24296301122201439,0.07421396742563283,0.2805524469329546
history_selected,42,2,random_02_top_80,top_80,0.0,False,598,375,599,12.28634630003944,0.26309237903565247,0.06678653007504996,0.24117031258901045,0.07421396742563283,0.2805524469329546
history_selected,42,2,random_03_full,full,0.0,False,309,255,390,15.178676800103858,0.2637651356175674,0.06676214155941033,0.24102922740574884,0.07421396742563283,0.2805524469329546
history_selected,42,2,random_04_top_40,top_40,0.25,False,218,106,255,4.895758100319654,0.253710516921363,0.08758494278560024,0.30592586657863796,0.07421396742563283,0.2805524469329546
history_selected,42,2,random_05_top_80,top_80,0.25,False,90,72,108,5.8651318999473006,0.25737397975672843,0.08551239968502404,0.29882773601570606,0.07421396742563283,0.2805524469329546
history_selected,42,2,random_06_full,full,0.25,False,107,92,194,10.078451399924234,0.2611454220471497,0.08574068578322709,0.2995833960019654,0.07421396742563283,0.2805524469329546
history_selected,42,2,random_07_top_40,top_40,0.5,False,185,130,210,3.9684049000497907,0.25343832763203883,0.12280987279086895,0.3978946443553723,0.07421396742563283,0.2805524469329546
history_selected,42,2,random_08_top_80,top_80,0.5,False,195,129,223,8.68903180025518,0.2594752630603742,0.11515564428969992,0.37642238560494623,0.07421396742563283,0.2805524469329546
history_selected,42,2,random_09_full,full,0.5,False,221,220,380,8.620103500084952,0.26144030623243825,0.12058970373842375,0.3926176193754951,0.07421396742563283,0.2805524469329546
history_selected,42,2,random_10_top_40,top_40,1.0,False,212,165,221,5.763289800146595,0.2527168530405539,0.16921198669393864,0.5079618428155444,0.07421396742563283,0.2805524469329546
history_selected,42,2,random_11_top_80,top_80,1.0,False,158,106,185,5.548179099801928,0.2567146804283622,0.18052909239223539,0.5343508125116784,0.07421396742563283,0.2805524469329546
history_selected,42,2,random_12_full,full,1.0,False,189,140,203,8.222563700051978,0.2600265479426254,0.1824458385564934,0.5395007095928793,0.07421396742563283,0.2805524469329546
history_selected,42,2,random_13_top_40,top_40,0.0,False,143,132,154,4.454022700199857,0.2513110867296185,0.06735678198079742,0.24360519934185879,0.07421396742563283,0.2805524469329546
history_selected,42,2,random_14_top_80,top_80,0.0,False,209,195,242,6.6512790999840945,0.2629935975989302,0.06677295006020512,0.24109157685545532,0.07421396742563283,0.2805524469329546
history_selected,42,2,random_15_full,full,0.0,True,425,421,594,14.29880140023306,0.2645321381213496,0.0667697486890884,0.24122970981352834,0.07421396742563283,0.2805524469329546
history_selected,42,2,random_16_top_40,top_40,0.25,False,352,343,410,8.234533799812198,0.25161231509078213,0.08680433262151904,0.30501693722438944,0.07421396742563283,0.2805524469329546
history_selected,42,2,random_17_top_80,top_80,0.25,False,111,87,190,6.758772500092164,0.25903406499905834,0.08522590687498895,0.297357578210435,0.07421396742563283,0.2805524469329546
history_selected,42,2,random_18_full,full,0.25,False,200,164,200,12.20931789977476,0.26374930514617306,0.08529962859478261,0.2992354364561422,0.07421396742563283,0.2805524469329546
history_selected,42,2,random_19_top_40,top_40,0.5,False,110,74,111,3.829482299974188,0.250738900544103,0.12101963320034433,0.39323317038423605,0.07421396742563283,0.2805524469329546
history_selected,42,2,random_20_top_80,top_80,0.5,False,165,140,223,8.514493700116873,0.2577509498192963,0.11810416867386099,0.38525305426572803,0.07421396742563283,0.2805524469329546
history_selected,42,2,random_21_full,full,0.5,False,290,244,379,13.473448699805886,0.2571264384810688,0.11472152536602331,0.37878517862569044,0.07421396742563283,0.2805524469329546
history_selected,42,2,random_22_top_40,top_40,1.0,False,193,178,221,4.828704500105232,0.2525426277572622,0.17410241203264684,0.519217206127129,0.07421396742563283,0.2805524469329546
history_selected,42,2,random_23_top_80,top_80,1.0,False,260,225,306,9.578599999891594,0.26003391379644664,0.16586542375843402,0.500396546093242,0.07421396742563283,0.2805524469329546
history_selected,42,2,random_24_full,full,1.0,False,313,222,370,10.278723400086164,0.2635198221264225,0.17965017205497455,0.5326064251375026,0.07421396742563283,0.2805524469329546
application_only,42,2,random_01_full,full,0.0,True,211,180,569,4.087565199937671,0.23124403737051372,0.06843973964130777,0.2489839771416326,0.07421396742563283,0.2805524469329546
application_only,42,2,random_02_full,full,0.25,False,378,200,452,4.7087802002206445,0.23141370523190244,0.09153422090748513,0.32092539369187073,0.07421396742563283,0.2805524469329546
application_only,42,2,random_03_full,full,0.5,False,217,166,249,4.593364800326526,0.23003781060498593,0.12259360394807166,0.3997813213778116,0.07421396742563283,0.2805524469329546
application_only,42,2,random_04_full,full,1.0,False,118,116,130,2.5797620001249015,0.2293835483758643,0.19095135660030418,0.5601901402729674,0.07421396742563283,0.2805524469329546
application_only,42,2,random_05_full,full,0.0,False,83,68,85,2.7565863002091646,0.22995729032283693,0.06853943621521233,0.24953070947050482,0.07421396742563283,0.2805524469329546
application_only,42,2,random_06_full,full,0.25,False,117,70,128,3.0616096002049744,0.22945643806707752,0.09025568622836055,0.3158595271700773,0.07421396742563283,0.2805524469329546
application_only,42,2,random_07_full,full,0.5,False,273,138,314,3.1045975000597537,0.2306478875962207,0.12655667175762356,0.40899197615515287,0.07421396742563283,0.2805524469329546
application_only,42,2,random_08_full,full,1.0,False,234,129,288,4.580056799808517,0.22908307458338303,0.1809066380563935,0.5355668531753994,0.07421396742563283,0.2805524469329546
application_only,42,2,random_09_full,full,0.0,False,175,158,218,2.9774761002045125,0.2306962008566411,0.06847833893630387,0.2492110489186957,0.07421396742563283,0.2805524469329546
application_only,42,2,random_10_full,full,0.25,False,183,110,197,3.746644799830392,0.23066693162532234,0.0902503445107,0.31659209883877,0.07421396742563283,0.2805524469329546
application_only,42,2,random_11_full,full,0.5,False,115,68,198,2.2868405000772327,0.22977764347383878,0.12708632605316394,0.4103928740249479,0.07421396742563283,0.2805524469329546
application_only,42,2,random_12_full,full,1.0,False,282,189,339,3.4677085999865085,0.2294580373632917,0.19089520970512674,0.5600961215920811,0.07421396742563283,0.2805524469329546
application_only,42,2,random_13_full,full,0.0,False,74,71,77,2.15529020014219,0.22906199190566565,0.0685364518844463,0.24936032667040495,0.07421396742563283,0.2805524469329546
application_only,42,2,random_14_full,full,0.25,False,100,71,107,2.279535499867052,0.22852895793419536,0.09121463616243873,0.32015111733917406,0.07421396742563283,0.2805524469329546
application_only,42,2,random_15_full,full,0.5,False,394,239,597,5.174171600025147,0.23155559442739712,0.12700094604546538,0.4105374848327801,0.07421396742563283,0.2805524469329546
application_only,42,2,random_16_full,full,1.0,False,186,47,361,3.867486000061035,0.2239919977530991,0.16702086091164026,0.5086026043090341,0.07421396742563283,0.2805524469329546
application_only,42,2,random_17_full,full,0.0,False,76,61,124,2.7240623999387026,0.2279846692152062,0.0686089148751533,0.24976402019636515,0.07421396742563283,0.2805524469329546
application_only,42,2,random_18_full,full,0.25,False,166,109,188,3.6547305996064097,0.2306621088817007,0.08975766052178208,0.3152053825668512,0.07421396742563283,0.2805524469329546
application_only,42,2,random_19_full,full,0.5,False,158,111,240,3.1795993999112397,0.22949152026888753,0.12425661191529953,0.4023656204259632,0.07421396742563283,0.2805524469329546
application_only,42,2,random_20_full,full,1.0,False,219,167,248,3.7689549000933766,0.22683767246377062,0.1866343817399064,0.549461321495532,0.07421396742563283,0.2805524469329546
application_only,42,2,random_21_full,full,0.0,False,206,171,209,3.98210829985328,0.22837537364991725,0.06858923169629022,0.24968171432146077,0.07421396742563283,0.2805524469329546
application_only,42,2,random_22_full,full,0.25,False,187,114,192,2.969514099881053,0.2299762926759703,0.09103960241191272,0.3181178524789255,0.07421396742563283,0.2805524469329546
application_only,42,2,random_23_full,full,0.5,False,280,188,310,4.531908700242639,0.23104839946902933,0.12244438704806247,0.39809599613555474,0.07421396742563283,0.2805524469329546
application_only,42,2,random_24_full,full,1.0,False,228,205,397,3.6972854000050575,0.2312690593114347,0.19372723418166937,0.5666200949515982,0.07421396742563283,0.2805524469329546
history_selected,42,3,random_01_top_40,top_40,0.0,False,231,227,304,5.1438424999359995,0.25431815929170937,0.06724583270654985,0.24339220931450992,0.07421396742563284,0.2805524469329546
history_selected,42,3,random_02_top_80,top_80,0.0,False,599,594,600,12.853120200103149,0.26439235433964775,0.06675104793320373,0.2410675055618333,0.07421396742563284,0.2805524469329546
history_selected,42,3,random_03_full,full,0.0,False,436,211,505,16.298263100208715,0.2636180325483794,0.06680141182451603,0.24130054694485312,0.07421396742563284,0.2805524469329546
history_selected,42,3,random_04_top_40,top_40,0.25,False,136,134,209,4.074492899700999,0.254755414498746,0.08804140861589804,0.30783472219385016,0.07421396742563284,0.2805524469329546
history_selected,42,3,random_05_top_80,top_80,0.25,False,94,77,139,5.742229300085455,0.2587617895012226,0.08502281232385166,0.2974797545901944,0.07421396742563284,0.2805524469329546
history_selected,42,3,random_06_full,full,0.25,False,141,116,196,10.583737100008875,0.2608950078192984,0.08548698192571914,0.2984977383057895,0.07421396742563284,0.2805524469329546
history_selected,42,3,random_07_top_40,top_40,0.5,False,151,117,279,3.985565100098029,0.2547469035040863,0.12261326319675213,0.3979554789437934,0.07421396742563284,0.2805524469329546
history_selected,42,3,random_08_top_80,top_80,0.5,False,316,169,572,13.026224799919873,0.26073226206052724,0.10913019579937511,0.3592788221614656,0.07421396742563284,0.2805524469329546
history_selected,42,3,random_09_full,full,0.5,False,430,366,436,11.37511029979214,0.26490119778257,0.11808168811215518,0.3858810313287879,0.07421396742563284,0.2805524469329546
history_selected,42,3,random_10_top_40,top_40,1.0,False,185,143,190,5.147381099872291,0.2533223549319606,0.17127473917847594,0.5139492693474791,0.07421396742563284,0.2805524469329546
history_selected,42,3,random_11_top_80,top_80,1.0,False,150,145,184,5.340809299843386,0.2582113481176193,0.17967246839010279,0.5327087811596122,0.07421396742563284,0.2805524469329546
history_selected,42,3,random_12_full,full,1.0,False,221,213,322,9.46335420012474,0.26237924977755633,0.17778988168280793,0.5286115965983318,0.07421396742563284,0.2805524469329546
history_selected,42,3,random_13_top_40,top_40,0.0,False,179,146,198,4.898512700106949,0.2527411963473936,0.06736822517914497,0.2439198047821763,0.07421396742563284,0.2805524469329546
history_selected,42,3,random_14_top_80,top_80,0.0,False,304,273,331,8.665269499877468,0.26195198739638864,0.06688922831676977,0.2415903915496116,0.07421396742563284,0.2805524469329546
history_selected,42,3,random_15_full,full,0.0,True,579,577,585,16.17927230009809,0.26498305908854686,0.06672693250622187,0.24100806479891712,0.07421396742563284,0.2805524469329546
history_selected,42,3,random_16_top_40,top_40,0.25,False,329,328,362,7.905262300046161,0.2533905654331399,0.08683370461188449,0.30549188865622295,0.07421396742563284,0.2805524469329546
history_selected,42,3,random_17_top_80,top_80,0.25,False,111,73,126,6.168335400056094,0.2557037146307661,0.08614188323476753,0.3006711872338264,0.07421396742563284,0.2805524469329546
history_selected,42,3,random_18_full,full,0.25,False,201,130,248,12.362832400249317,0.2624180696750048,0.08516015335000322,0.2990418404382987,0.07421396742563284,0.2805524469329546
history_selected,42,3,random_19_top_40,top_40,0.5,False,131,127,296,5.219912899890915,0.25497487973574473,0.11807698129475397,0.384420984573604,0.07421396742563284,0.2805524469329546
history_selected,42,3,random_20_top_80,top_80,0.5,False,189,175,258,9.095269300276414,0.2590762720924967,0.1171512868039384,0.382500252588949,0.07421396742563284,0.2805524469329546
history_selected,42,3,random_21_full,full,0.5,False,428,254,457,17.265275799669325,0.2600040697986199,0.11339113305524007,0.3751985323409395,0.07421396742563284,0.2805524469329546
history_selected,42,3,random_22_top_40,top_40,1.0,False,225,126,237,4.833896099822596,0.2540764331436895,0.17417915649604568,0.5203710841395445,0.07421396742563284,0.2805524469329546
history_selected,42,3,random_23_top_80,top_80,1.0,False,327,306,433,11.872789700049907,0.2617436562839881,0.1589142638622346,0.4834774297052678,0.07421396742563284,0.2805524469329546
history_selected,42,3,random_24_full,full,1.0,False,319,227,445,11.390231099911034,0.2645746214322881,0.17850388126135308,0.5303134209727318,0.07421396742563284,0.2805524469329546
application_only,42,3,random_01_full,full,0.0,True,207,149,346,3.9793922000098974,0.22900003922381681,0.06851926690996829,0.24934398058431717,0.07421396742563284,0.2805524469329546
application_only,42,3,random_02_full,full,0.25,False,409,308,501,6.324948099907488,0.23141301801122008,0.09157170809658367,0.3206489903698821,0.07421396742563284,0.2805524469329546
application_only,42,3,random_03_full,full,0.5,False,243,223,286,6.018153499811888,0.2298576115176462,0.12213407992164003,0.398481347431068,0.07421396742563284,0.2805524469329546
application_only,42,3,random_04_full,full,1.0,False,187,125,243,3.836439199745655,0.22830071384954453,0.1853925697349965,0.5474476817312306,0.07421396742563284,0.2805524469329546
application_only,42,3,random_05_full,full,0.0,False,57,55,63,2.8792094998061657,0.22789480470944135,0.06859541737591743,0.24977430206250487,0.07421396742563284,0.2805524469329546
application_only,42,3,random_06_full,full,0.25,False,75,69,156,3.4848386999219656,0.22804325757540841,0.09029963752516539,0.3163027165989004,0.07421396742563284,0.2805524469329546
application_only,42,3,random_07_full,full,0.5,False,157,157,158,2.9936736999079585,0.22950615916010556,0.12761314796213738,0.41272232861629465,0.07421396742563284,0.2805524469329546
application_only,42,3,random_08_full,full,1.0,False,205,198,288,5.6021417998708785,0.23010775661532568,0.17937476018825418,0.5325128537355819,0.07421396742563284,0.2805524469329546
application_only,42,3,random_09_full,full,0.0,False,168,159,188,3.2014168000314385,0.22899680465842323,0.06851785921481705,0.24944019031723563,0.07421396742563284,0.2805524469329546
application_only,42,3,random_10_full,full,0.25,False,124,112,312,4.737052199896425,0.22888156247105554,0.0900049707729269,0.3160159019690432,0.07421396742563284,0.2805524469329546
application_only,42,3,random_11_full,full,0.5,False,97,60,100,2.2824156996794045,0.22885652482120478,0.12770380713347063,0.4131714339115076,0.07421396742563284,0.2805524469329546
application_only,42,3,random_12_full,full,1.0,False,144,121,272,3.260171400150284,0.22875464775785423,0.19448462606713612,0.5697665136820457,0.07421396742563284,0.2805524469329546
application_only,42,3,random_13_full,full,0.0,False,75,68,170,3.0710640002507716,0.227317442053534,0.06859726225230865,0.24971473884195375,0.07421396742563284,0.2805524469329546
application_only,42,3,random_14_full,full,0.25,False,153,107,205,3.546589700272307,0.2288919961650553,0.09099006594097665,0.31854389944450423,0.07421396742563284,0.2805524469329546
application_only,42,3,random_15_full,full,0.5,False,254,244,273,4.515062199905515,0.2293269677390557,0.12773660126139424,0.4137920406104824,0.07421396742563284,0.2805524469329546
application_only,42,3,random_16_full,full,1.0,False,268,263,403,6.028992899926379,0.22706307405489481,0.185289892319252,0.5489841962200547,0.07421396742563284,0.2805524469329546
application_only,42,3,random_17_full,full,0.0,False,73,38,108,2.8745744000189006,0.2273961113575275,0.06863621962997186,0.24997147677235662,0.07421396742563284,0.2805524469329546
application_only,42,3,random_18_full,full,0.25,False,120,113,207,4.158936100080609,0.22937281587595337,0.08968773034771993,0.3154031865707594,0.07421396742563284,0.2805524469329546
application_only,42,3,random_19_full,full,0.5,False,168,103,201,3.674388000043109,0.2287063491995843,0.12445796533123926,0.40327871648989033,0.07421396742563284,0.2805524469329546
application_only,42,3,random_20_full,full,1.0,False,202,121,217,4.283664300106466,0.22811579302827054,0.1875277290076656,0.5526175264815453,0.07421396742563284,0.2805524469329546
application_only,42,3,random_21_full,full,0.0,False,334,181,375,6.2181560003664345,0.22645898237347487,0.06864343637202554,0.24988548667263966,0.07421396742563284,0.2805524469329546
application_only,42,3,random_22_full,full,0.25,False,129,61,130,2.7428445001132786,0.22865250259251516,0.09088794989152561,0.31909758544340155,0.07421396742563284,0.2805524469329546
application_only,42,3,random_23_full,full,0.5,False,144,106,304,4.289151799865067,0.2283231056177781,0.1230915955162138,0.40147617043319084,0.07421396742563284,0.2805524469329546
application_only,42,3,random_24_full,full,1.0,False,338,209,395,4.924028399866074,0.23027354637605127,0.19168649727747097,0.5627108376299685,0.07421396742563284,0.2805524469329546
history_selected,42,4,random_01_top_40,top_40,0.0,False,288,224,385,5.919919000007212,0.2502303026165941,0.06737583248765226,0.24348633593274993,0.07421396742563284,0.2805524469329546
history_selected,42,4,random_02_top_80,top_80,0.0,False,531,505,574,13.39307720004581,0.2577148743412166,0.0669843643126844,0.24168754733602651,0.07421396742563284,0.2805524469329546
history_selected,42,4,random_03_full,full,0.0,False,348,253,394,16.876894199755043,0.2581218562671089,0.06696288792516407,0.24154500333741666,0.07421396742563284,0.2805524469329546
history_selected,42,4,random_04_top_40,top_40,0.25,False,162,137,212,4.557667700108141,0.2489500030790631,0.08824098699396576,0.3079915110158053,0.07421396742563284,0.2805524469329546
history_selected,42,4,random_05_top_80,top_80,0.25,False,117,71,141,7.084083199966699,0.2505404503563177,0.08513489254662589,0.2974080070020157,0.07421396742563284,0.2805524469329546
history_selected,42,4,random_06_full,full,0.25,False,143,101,193,11.422656599897891,0.2552721186751421,0.08583519694445128,0.2993672403825202,0.07421396742563284,0.2805524469329546
history_selected,42,4,random_07_top_40,top_40,0.5,False,142,132,171,3.843115699943155,0.2483504182540234,0.12362953344510708,0.40047703631235754,0.07421396742563284,0.2805524469329546
history_selected,42,4,random_08_top_80,top_80,0.5,False,206,143,273,9.441626599989831,0.25582002875902815,0.11457831955492011,0.37475787483981343,0.07421396742563284,0.2805524469329546
history_selected,42,4,random_09_full,full,0.5,False,252,195,293,8.670086500002071,0.2554166438800342,0.12141994040971506,0.3952438923764527,0.07421396742563284,0.2805524469329546
history_selected,42,4,random_10_top_40,top_40,1.0,False,233,217,292,6.917205800302327,0.2509834743138879,0.16577484561580072,0.49955367437224024,0.07421396742563284,0.2805524469329546
history_selected,42,4,random_11_top_80,top_80,1.0,False,173,95,180,5.771512500010431,0.2530658028302173,0.1816011213998033,0.5369667224643583,0.07421396742563284,0.2805524469329546
history_selected,42,4,random_12_full,full,1.0,False,188,135,270,8.790178999770433,0.25485167272850034,0.18203369246228177,0.5387225110208405,0.07421396742563284,0.2805524469329546
history_selected,42,4,random_13_top_40,top_40,0.0,False,110,83,125,3.9208412999287248,0.24922714449192362,0.06743824177781459,0.24381375634001948,0.07421396742563284,0.2805524469329546
history_selected,42,4,random_14_top_80,top_80,0.0,False,210,138,226,6.655566900037229,0.25451480204805543,0.06713611339968534,0.24231785286825266,0.07421396742563284,0.2805524469329546
history_selected,42,4,random_15_full,full,0.0,True,465,383,525,14.76752409990877,0.25977241940716284,0.06693276588311155,0.24165355872692215,0.07421396742563284,0.2805524469329546
history_selected,42,4,random_16_top_40,top_40,0.25,False,296,278,326,7.4634419998619705,0.24805038951396874,0.08734587670149757,0.3072660758890744,0.07421396742563284,0.2805524469329546
history_selected,42,4,random_17_top_80,top_80,0.25,False,127,108,164,7.067634799983352,0.2503764098131977,0.08562939648029168,0.29814815168294545,0.07421396742563284,0.2805524469329546
history_selected,42,4,random_18_full,full,0.25,False,217,122,313,12.876296799862757,0.2569324398884513,0.0850744372316623,0.2985039143513168,0.07421396742563284,0.2805524469329546
history_selected,42,4,random_19_top_40,top_40,0.5,False,154,151,158,4.95121829980053,0.2494792615153761,0.1193720472293577,0.3877624735310379,0.07421396742563284,0.2805524469329546
history_selected,42,4,random_20_top_80,top_80,0.5,False,201,181,267,9.713686000090092,0.25372597794424423,0.11705977473763703,0.38213113838368157,0.07421396742563284,0.2805524469329546
history_selected,42,4,random_21_full,full,0.5,False,333,213,394,14.727489799959585,0.25353896951086413,0.11487508166997375,0.37951336421081594,0.07421396742563284,0.2805524469329546
history_selected,42,4,random_22_top_40,top_40,1.0,False,135,133,310,4.969670000020415,0.24976187369787806,0.1752900846453754,0.5227561946816118,0.07421396742563284,0.2805524469329546
history_selected,42,4,random_23_top_80,top_80,1.0,False,366,148,499,12.213113599922508,0.2520379710290614,0.16199583615940175,0.4907600376693055,0.07421396742563284,0.2805524469329546
history_selected,42,4,random_24_full,full,1.0,False,335,246,430,12.358412600122392,0.25708913958888596,0.17888230577659284,0.5307947727933321,0.07421396742563284,0.2805524469329546
application_only,42,4,random_01_full,full,0.0,False,212,136,346,3.738367399899289,0.2259870685291534,0.06864093412364951,0.24951869888753989,0.07421396742563284,0.2805524469329546
application_only,42,4,random_02_full,full,0.25,False,268,224,515,5.1877944997977465,0.22707887611066566,0.09173257211024936,0.32160641474045737,0.07421396742563284,0.2805524469329546
application_only,42,4,random_03_full,full,0.5,False,234,232,330,6.309645899804309,0.22634440684820534,0.12238521716580038,0.39884291420663986,0.07421396742563284,0.2805524469329546
application_only,42,4,random_04_full,full,1.0,False,118,88,295,3.3779276995919645,0.22371272004513823,0.1875489027751329,0.5528680672616487,0.07421396742563284,0.2805524469329546
application_only,42,4,random_05_full,full,0.0,False,56,54,59,2.7787122998852283,0.22345965659441766,0.06874776439146017,0.25000322068724873,0.07421396742563284,0.2805524469329546
application_only,42,4,random_06_full,full,0.25,False,106,54,158,3.35182680003345,0.22357953036083314,0.0900318913521627,0.3156474532644396,0.07421396742563284,0.2805524469329546
application_only,42,4,random_07_full,full,0.5,False,127,88,219,2.7325629000552,0.22388939725107213,0.12796866103422053,0.41393161366850145,0.07421396742563284,0.2805524469329546
application_only,42,4,random_08_full,full,1.0,False,182,161,199,4.571349899750203,0.22470381025113143,0.18388088508542189,0.5436739221472103,0.07421396742563284,0.2805524469329546
application_only,42,4,random_09_full,full,0.0,False,226,146,228,3.3591042002663016,0.22466233647470843,0.0686647735184898,0.2495666074212323,0.07421396742563284,0.2805524469329546
application_only,42,4,random_10_full,full,0.25,False,157,124,229,4.219118000008166,0.22658884029075688,0.09034796773960242,0.3168597941565781,0.07421396742563284,0.2805524469329546
application_only,42,4,random_11_full,full,0.5,False,109,77,155,2.382550699869171,0.22580629915386138,0.1277039940047043,0.41239301803819756,0.07421396742563284,0.2805524469329546
application_only,42,4,random_12_full,full,1.0,False,184,144,189,3.1931551001034677,0.22442610677866306,0.19508119975794438,0.5710883955842778,0.07421396742563284,0.2805524469329546
application_only,42,4,random_13_full,full,0.0,True,132,95,168,3.255836399970576,0.22698536784148937,0.06862391934626545,0.2494585723061474,0.07421396742563284,0.2805524469329546
application_only,42,4,random_14_full,full,0.25,False,171,95,218,3.5710375998169184,0.22711239297268349,0.09105840976131979,0.3187104030867709,0.07421396742563284,0.2805524469329546
application_only,42,4,random_15_full,full,0.5,False,196,183,267,3.950055900029838,0.22450121864644848,0.12784498581387901,0.41462549162908724,0.07421396742563284,0.2805524469329546
application_only,42,4,random_16_full,full,1.0,False,244,47,529,5.620504199992865,0.21816857813684232,0.16534990235365074,0.5049979941296413,0.07421396742563284,0.2805524469329546
application_only,42,4,random_17_full,full,0.0,False,76,56,136,3.190913300262764,0.22208532876109321,0.06883437536325021,0.2503284114293669,0.07421396742563284,0.2805524469329546
application_only,42,4,random_18_full,full,0.25,False,141,122,173,4.049725699936971,0.2249933070592173,0.09009593470441297,0.316281071787273,0.07421396742563284,0.2805524469329546
application_only,42,4,random_19_full,full,0.5,False,124,76,163,2.979978600051254,0.2243772544187098,0.12564834751965145,0.40697716833288416,0.07421396742563284,0.2805524469329546
application_only,42,4,random_20_full,full,1.0,False,184,112,213,3.810622999910265,0.2216208826880257,0.1885563578212829,0.5551551907138789,0.07421396742563284,0.2805524469329546
application_only,42,4,random_21_full,full,0.0,False,188,179,268,4.780421600211412,0.22219656191902074,0.06877393950856224,0.2501485805057931,0.07421396742563284,0.2805524469329546
application_only,42,4,random_22_full,full,0.25,False,118,90,144,2.8014452003408223,0.22575330769636914,0.09145842211020906,0.32019556255838977,0.07421396742563284,0.2805524469329546
application_only,42,4,random_23_full,full,0.5,False,158,136,188,3.5554986000061035,0.22513470347349637,0.12450321725677747,0.4049100937492707,0.07421396742563284,0.2805524469329546
application_only,42,4,random_24_full,full,1.0,False,222,157,314,3.5148241000715643,0.22520169944172183,0.19525191809475725,0.5713470439843736,0.07421396742563284,0.2805524469329546
history_selected,42,5,random_01_top_40,top_40,0.0,False,262,235,308,5.067493800306693,0.2506796080689982,0.06745644663063473,0.24433688816990903,0.07421350493995643,0.28055110534411565
history_selected,42,5,random_02_top_80,top_80,0.0,False,482,400,555,11.201355899916962,0.2617784772609699,0.06689341789093863,0.24188432272357654,0.07421350493995643,0.28055110534411565
history_selected,42,5,random_03_full,full,0.0,True,380,250,478,15.185384600190446,0.2632312983474194,0.06682860703931953,0.24169249959938854,0.07421350493995643,0.28055110534411565
history_selected,42,5,random_04_top_40,top_40,0.25,False,128,127,184,3.634122400311753,0.24998779869267854,0.08854314776864224,0.3099640808531743,0.07421350493995643,0.28055110534411565
history_selected,42,5,random_05_top_80,top_80,0.25,False,79,73,195,5.8043807002250105,0.2547075297311594,0.0848436218500076,0.2972380851944897,0.07421350493995643,0.28055110534411565
history_selected,42,5,random_06_full,full,0.25,False,117,94,207,9.580513200256974,0.2608692325197146,0.0857246858646507,0.30006340693207206,0.07421350493995643,0.28055110534411565
history_selected,42,5,random_07_top_40,top_40,0.5,False,114,105,143,3.053255399921909,0.24854808378225993,0.12477605263919773,0.4044300674975216,0.07421350493995643,0.28055110534411565
history_selected,42,5,random_08_top_80,top_80,0.5,False,283,147,430,10.23055150010623,0.2587574621956339,0.11164770238562895,0.36704010344269955,0.07421350493995643,0.28055110534411565
history_selected,42,5,random_09_full,full,0.5,False,253,191,304,7.757633300032467,0.2575747908906567,0.12143609975383302,0.39552183171376293,0.07421350493995643,0.28055110534411565
history_selected,42,5,random_10_top_40,top_40,1.0,False,185,163,217,5.508366000140086,0.25169414935439666,0.1714168261134288,0.5134346809932914,0.07421350493995643,0.28055110534411565
history_selected,42,5,random_11_top_80,top_80,1.0,False,135,89,211,4.9985807000193745,0.2545587872061259,0.18278380465447316,0.5398050334074741,0.07421350493995643,0.28055110534411565
history_selected,42,5,random_12_full,full,1.0,False,158,144,175,7.078705800231546,0.25714010052184527,0.18455063619621845,0.5447180197475521,0.07421350493995643,0.28055110534411565
history_selected,42,5,random_13_top_40,top_40,0.0,False,77,54,122,3.1315835998393595,0.24602555511193672,0.06771540406795719,0.24557003641903705,0.07421350493995643,0.28055110534411565
history_selected,42,5,random_14_top_80,top_80,0.0,False,226,206,253,6.320063299965113,0.2601681407218057,0.06697668404805777,0.2421934586351894,0.07421350493995643,0.28055110534411565
history_selected,42,5,random_15_full,full,0.0,False,409,386,600,13.044234099797904,0.2607032498731002,0.06691371868164722,0.24191060434089376,0.07421350493995643,0.28055110534411565
history_selected,42,5,random_16_top_40,top_40,0.25,False,267,252,344,6.355390000157058,0.24983062082870267,0.08765958283826196,0.30874434866295897,0.07421350493995643,0.28055110534411565
history_selected,42,5,random_17_top_80,top_80,0.25,False,87,81,87,5.0248308998998255,0.2548449729205923,0.08691381884678,0.303851923043691,0.07421350493995643,0.28055110534411565
history_selected,42,5,random_18_full,full,0.25,False,237,119,300,12.101331499870867,0.2609450497578363,0.08487926468104635,0.2984622190661859,0.07421350493995643,0.28055110534411565
history_selected,42,5,random_19_top_40,top_40,0.5,False,109,97,220,3.9835296999663115,0.2496302517809322,0.12044871082061669,0.3914328995502659,0.07421350493995643,0.28055110534411565
history_selected,42,5,random_20_top_80,top_80,0.5,False,168,145,193,7.471722299931571,0.25591387246720426,0.11891852319475867,0.3879299121820985,0.07421350493995643,0.28055110534411565
history_selected,42,5,random_21_full,full,0.5,False,317,257,455,14.329137800028548,0.2568756700632608,0.11453273534607782,0.37856034526290544,0.07421350493995643,0.28055110534411565
history_selected,42,5,random_22_top_40,top_40,1.0,False,133,128,200,3.7603907000739127,0.2507389542452593,0.17910031914016308,0.5318384493338941,0.07421350493995643,0.28055110534411565
history_selected,42,5,random_23_top_80,top_80,1.0,False,252,133,395,8.67574300034903,0.2585481917995729,0.16727192431694096,0.5040539886742639,0.07421350493995643,0.28055110534411565
history_selected,42,5,random_24_full,full,1.0,False,266,197,279,8.827933000167832,0.25951153762016266,0.1832748744719964,0.5415998329048556,0.07421350493995643,0.28055110534411565
application_only,42,5,random_01_full,full,0.0,True,227,225,254,3.540998699842021,0.22895812086571118,0.06860364273541565,0.2500042688062351,0.07421350493995643,0.28055110534411565
application_only,42,5,random_02_full,full,0.25,False,392,287,425,5.0912614997942,0.23000235684014184,0.09196449726382078,0.3224239353603955,0.07421350493995643,0.28055110534411565
application_only,42,5,random_03_full,full,0.5,False,207,152,295,4.625988299958408,0.22837188819843948,0.12268843426521375,0.4007573130409961,0.07421350493995643,0.28055110534411565
application_only,42,5,random_04_full,full,1.0,False,116,100,155,2.623568399809301,0.22743289182213433,0.19149509942913615,0.5622277433005317,0.07421350493995643,0.28055110534411565
application_only,42,5,random_05_full,full,0.0,False,74,67,82,2.689455599989742,0.2262976443435616,0.0687204075330612,0.2504802895902087,0.07421350493995643,0.28055110534411565
application_only,42,5,random_06_full,full,0.25,False,63,62,161,2.870324900140986,0.22688277176092633,0.0903348902266113,0.3174786889496801,0.07421350493995643,0.28055110534411565
application_only,42,5,random_07_full,full,0.5,False,143,126,152,2.3509501996450126,0.2279602145607423,0.12852816195213387,0.4154886363288372,0.07421350493995643,0.28055110534411565
application_only,42,5,random_08_full,full,1.0,False,145,132,170,3.6433871996123344,0.22834845661158112,0.18706113545274583,0.550984422595378,0.07421350493995643,0.28055110534411565
application_only,42,5,random_09_full,full,0.0,False,208,169,219,2.932150200009346,0.22872682332842179,0.06861869770485123,0.2500830893176505,0.07421350493995643,0.28055110534411565
application_only,42,5,random_10_full,full,0.25,False,151,140,190,3.6447869001422077,0.2302038747523166,0.09058063067993351,0.3181374903173364,0.07421350493995643,0.28055110534411565
application_only,42,5,random_11_full,full,0.5,False,168,159,179,2.601427999790758,0.22766520506811086,0.12676635693748325,0.4095165058573625,0.07421350493995643,0.28055110534411565
application_only,42,5,random_12_full,full,1.0,False,206,119,335,2.981810900149867,0.22709815688187054,0.19443220242880543,0.5688859787219834,0.07421350493995643,0.28055110534411565
application_only,42,5,random_13_full,full,0.0,False,126,51,140,2.5572311996947974,0.2278928462026851,0.068662923049431,0.25033812314181253,0.07421350493995643,0.28055110534411565
application_only,42,5,random_14_full,full,0.25,False,98,83,120,2.388300299877301,0.22770885567635335,0.09150570517210599,0.3214059725428268,0.07421350493995643,0.28055110534411565
application_only,42,5,random_15_full,full,0.5,False,430,346,469,5.086184499785304,0.23052306959753496,0.127386578261336,0.4121166254922872,0.07421350493995643,0.28055110534411565
application_only,42,5,random_16_full,full,1.0,False,276,253,369,5.080177000025287,0.22662215074870917,0.18755297878374477,0.5539606412682234,0.07421350493995643,0.28055110534411565
application_only,42,5,random_17_full,full,0.0,False,76,41,96,2.583398299757391,0.22643352256729396,0.0687258520240361,0.25067134484431997,0.07421350493995643,0.28055110534411565
application_only,42,5,random_18_full,full,0.25,False,134,120,185,3.6991625998634845,0.2286045260680454,0.09025229075572495,0.31733133001897623,0.07421350493995643,0.28055110534411565
application_only,42,5,random_19_full,full,0.5,False,112,73,142,2.683063799981028,0.22864668645846167,0.12619524059019016,0.4089723645104342,0.07421350493995643,0.28055110534411565
application_only,42,5,random_20_full,full,1.0,False,172,132,217,3.5220035000238568,0.226301226365173,0.1894687657427008,0.5569511279431434,0.07421350493995643,0.28055110534411565
application_only,42,5,random_21_full,full,0.0,False,326,198,390,5.5339703999925405,0.22671706581865972,0.06867697303348294,0.2503558473487563,0.07421350493995643,0.28055110534411565
application_only,42,5,random_22_full,full,0.25,False,95,67,134,2.3156695999205112,0.22813095873776654,0.09146340709596489,0.321208490684804,0.07421350493995643,0.28055110534411565
application_only,42,5,random_23_full,full,0.5,False,227,162,239,4.283852399792522,0.22852070652842627,0.12398556114768784,0.4033109665618215,0.07421350493995643,0.28055110534411565
application_only,42,5,random_24_full,full,1.0,False,288,131,319,3.5330623004119843,0.2291465512111723,0.19528468696541848,0.571157645661561,0.07421350493995643,0.28055110534411565
