run_id,workflow,model_family,split_seed,outer_fold,model_seed,feature_set,calibration_method,created_at,score_kind,metric_name,metric_value,applicant_count
b45cb7fb871d4322bfdbb52e6e8d1d38,history_selected,lightgbm,42,1,42,full,uncalibrated,2026-10-05T00:04:59Z,raw,roc_auc,0.7739083631285888,52277
b45cb7fb871d4322bfdbb52e6e8d1d38,history_selected,lightgbm,42,1,42,full,uncalibrated,2026-10-05T00:04:59Z,raw,pr_auc,0.2642987619477396,52277
b45cb7fb871d4322bfdbb52e6e8d1d38,history_selected,lightgbm,42,1,42,full,uncalibrated,2026-10-05T00:04:59Z,raw,brier_score,0.06679591061465318,52277
b45cb7fb871d4322bfdbb52e6e8d1d38,history_selected,lightgbm,42,1,42,full,uncalibrated,2026-10-05T00:04:59Z,raw,log_loss,0.24144404261292646,52277
b45cb7fb871d4322bfdbb52e6e8d1d38,history_selected,lightgbm,42,1,42,full,uncalibrated,2026-10-05T00:04:59Z,raw,min_predicted_probability,0.004722335080644948,52277
b45cb7fb871d4322bfdbb52e6e8d1d38,history_selected,lightgbm,42,1,42,full,uncalibrated,2026-10-05T00:04:59Z,raw,max_predicted_probability,0.816228170416448,52277
b45cb7fb871d4322bfdbb52e6e8d1d38,history_selected,lightgbm,42,1,42,full,uncalibrated,2026-10-05T00:04:59Z,raw,top_decile_lift,3.5558253201511665,52277
b45cb7fb871d4322bfdbb52e6e8d1d38,history_selected,lightgbm,42,1,42,full,uncalibrated,2026-10-05T00:04:59Z,raw,precision_at_top_decile,0.2871078806426932,52277
b45cb7fb871d4322bfdbb52e6e8d1d38,history_selected,lightgbm,42,1,42,full,uncalibrated,2026-10-05T00:04:59Z,raw,recall_at_manual_review_capacity,0.3556029376924899,52277
b45cb7fb871d4322bfdbb52e6e8d1d38,history_selected,lightgbm,42,1,42,full,uncalibrated,2026-10-05T00:04:59Z,raw,balanced_utility_per_applicant,571.61371157488,52277
b45cb7fb871d4322bfdbb52e6e8d1d38,history_selected,lightgbm,42,1,42,full,uncalibrated,2026-10-05T00:04:59Z,calibrated,roc_auc,0.7739083631285888,52277
b45cb7fb871d4322bfdbb52e6e8d1d38,history_selected,lightgbm,42,1,42,full,uncalibrated,2026-10-05T00:04:59Z,calibrated,pr_auc,0.2642987619477396,52277
b45cb7fb871d4322bfdbb52e6e8d1d38,history_selected,lightgbm,42,1,42,full,uncalibrated,2026-10-05T00:04:59Z,calibrated,brier_score,0.06679591061465318,52277
b45cb7fb871d4322bfdbb52e6e8d1d38,history_selected,lightgbm,42,1,42,full,uncalibrated,2026-10-05T00:04:59Z,calibrated,log_loss,0.24144404261292646,52277
b45cb7fb871d4322bfdbb52e6e8d1d38,history_selected,lightgbm,42,1,42,full,uncalibrated,2026-10-05T00:04:59Z,calibrated,min_predicted_probability,0.004722335080644948,52277
b45cb7fb871d4322bfdbb52e6e8d1d38,history_selected,lightgbm,42,1,42,full,uncalibrated,2026-10-05T00:04:59Z,calibrated,max_predicted_probability,0.816228170416448,52277
b45cb7fb871d4322bfdbb52e6e8d1d38,history_selected,lightgbm,42,1,42,full,uncalibrated,2026-10-05T00:04:59Z,calibrated,top_decile_lift,3.5558253201511665,52277
b45cb7fb871d4322bfdbb52e6e8d1d38,history_selected,lightgbm,42,1,42,full,uncalibrated,2026-10-05T00:04:59Z,calibrated,precision_at_top_decile,0.2871078806426932,52277
b45cb7fb871d4322bfdbb52e6e8d1d38,history_selected,lightgbm,42,1,42,full,uncalibrated,2026-10-05T00:04:59Z,calibrated,recall_at_manual_review_capacity,0.3556029376924899,52277
b45cb7fb871d4322bfdbb52e6e8d1d38,application_only,lightgbm,42,1,42,application_only,uncalibrated,2026-10-05T00:04:59Z,raw,roc_auc,0.7445561665461211,52277
b45cb7fb871d4322bfdbb52e6e8d1d38,application_only,lightgbm,42,1,42,application_only,uncalibrated,2026-10-05T00:04:59Z,raw,pr_auc,0.22846173819669077,52277
b45cb7fb871d4322bfdbb52e6e8d1d38,application_only,lightgbm,42,1,42,application_only,uncalibrated,2026-10-05T00:04:59Z,raw,brier_score,0.06867581753885607,52277
b45cb7fb871d4322bfdbb52e6e8d1d38,application_only,lightgbm,42,1,42,application_only,uncalibrated,2026-10-05T00:04:59Z,raw,log_loss,0.25011598921785255,52277
b45cb7fb871d4322bfdbb52e6e8d1d38,application_only,lightgbm,42,1,42,application_only,uncalibrated,2026-10-05T00:04:59Z,raw,min_predicted_probability,0.005997235928190593,52277
b45cb7fb871d4322bfdbb52e6e8d1d38,application_only,lightgbm,42,1,42,application_only,uncalibrated,2026-10-05T00:04:59Z,raw,max_predicted_probability,0.6956698548018531,52277
b45cb7fb871d4322bfdbb52e6e8d1d38,application_only,lightgbm,42,1,42,application_only,uncalibrated,2026-10-05T00:04:59Z,raw,top_decile_lift,3.1151967328439594,52277
b45cb7fb871d4322bfdbb52e6e8d1d38,application_only,lightgbm,42,1,42,application_only,uncalibrated,2026-10-05T00:04:59Z,raw,precision_at_top_decile,0.2515302218821729,52277
b45cb7fb871d4322bfdbb52e6e8d1d38,application_only,lightgbm,42,1,42,application_only,uncalibrated,2026-10-05T00:04:59Z,raw,recall_at_manual_review_capacity,0.3115375503435205,52277
b45cb7fb871d4322bfdbb52e6e8d1d38,application_only,lightgbm,42,1,42,application_only,uncalibrated,2026-10-05T00:04:59Z,raw,balanced_utility_per_applicant,551.1104309734683,52277
b45cb7fb871d4322bfdbb52e6e8d1d38,application_only,lightgbm,42,1,42,application_only,uncalibrated,2026-10-05T00:04:59Z,calibrated,roc_auc,0.7445561665461211,52277
b45cb7fb871d4322bfdbb52e6e8d1d38,application_only,lightgbm,42,1,42,application_only,uncalibrated,2026-10-05T00:04:59Z,calibrated,pr_auc,0.22846173819669077,52277
b45cb7fb871d4322bfdbb52e6e8d1d38,application_only,lightgbm,42,1,42,application_only,uncalibrated,2026-10-05T00:04:59Z,calibrated,brier_score,0.06867581753885607,52277
b45cb7fb871d4322bfdbb52e6e8d1d38,application_only,lightgbm,42,1,42,application_only,uncalibrated,2026-10-05T00:04:59Z,calibrated,log_loss,0.25011598921785255,52277
b45cb7fb871d4322bfdbb52e6e8d1d38,application_only,lightgbm,42,1,42,application_only,uncalibrated,2026-10-05T00:04:59Z,calibrated,min_predicted_probability,0.005997235928190593,52277
b45cb7fb871d4322bfdbb52e6e8d1d38,application_only,lightgbm,42,1,42,application_only,uncalibrated,2026-10-05T00:04:59Z,calibrated,max_predicted_probability,0.6956698548018531,52277
b45cb7fb871d4322bfdbb52e6e8d1d38,application_only,lightgbm,42,1,42,application_only,uncalibrated,2026-10-05T00:04:59Z,calibrated,top_decile_lift,3.1151967328439594,52277
b45cb7fb871d4322bfdbb52e6e8d1d38,application_only,lightgbm,42,1,42,application_only,uncalibrated,2026-10-05T00:04:59Z,calibrated,precision_at_top_decile,0.2515302218821729,52277
b45cb7fb871d4322bfdbb52e6e8d1d38,application_only,lightgbm,42,1,42,application_only,uncalibrated,2026-10-05T00:04:59Z,calibrated,recall_at_manual_review_capacity,0.3115375503435205,52277
b45cb7fb871d4322bfdbb52e6e8d1d38,logistic_tuned,logistic_regression,42,1,42,logistic_tuned,uncalibrated,2026-10-05T00:04:59Z,raw,roc_auc,0.766699674236963,52277
b45cb7fb871d4322bfdbb52e6e8d1d38,logistic_tuned,logistic_regression,42,1,42,logistic_tuned,uncalibrated,2026-10-05T00:04:59Z,raw,pr_auc,0.25372350890184037,52277
b45cb7fb871d4322bfdbb52e6e8d1d38,logistic_tuned,logistic_regression,42,1,42,logistic_tuned,uncalibrated,2026-10-05T00:04:59Z,raw,brier_score,0.06730195403935069,52277
b45cb7fb871d4322bfdbb52e6e8d1d38,logistic_tuned,logistic_regression,42,1,42,logistic_tuned,uncalibrated,2026-10-05T00:04:59Z,raw,log_loss,0.2437307301337129,52277
b45cb7fb871d4322bfdbb52e6e8d1d38,logistic_tuned,logistic_regression,42,1,42,logistic_tuned,uncalibrated,2026-10-05T00:04:59Z,raw,min_predicted_probability,0.0,52277
b45cb7fb871d4322bfdbb52e6e8d1d38,logistic_tuned,logistic_regression,42,1,42,logistic_tuned,uncalibrated,2026-10-05T00:04:59Z,raw,max_predicted_probability,0.9997193686729202,52277
b45cb7fb871d4322bfdbb52e6e8d1d38,logistic_tuned,logistic_regression,42,1,42,logistic_tuned,uncalibrated,2026-10-05T00:04:59Z,raw,top_decile_lift,3.4539595714726183,52277
b45cb7fb871d4322bfdbb52e6e8d1d38,logistic_tuned,logistic_regression,42,1,42,logistic_tuned,uncalibrated,2026-10-05T00:04:59Z,raw,precision_at_top_decile,0.27888293802601377,52277
b45cb7fb871d4322bfdbb52e6e8d1d38,logistic_tuned,logistic_regression,42,1,42,logistic_tuned,uncalibrated,2026-10-05T00:04:59Z,raw,recall_at_manual_review_capacity,0.34541577825159914,52277
b45cb7fb871d4322bfdbb52e6e8d1d38,logistic_tuned,logistic_regression,42,1,42,logistic_tuned,uncalibrated,2026-10-05T00:04:59Z,raw,balanced_utility_per_applicant,568.530137536584,52277
b45cb7fb871d4322bfdbb52e6e8d1d38,logistic_tuned,logistic_regression,42,1,42,logistic_tuned,uncalibrated,2026-10-05T00:04:59Z,calibrated,roc_auc,0.766699674236963,52277
b45cb7fb871d4322bfdbb52e6e8d1d38,logistic_tuned,logistic_regression,42,1,42,logistic_tuned,uncalibrated,2026-10-05T00:04:59Z,calibrated,pr_auc,0.25372350890184037,52277
b45cb7fb871d4322bfdbb52e6e8d1d38,logistic_tuned,logistic_regression,42,1,42,logistic_tuned,uncalibrated,2026-10-05T00:04:59Z,calibrated,brier_score,0.06730195403935069,52277
b45cb7fb871d4322bfdbb52e6e8d1d38,logistic_tuned,logistic_regression,42,1,42,logistic_tuned,uncalibrated,2026-10-05T00:04:59Z,calibrated,log_loss,0.2437307301337129,52277
b45cb7fb871d4322bfdbb52e6e8d1d38,logistic_tuned,logistic_regression,42,1,42,logistic_tuned,uncalibrated,2026-10-05T00:04:59Z,calibrated,min_predicted_probability,0.0,52277
b45cb7fb871d4322bfdbb52e6e8d1d38,logistic_tuned,logistic_regression,42,1,42,logistic_tuned,uncalibrated,2026-10-05T00:04:59Z,calibrated,max_predicted_probability,0.9997193686729202,52277
b45cb7fb871d4322bfdbb52e6e8d1d38,logistic_tuned,logistic_regression,42,1,42,logistic_tuned,uncalibrated,2026-10-05T00:04:59Z,calibrated,top_decile_lift,3.4539595714726183,52277
b45cb7fb871d4322bfdbb52e6e8d1d38,logistic_tuned,logistic_regression,42,1,42,logistic_tuned,uncalibrated,2026-10-05T00:04:59Z,calibrated,precision_at_top_decile,0.27888293802601377,52277
b45cb7fb871d4322bfdbb52e6e8d1d38,logistic_tuned,logistic_regression,42,1,42,logistic_tuned,uncalibrated,2026-10-05T00:04:59Z,calibrated,recall_at_manual_review_capacity,0.34541577825159914,52277
b45cb7fb871d4322bfdbb52e6e8d1d38,training_prevalence,prevalence,42,1,42,training_prevalence,uncalibrated,2026-10-05T00:04:59Z,raw,roc_auc,0.5,52277
b45cb7fb871d4322bfdbb52e6e8d1d38,training_prevalence,prevalence,42,1,42,training_prevalence,uncalibrated,2026-10-05T00:04:59Z,raw,pr_auc,0.08074296535761424,52277
b45cb7fb871d4322bfdbb52e6e8d1d38,training_prevalence,prevalence,42,1,42,training_prevalence,uncalibrated,2026-10-05T00:04:59Z,raw,brier_score,0.07422353923580763,52277
b45cb7fb871d4322bfdbb52e6e8d1d38,training_prevalence,prevalence,42,1,42,training_prevalence,uncalibrated,2026-10-05T00:04:59Z,raw,log_loss,0.2805802138170289,52277
b45cb7fb871d4322bfdbb52e6e8d1d38,training_prevalence,prevalence,42,1,42,training_prevalence,uncalibrated,2026-10-05T00:04:59Z,raw,min_predicted_probability,0.08072471887083772,52277
b45cb7fb871d4322bfdbb52e6e8d1d38,training_prevalence,prevalence,42,1,42,training_prevalence,uncalibrated,2026-10-05T00:04:59Z,raw,max_predicted_probability,0.08072471887083772,52277
b45cb7fb871d4322bfdbb52e6e8d1d38,training_prevalence,prevalence,42,1,42,training_prevalence,uncalibrated,2026-10-05T00:04:59Z,raw,top_decile_lift,1.000000000000001,52277
b45cb7fb871d4322bfdbb52e6e8d1d38,training_prevalence,prevalence,42,1,42,training_prevalence,uncalibrated,2026-10-05T00:04:59Z,raw,precision_at_top_decile,0.08074296535761434,52277
b45cb7fb871d4322bfdbb52e6e8d1d38,training_prevalence,prevalence,42,1,42,training_prevalence,uncalibrated,2026-10-05T00:04:59Z,raw,recall_at_manual_review_capacity,0.10000573866136164,52277
b45cb7fb871d4322bfdbb52e6e8d1d38,training_prevalence,prevalence,42,1,42,training_prevalence,uncalibrated,2026-10-05T00:04:59Z,calibrated,roc_auc,0.5,52277
b45cb7fb871d4322bfdbb52e6e8d1d38,training_prevalence,prevalence,42,1,42,training_prevalence,uncalibrated,2026-10-05T00:04:59Z,calibrated,pr_auc,0.08074296535761424,52277
b45cb7fb871d4322bfdbb52e6e8d1d38,training_prevalence,prevalence,42,1,42,training_prevalence,uncalibrated,2026-10-05T00:04:59Z,calibrated,brier_score,0.07422353923580763,52277
b45cb7fb871d4322bfdbb52e6e8d1d38,training_prevalence,prevalence,42,1,42,training_prevalence,uncalibrated,2026-10-05T00:04:59Z,calibrated,log_loss,0.2805802138170289,52277
b45cb7fb871d4322bfdbb52e6e8d1d38,training_prevalence,prevalence,42,1,42,training_prevalence,uncalibrated,2026-10-05T00:04:59Z,calibrated,min_predicted_probability,0.08072471887083772,52277
b45cb7fb871d4322bfdbb52e6e8d1d38,training_prevalence,prevalence,42,1,42,training_prevalence,uncalibrated,2026-10-05T00:04:59Z,calibrated,max_predicted_probability,0.08072471887083772,52277
b45cb7fb871d4322bfdbb52e6e8d1d38,training_prevalence,prevalence,42,1,42,training_prevalence,uncalibrated,2026-10-05T00:04:59Z,calibrated,top_decile_lift,1.000000000000001,52277
b45cb7fb871d4322bfdbb52e6e8d1d38,training_prevalence,prevalence,42,1,42,training_prevalence,uncalibrated,2026-10-05T00:04:59Z,calibrated,precision_at_top_decile,0.08074296535761434,52277
b45cb7fb871d4322bfdbb52e6e8d1d38,training_prevalence,prevalence,42,1,42,training_prevalence,uncalibrated,2026-10-05T00:04:59Z,calibrated,recall_at_manual_review_capacity,0.10000573866136164,52277
b45cb7fb871d4322bfdbb52e6e8d1d38,history_selected,lightgbm,42,2,42,full,uncalibrated,2026-10-05T00:04:59Z,raw,roc_auc,0.772195202241572,52277
b45cb7fb871d4322bfdbb52e6e8d1d38,history_selected,lightgbm,42,2,42,full,uncalibrated,2026-10-05T00:04:59Z,raw,pr_auc,0.2621314768050287,52277
b45cb7fb871d4322bfdbb52e6e8d1d38,history_selected,lightgbm,42,2,42,full,uncalibrated,2026-10-05T00:04:59Z,raw,brier_score,0.06686740742142723,52277
b45cb7fb871d4322bfdbb52e6e8d1d38,history_selected,lightgbm,42,2,42,full,uncalibrated,2026-10-05T00:04:59Z,raw,log_loss,0.24179177447258465,52277
b45cb7fb871d4322bfdbb52e6e8d1d38,history_selected,lightgbm,42,2,42,full,uncalibrated,2026-10-05T00:04:59Z,raw,min_predicted_probability,0.006027767381460238,52277
b45cb7fb871d4322bfdbb52e6e8d1d38,history_selected,lightgbm,42,2,42,full,uncalibrated,2026-10-05T00:04:59Z,raw,max_predicted_probability,0.7872979875798782,52277
b45cb7fb871d4322bfdbb52e6e8d1d38,history_selected,lightgbm,42,2,42,full,uncalibrated,2026-10-05T00:04:59Z,raw,top_decile_lift,3.5779937231893886,52277
b45cb7fb871d4322bfdbb52e6e8d1d38,history_selected,lightgbm,42,2,42,full,uncalibrated,2026-10-05T00:04:59Z,raw,precision_at_top_decile,0.2888293802601377,52277
b45cb7fb871d4322bfdbb52e6e8d1d38,history_selected,lightgbm,42,2,42,full,uncalibrated,2026-10-05T00:04:59Z,raw,recall_at_manual_review_capacity,0.3578199052132701,52277
b45cb7fb871d4322bfdbb52e6e8d1d38,history_selected,lightgbm,42,2,42,full,uncalibrated,2026-10-05T00:04:59Z,raw,balanced_utility_per_applicant,574.4792164814354,52277
b45cb7fb871d4322bfdbb52e6e8d1d38,history_selected,lightgbm,42,2,42,full,uncalibrated,2026-10-05T00:04:59Z,calibrated,roc_auc,0.772195202241572,52277
b45cb7fb871d4322bfdbb52e6e8d1d38,history_selected,lightgbm,42,2,42,full,uncalibrated,2026-10-05T00:04:59Z,calibrated,pr_auc,0.2621314768050287,52277
b45cb7fb871d4322bfdbb52e6e8d1d38,history_selected,lightgbm,42,2,42,full,uncalibrated,2026-10-05T00:04:59Z,calibrated,brier_score,0.06686740742142723,52277
b45cb7fb871d4322bfdbb52e6e8d1d38,history_selected,lightgbm,42,2,42,full,uncalibrated,2026-10-05T00:04:59Z,calibrated,log_loss,0.24179177447258465,52277
b45cb7fb871d4322bfdbb52e6e8d1d38,history_selected,lightgbm,42,2,42,full,uncalibrated,2026-10-05T00:04:59Z,calibrated,min_predicted_probability,0.006027767381460238,52277
b45cb7fb871d4322bfdbb52e6e8d1d38,history_selected,lightgbm,42,2,42,full,uncalibrated,2026-10-05T00:04:59Z,calibrated,max_predicted_probability,0.7872979875798782,52277
b45cb7fb871d4322bfdbb52e6e8d1d38,history_selected,lightgbm,42,2,42,full,uncalibrated,2026-10-05T00:04:59Z,calibrated,top_decile_lift,3.5779937231893886,52277
b45cb7fb871d4322bfdbb52e6e8d1d38,history_selected,lightgbm,42,2,42,full,uncalibrated,2026-10-05T00:04:59Z,calibrated,precision_at_top_decile,0.2888293802601377,52277
b45cb7fb871d4322bfdbb52e6e8d1d38,history_selected,lightgbm,42,2,42,full,uncalibrated,2026-10-05T00:04:59Z,calibrated,recall_at_manual_review_capacity,0.3578199052132701,52277
b45cb7fb871d4322bfdbb52e6e8d1d38,application_only,lightgbm,42,2,42,application_only,uncalibrated,2026-10-05T00:04:59Z,raw,roc_auc,0.7462257398328426,52277
b45cb7fb871d4322bfdbb52e6e8d1d38,application_only,lightgbm,42,2,42,application_only,uncalibrated,2026-10-05T00:04:59Z,raw,pr_auc,0.2307517588392693,52277
b45cb7fb871d4322bfdbb52e6e8d1d38,application_only,lightgbm,42,2,42,application_only,uncalibrated,2026-10-05T00:04:59Z,raw,brier_score,0.06843884086096763,52277
b45cb7fb871d4322bfdbb52e6e8d1d38,application_only,lightgbm,42,2,42,application_only,uncalibrated,2026-10-05T00:04:59Z,raw,log_loss,0.24923953536223295,52277
b45cb7fb871d4322bfdbb52e6e8d1d38,application_only,lightgbm,42,2,42,application_only,uncalibrated,2026-10-05T00:04:59Z,raw,min_predicted_probability,0.005939387663023546,52277
b45cb7fb871d4322bfdbb52e6e8d1d38,application_only,lightgbm,42,2,42,application_only,uncalibrated,2026-10-05T00:04:59Z,raw,max_predicted_probability,0.6473726561544978,52277
b45cb7fb871d4322bfdbb52e6e8d1d38,application_only,lightgbm,42,2,42,application_only,uncalibrated,2026-10-05T00:04:59Z,raw,top_decile_lift,3.246259205807591,52277
b45cb7fb871d4322bfdbb52e6e8d1d38,application_only,lightgbm,42,2,42,application_only,uncalibrated,2026-10-05T00:04:59Z,raw,precision_at_top_decile,0.2620504973221117,52277
b45cb7fb871d4322bfdbb52e6e8d1d38,application_only,lightgbm,42,2,42,application_only,uncalibrated,2026-10-05T00:04:59Z,raw,recall_at_manual_review_capacity,0.3246445497630332,52277
b45cb7fb871d4322bfdbb52e6e8d1d38,application_only,lightgbm,42,2,42,application_only,uncalibrated,2026-10-05T00:04:59Z,raw,balanced_utility_per_applicant,556.0504619622396,52277
b45cb7fb871d4322bfdbb52e6e8d1d38,application_only,lightgbm,42,2,42,application_only,uncalibrated,2026-10-05T00:04:59Z,calibrated,roc_auc,0.7462257398328426,52277
b45cb7fb871d4322bfdbb52e6e8d1d38,application_only,lightgbm,42,2,42,application_only,uncalibrated,2026-10-05T00:04:59Z,calibrated,pr_auc,0.2307517588392693,52277
b45cb7fb871d4322bfdbb52e6e8d1d38,application_only,lightgbm,42,2,42,application_only,uncalibrated,2026-10-05T00:04:59Z,calibrated,brier_score,0.06843884086096763,52277
b45cb7fb871d4322bfdbb52e6e8d1d38,application_only,lightgbm,42,2,42,application_only,uncalibrated,2026-10-05T00:04:59Z,calibrated,log_loss,0.24923953536223295,52277
b45cb7fb871d4322bfdbb52e6e8d1d38,application_only,lightgbm,42,2,42,application_only,uncalibrated,2026-10-05T00:04:59Z,calibrated,min_predicted_probability,0.005939387663023546,52277
b45cb7fb871d4322bfdbb52e6e8d1d38,application_only,lightgbm,42,2,42,application_only,uncalibrated,2026-10-05T00:04:59Z,calibrated,max_predicted_probability,0.6473726561544978,52277
b45cb7fb871d4322bfdbb52e6e8d1d38,application_only,lightgbm,42,2,42,application_only,uncalibrated,2026-10-05T00:04:59Z,calibrated,top_decile_lift,3.246259205807591,52277
b45cb7fb871d4322bfdbb52e6e8d1d38,application_only,lightgbm,42,2,42,application_only,uncalibrated,2026-10-05T00:04:59Z,calibrated,precision_at_top_decile,0.2620504973221117,52277
b45cb7fb871d4322bfdbb52e6e8d1d38,application_only,lightgbm,42,2,42,application_only,uncalibrated,2026-10-05T00:04:59Z,calibrated,recall_at_manual_review_capacity,0.3246445497630332,52277
b45cb7fb871d4322bfdbb52e6e8d1d38,logistic_tuned,logistic_regression,42,2,42,logistic_tuned,uncalibrated,2026-10-05T00:04:59Z,raw,roc_auc,0.7646929342495834,52277
b45cb7fb871d4322bfdbb52e6e8d1d38,logistic_tuned,logistic_regression,42,2,42,logistic_tuned,uncalibrated,2026-10-05T00:04:59Z,raw,pr_auc,0.2550845256854747,52277
b45cb7fb871d4322bfdbb52e6e8d1d38,logistic_tuned,logistic_regression,42,2,42,logistic_tuned,uncalibrated,2026-10-05T00:04:59Z,raw,brier_score,0.0673062844641691,52277
b45cb7fb871d4322bfdbb52e6e8d1d38,logistic_tuned,logistic_regression,42,2,42,logistic_tuned,uncalibrated,2026-10-05T00:04:59Z,raw,log_loss,0.2440546833516126,52277
b45cb7fb871d4322bfdbb52e6e8d1d38,logistic_tuned,logistic_regression,42,2,42,logistic_tuned,uncalibrated,2026-10-05T00:04:59Z,raw,min_predicted_probability,7.562322661442545e-11,52277
b45cb7fb871d4322bfdbb52e6e8d1d38,logistic_tuned,logistic_regression,42,2,42,logistic_tuned,uncalibrated,2026-10-05T00:04:59Z,raw,max_predicted_probability,0.9999999775369995,52277
b45cb7fb871d4322bfdbb52e6e8d1d38,logistic_tuned,logistic_regression,42,2,42,logistic_tuned,uncalibrated,2026-10-05T00:04:59Z,raw,top_decile_lift,3.442930383969657,52277
b45cb7fb871d4322bfdbb52e6e8d1d38,logistic_tuned,logistic_regression,42,2,42,logistic_tuned,uncalibrated,2026-10-05T00:04:59Z,raw,precision_at_top_decile,0.2779265493496557,52277
b45cb7fb871d4322bfdbb52e6e8d1d38,logistic_tuned,logistic_regression,42,2,42,logistic_tuned,uncalibrated,2026-10-05T00:04:59Z,raw,recall_at_manual_review_capacity,0.3443127962085308,52277
b45cb7fb871d4322bfdbb52e6e8d1d38,logistic_tuned,logistic_regression,42,2,42,logistic_tuned,uncalibrated,2026-10-05T00:04:59Z,raw,balanced_utility_per_applicant,567.4264016680376,52277
b45cb7fb871d4322bfdbb52e6e8d1d38,logistic_tuned,logistic_regression,42,2,42,logistic_tuned,uncalibrated,2026-10-05T00:04:59Z,calibrated,roc_auc,0.7646929342495834,52277
b45cb7fb871d4322bfdbb52e6e8d1d38,logistic_tuned,logistic_regression,42,2,42,logistic_tuned,uncalibrated,2026-10-05T00:04:59Z,calibrated,pr_auc,0.2550845256854747,52277
b45cb7fb871d4322bfdbb52e6e8d1d38,logistic_tuned,logistic_regression,42,2,42,logistic_tuned,uncalibrated,2026-10-05T00:04:59Z,calibrated,brier_score,0.0673062844641691,52277
b45cb7fb871d4322bfdbb52e6e8d1d38,logistic_tuned,logistic_regression,42,2,42,logistic_tuned,uncalibrated,2026-10-05T00:04:59Z,calibrated,log_loss,0.2440546833516126,52277
b45cb7fb871d4322bfdbb52e6e8d1d38,logistic_tuned,logistic_regression,42,2,42,logistic_tuned,uncalibrated,2026-10-05T00:04:59Z,calibrated,min_predicted_probability,7.562322661442545e-11,52277
b45cb7fb871d4322bfdbb52e6e8d1d38,logistic_tuned,logistic_regression,42,2,42,logistic_tuned,uncalibrated,2026-10-05T00:04:59Z,calibrated,max_predicted_probability,0.9999999775369995,52277
b45cb7fb871d4322bfdbb52e6e8d1d38,logistic_tuned,logistic_regression,42,2,42,logistic_tuned,uncalibrated,2026-10-05T00:04:59Z,calibrated,top_decile_lift,3.442930383969657,52277
b45cb7fb871d4322bfdbb52e6e8d1d38,logistic_tuned,logistic_regression,42,2,42,logistic_tuned,uncalibrated,2026-10-05T00:04:59Z,calibrated,precision_at_top_decile,0.2779265493496557,52277
b45cb7fb871d4322bfdbb52e6e8d1d38,logistic_tuned,logistic_regression,42,2,42,logistic_tuned,uncalibrated,2026-10-05T00:04:59Z,calibrated,recall_at_manual_review_capacity,0.3443127962085308,52277
b45cb7fb871d4322bfdbb52e6e8d1d38,training_prevalence,prevalence,42,2,42,training_prevalence,uncalibrated,2026-10-05T00:04:59Z,raw,roc_auc,0.5,52277
b45cb7fb871d4322bfdbb52e6e8d1d38,training_prevalence,prevalence,42,2,42,training_prevalence,uncalibrated,2026-10-05T00:04:59Z,raw,pr_auc,0.08072383648640893,52277
b45cb7fb871d4322bfdbb52e6e8d1d38,training_prevalence,prevalence,42,2,42,training_prevalence,uncalibrated,2026-10-05T00:04:59Z,raw,brier_score,0.07420749876883333,52277
b45cb7fb871d4322bfdbb52e6e8d1d38,training_prevalence,prevalence,42,2,42,training_prevalence,uncalibrated,2026-10-05T00:04:59Z,raw,log_loss,0.28053368245329385,52277
b45cb7fb871d4322bfdbb52e6e8d1d38,training_prevalence,prevalence,42,2,42,training_prevalence,uncalibrated,2026-10-05T00:04:59Z,raw,min_predicted_probability,0.08073155068523098,52277
b45cb7fb871d4322bfdbb52e6e8d1d38,training_prevalence,prevalence,42,2,42,training_prevalence,uncalibrated,2026-10-05T00:04:59Z,raw,max_predicted_probability,0.08073155068523098,52277
b45cb7fb871d4322bfdbb52e6e8d1d38,training_prevalence,prevalence,42,2,42,training_prevalence,uncalibrated,2026-10-05T00:04:59Z,raw,top_decile_lift,1.000000000000001,52277
b45cb7fb871d4322bfdbb52e6e8d1d38,training_prevalence,prevalence,42,2,42,training_prevalence,uncalibrated,2026-10-05T00:04:59Z,raw,precision_at_top_decile,0.08072383648640903,52277
b45cb7fb871d4322bfdbb52e6e8d1d38,training_prevalence,prevalence,42,2,42,training_prevalence,uncalibrated,2026-10-05T00:04:59Z,raw,recall_at_manual_review_capacity,0.10000573866136164,52277
b45cb7fb871d4322bfdbb52e6e8d1d38,training_prevalence,prevalence,42,2,42,training_prevalence,uncalibrated,2026-10-05T00:04:59Z,calibrated,roc_auc,0.5,52277
b45cb7fb871d4322bfdbb52e6e8d1d38,training_prevalence,prevalence,42,2,42,training_prevalence,uncalibrated,2026-10-05T00:04:59Z,calibrated,pr_auc,0.08072383648640893,52277
b45cb7fb871d4322bfdbb52e6e8d1d38,training_prevalence,prevalence,42,2,42,training_prevalence,uncalibrated,2026-10-05T00:04:59Z,calibrated,brier_score,0.07420749876883333,52277
b45cb7fb871d4322bfdbb52e6e8d1d38,training_prevalence,prevalence,42,2,42,training_prevalence,uncalibrated,2026-10-05T00:04:59Z,calibrated,log_loss,0.28053368245329385,52277
b45cb7fb871d4322bfdbb52e6e8d1d38,training_prevalence,prevalence,42,2,42,training_prevalence,uncalibrated,2026-10-05T00:04:59Z,calibrated,min_predicted_probability,0.08073155068523098,52277
b45cb7fb871d4322bfdbb52e6e8d1d38,training_prevalence,prevalence,42,2,42,training_prevalence,uncalibrated,2026-10-05T00:04:59Z,calibrated,max_predicted_probability,0.08073155068523098,52277
b45cb7fb871d4322bfdbb52e6e8d1d38,training_prevalence,prevalence,42,2,42,training_prevalence,uncalibrated,2026-10-05T00:04:59Z,calibrated,top_decile_lift,1.000000000000001,52277
b45cb7fb871d4322bfdbb52e6e8d1d38,training_prevalence,prevalence,42,2,42,training_prevalence,uncalibrated,2026-10-05T00:04:59Z,calibrated,precision_at_top_decile,0.08072383648640903,52277
b45cb7fb871d4322bfdbb52e6e8d1d38,training_prevalence,prevalence,42,2,42,training_prevalence,uncalibrated,2026-10-05T00:04:59Z,calibrated,recall_at_manual_review_capacity,0.10000573866136164,52277
b45cb7fb871d4322bfdbb52e6e8d1d38,history_selected,lightgbm,42,3,42,full,uncalibrated,2026-10-05T00:04:59Z,raw,roc_auc,0.775142447845553,52277
b45cb7fb871d4322bfdbb52e6e8d1d38,history_selected,lightgbm,42,3,42,full,uncalibrated,2026-10-05T00:04:59Z,raw,pr_auc,0.26543983799854093,52277
b45cb7fb871d4322bfdbb52e6e8d1d38,history_selected,lightgbm,42,3,42,full,uncalibrated,2026-10-05T00:04:59Z,raw,brier_score,0.06664364422108777,52277
b45cb7fb871d4322bfdbb52e6e8d1d38,history_selected,lightgbm,42,3,42,full,uncalibrated,2026-10-05T00:04:59Z,raw,log_loss,0.24082372046449618,52277
b45cb7fb871d4322bfdbb52e6e8d1d38,history_selected,lightgbm,42,3,42,full,uncalibrated,2026-10-05T00:04:59Z,raw,min_predicted_probability,0.004746872212449881,52277
b45cb7fb871d4322bfdbb52e6e8d1d38,history_selected,lightgbm,42,3,42,full,uncalibrated,2026-10-05T00:04:59Z,raw,max_predicted_probability,0.8412619889587569,52277
b45cb7fb871d4322bfdbb52e6e8d1d38,history_selected,lightgbm,42,3,42,full,uncalibrated,2026-10-05T00:04:59Z,raw,top_decile_lift,3.6087976426605555,52277
b45cb7fb871d4322bfdbb52e6e8d1d38,history_selected,lightgbm,42,3,42,full,uncalibrated,2026-10-05T00:04:59Z,raw,precision_at_top_decile,0.2913159908186687,52277
b45cb7fb871d4322bfdbb52e6e8d1d38,history_selected,lightgbm,42,3,42,full,uncalibrated,2026-10-05T00:04:59Z,raw,recall_at_manual_review_capacity,0.36090047393364927,52277
b45cb7fb871d4322bfdbb52e6e8d1d38,history_selected,lightgbm,42,3,42,full,uncalibrated,2026-10-05T00:04:59Z,raw,balanced_utility_per_applicant,576.58530520114,52277
b45cb7fb871d4322bfdbb52e6e8d1d38,history_selected,lightgbm,42,3,42,full,uncalibrated,2026-10-05T00:04:59Z,calibrated,roc_auc,0.775142447845553,52277
b45cb7fb871d4322bfdbb52e6e8d1d38,history_selected,lightgbm,42,3,42,full,uncalibrated,2026-10-05T00:04:59Z,calibrated,pr_auc,0.26543983799854093,52277
b45cb7fb871d4322bfdbb52e6e8d1d38,history_selected,lightgbm,42,3,42,full,uncalibrated,2026-10-05T00:04:59Z,calibrated,brier_score,0.06664364422108777,52277
b45cb7fb871d4322bfdbb52e6e8d1d38,history_selected,lightgbm,42,3,42,full,uncalibrated,2026-10-05T00:04:59Z,calibrated,log_loss,0.24082372046449618,52277
b45cb7fb871d4322bfdbb52e6e8d1d38,history_selected,lightgbm,42,3,42,full,uncalibrated,2026-10-05T00:04:59Z,calibrated,min_predicted_probability,0.004746872212449881,52277
b45cb7fb871d4322bfdbb52e6e8d1d38,history_selected,lightgbm,42,3,42,full,uncalibrated,2026-10-05T00:04:59Z,calibrated,max_predicted_probability,0.8412619889587569,52277
b45cb7fb871d4322bfdbb52e6e8d1d38,history_selected,lightgbm,42,3,42,full,uncalibrated,2026-10-05T00:04:59Z,calibrated,top_decile_lift,3.6087976426605555,52277
b45cb7fb871d4322bfdbb52e6e8d1d38,history_selected,lightgbm,42,3,42,full,uncalibrated,2026-10-05T00:04:59Z,calibrated,precision_at_top_decile,0.2913159908186687,52277
b45cb7fb871d4322bfdbb52e6e8d1d38,history_selected,lightgbm,42,3,42,full,uncalibrated,2026-10-05T00:04:59Z,calibrated,recall_at_manual_review_capacity,0.36090047393364927,52277
b45cb7fb871d4322bfdbb52e6e8d1d38,application_only,lightgbm,42,3,42,application_only,uncalibrated,2026-10-05T00:04:59Z,raw,roc_auc,0.7480574114842101,52277
b45cb7fb871d4322bfdbb52e6e8d1d38,application_only,lightgbm,42,3,42,application_only,uncalibrated,2026-10-05T00:04:59Z,raw,pr_auc,0.22870315530959903,52277
b45cb7fb871d4322bfdbb52e6e8d1d38,application_only,lightgbm,42,3,42,application_only,uncalibrated,2026-10-05T00:04:59Z,raw,brier_score,0.06851883102587372,52277
b45cb7fb871d4322bfdbb52e6e8d1d38,application_only,lightgbm,42,3,42,application_only,uncalibrated,2026-10-05T00:04:59Z,raw,log_loss,0.24921243234952037,52277
b45cb7fb871d4322bfdbb52e6e8d1d38,application_only,lightgbm,42,3,42,application_only,uncalibrated,2026-10-05T00:04:59Z,raw,min_predicted_probability,0.006726068316940357,52277
b45cb7fb871d4322bfdbb52e6e8d1d38,application_only,lightgbm,42,3,42,application_only,uncalibrated,2026-10-05T00:04:59Z,raw,max_predicted_probability,0.608650549236743,52277
b45cb7fb871d4322bfdbb52e6e8d1d38,application_only,lightgbm,42,3,42,application_only,uncalibrated,2026-10-05T00:04:59Z,raw,top_decile_lift,3.160956044195129,52277
b45cb7fb871d4322bfdbb52e6e8d1d38,application_only,lightgbm,42,3,42,application_only,uncalibrated,2026-10-05T00:04:59Z,raw,precision_at_top_decile,0.2551644988523336,52277
b45cb7fb871d4322bfdbb52e6e8d1d38,application_only,lightgbm,42,3,42,application_only,uncalibrated,2026-10-05T00:04:59Z,raw,recall_at_manual_review_capacity,0.3161137440758294,52277
b45cb7fb871d4322bfdbb52e6e8d1d38,application_only,lightgbm,42,3,42,application_only,uncalibrated,2026-10-05T00:04:59Z,raw,balanced_utility_per_applicant,556.6071121143142,52277
b45cb7fb871d4322bfdbb52e6e8d1d38,application_only,lightgbm,42,3,42,application_only,uncalibrated,2026-10-05T00:04:59Z,calibrated,roc_auc,0.7480574114842101,52277
b45cb7fb871d4322bfdbb52e6e8d1d38,application_only,lightgbm,42,3,42,application_only,uncalibrated,2026-10-05T00:04:59Z,calibrated,pr_auc,0.22870315530959903,52277
b45cb7fb871d4322bfdbb52e6e8d1d38,application_only,lightgbm,42,3,42,application_only,uncalibrated,2026-10-05T00:04:59Z,calibrated,brier_score,0.06851883102587372,52277
b45cb7fb871d4322bfdbb52e6e8d1d38,application_only,lightgbm,42,3,42,application_only,uncalibrated,2026-10-05T00:04:59Z,calibrated,log_loss,0.24921243234952037,52277
b45cb7fb871d4322bfdbb52e6e8d1d38,application_only,lightgbm,42,3,42,application_only,uncalibrated,2026-10-05T00:04:59Z,calibrated,min_predicted_probability,0.006726068316940357,52277
b45cb7fb871d4322bfdbb52e6e8d1d38,application_only,lightgbm,42,3,42,application_only,uncalibrated,2026-10-05T00:04:59Z,calibrated,max_predicted_probability,0.608650549236743,52277
b45cb7fb871d4322bfdbb52e6e8d1d38,application_only,lightgbm,42,3,42,application_only,uncalibrated,2026-10-05T00:04:59Z,calibrated,top_decile_lift,3.160956044195129,52277
b45cb7fb871d4322bfdbb52e6e8d1d38,application_only,lightgbm,42,3,42,application_only,uncalibrated,2026-10-05T00:04:59Z,calibrated,precision_at_top_decile,0.2551644988523336,52277
b45cb7fb871d4322bfdbb52e6e8d1d38,application_only,lightgbm,42,3,42,application_only,uncalibrated,2026-10-05T00:04:59Z,calibrated,recall_at_manual_review_capacity,0.3161137440758294,52277
b45cb7fb871d4322bfdbb52e6e8d1d38,logistic_tuned,logistic_regression,42,3,42,logistic_tuned,uncalibrated,2026-10-05T00:04:59Z,raw,roc_auc,0.7641880490061812,52277
b45cb7fb871d4322bfdbb52e6e8d1d38,logistic_tuned,logistic_regression,42,3,42,logistic_tuned,uncalibrated,2026-10-05T00:04:59Z,raw,pr_auc,0.24366138658885794,52277
b45cb7fb871d4322bfdbb52e6e8d1d38,logistic_tuned,logistic_regression,42,3,42,logistic_tuned,uncalibrated,2026-10-05T00:04:59Z,raw,brier_score,0.06771503267991591,52277
b45cb7fb871d4322bfdbb52e6e8d1d38,logistic_tuned,logistic_regression,42,3,42,logistic_tuned,uncalibrated,2026-10-05T00:04:59Z,raw,log_loss,0.24537338523189178,52277
b45cb7fb871d4322bfdbb52e6e8d1d38,logistic_tuned,logistic_regression,42,3,42,logistic_tuned,uncalibrated,2026-10-05T00:04:59Z,raw,min_predicted_probability,1.0080672235501246e-05,52277
b45cb7fb871d4322bfdbb52e6e8d1d38,logistic_tuned,logistic_regression,42,3,42,logistic_tuned,uncalibrated,2026-10-05T00:04:59Z,raw,max_predicted_probability,0.9887198626961761,52277
b45cb7fb871d4322bfdbb52e6e8d1d38,logistic_tuned,logistic_regression,42,3,42,logistic_tuned,uncalibrated,2026-10-05T00:04:59Z,raw,top_decile_lift,3.3955397386294,52277
b45cb7fb871d4322bfdbb52e6e8d1d38,logistic_tuned,logistic_regression,42,3,42,logistic_tuned,uncalibrated,2026-10-05T00:04:59Z,raw,precision_at_top_decile,0.27410099464422344,52277
b45cb7fb871d4322bfdbb52e6e8d1d38,logistic_tuned,logistic_regression,42,3,42,logistic_tuned,uncalibrated,2026-10-05T00:04:59Z,raw,recall_at_manual_review_capacity,0.3395734597156398,52277
b45cb7fb871d4322bfdbb52e6e8d1d38,logistic_tuned,logistic_regression,42,3,42,logistic_tuned,uncalibrated,2026-10-05T00:04:59Z,raw,balanced_utility_per_applicant,567.9706180538286,52277
b45cb7fb871d4322bfdbb52e6e8d1d38,logistic_tuned,logistic_regression,42,3,42,logistic_tuned,uncalibrated,2026-10-05T00:04:59Z,calibrated,roc_auc,0.7641880490061812,52277
b45cb7fb871d4322bfdbb52e6e8d1d38,logistic_tuned,logistic_regression,42,3,42,logistic_tuned,uncalibrated,2026-10-05T00:04:59Z,calibrated,pr_auc,0.24366138658885794,52277
b45cb7fb871d4322bfdbb52e6e8d1d38,logistic_tuned,logistic_regression,42,3,42,logistic_tuned,uncalibrated,2026-10-05T00:04:59Z,calibrated,brier_score,0.06771503267991591,52277
b45cb7fb871d4322bfdbb52e6e8d1d38,logistic_tuned,logistic_regression,42,3,42,logistic_tuned,uncalibrated,2026-10-05T00:04:59Z,calibrated,log_loss,0.24537338523189178,52277
b45cb7fb871d4322bfdbb52e6e8d1d38,logistic_tuned,logistic_regression,42,3,42,logistic_tuned,uncalibrated,2026-10-05T00:04:59Z,calibrated,min_predicted_probability,1.0080672235501246e-05,52277
b45cb7fb871d4322bfdbb52e6e8d1d38,logistic_tuned,logistic_regression,42,3,42,logistic_tuned,uncalibrated,2026-10-05T00:04:59Z,calibrated,max_predicted_probability,0.9887198626961761,52277
b45cb7fb871d4322bfdbb52e6e8d1d38,logistic_tuned,logistic_regression,42,3,42,logistic_tuned,uncalibrated,2026-10-05T00:04:59Z,calibrated,top_decile_lift,3.3955397386294,52277
b45cb7fb871d4322bfdbb52e6e8d1d38,logistic_tuned,logistic_regression,42,3,42,logistic_tuned,uncalibrated,2026-10-05T00:04:59Z,calibrated,precision_at_top_decile,0.27410099464422344,52277
b45cb7fb871d4322bfdbb52e6e8d1d38,logistic_tuned,logistic_regression,42,3,42,logistic_tuned,uncalibrated,2026-10-05T00:04:59Z,calibrated,recall_at_manual_review_capacity,0.3395734597156398,52277
b45cb7fb871d4322bfdbb52e6e8d1d38,training_prevalence,prevalence,42,3,42,training_prevalence,uncalibrated,2026-10-05T00:04:59Z,raw,roc_auc,0.5,52277
b45cb7fb871d4322bfdbb52e6e8d1d38,training_prevalence,prevalence,42,3,42,training_prevalence,uncalibrated,2026-10-05T00:04:59Z,raw,pr_auc,0.08072383648640893,52277
b45cb7fb871d4322bfdbb52e6e8d1d38,training_prevalence,prevalence,42,3,42,training_prevalence,uncalibrated,2026-10-05T00:04:59Z,raw,brier_score,0.07420749876883331,52277
b45cb7fb871d4322bfdbb52e6e8d1d38,training_prevalence,prevalence,42,3,42,training_prevalence,uncalibrated,2026-10-05T00:04:59Z,raw,log_loss,0.28053368245329385,52277
b45cb7fb871d4322bfdbb52e6e8d1d38,training_prevalence,prevalence,42,3,42,training_prevalence,uncalibrated,2026-10-05T00:04:59Z,raw,min_predicted_probability,0.08073155068523098,52277
b45cb7fb871d4322bfdbb52e6e8d1d38,training_prevalence,prevalence,42,3,42,training_prevalence,uncalibrated,2026-10-05T00:04:59Z,raw,max_predicted_probability,0.08073155068523098,52277
b45cb7fb871d4322bfdbb52e6e8d1d38,training_prevalence,prevalence,42,3,42,training_prevalence,uncalibrated,2026-10-05T00:04:59Z,raw,top_decile_lift,1.000000000000001,52277
b45cb7fb871d4322bfdbb52e6e8d1d38,training_prevalence,prevalence,42,3,42,training_prevalence,uncalibrated,2026-10-05T00:04:59Z,raw,precision_at_top_decile,0.08072383648640903,52277
b45cb7fb871d4322bfdbb52e6e8d1d38,training_prevalence,prevalence,42,3,42,training_prevalence,uncalibrated,2026-10-05T00:04:59Z,raw,recall_at_manual_review_capacity,0.10000573866136164,52277
b45cb7fb871d4322bfdbb52e6e8d1d38,training_prevalence,prevalence,42,3,42,training_prevalence,uncalibrated,2026-10-05T00:04:59Z,calibrated,roc_auc,0.5,52277
b45cb7fb871d4322bfdbb52e6e8d1d38,training_prevalence,prevalence,42,3,42,training_prevalence,uncalibrated,2026-10-05T00:04:59Z,calibrated,pr_auc,0.08072383648640893,52277
b45cb7fb871d4322bfdbb52e6e8d1d38,training_prevalence,prevalence,42,3,42,training_prevalence,uncalibrated,2026-10-05T00:04:59Z,calibrated,brier_score,0.07420749876883331,52277
b45cb7fb871d4322bfdbb52e6e8d1d38,training_prevalence,prevalence,42,3,42,training_prevalence,uncalibrated,2026-10-05T00:04:59Z,calibrated,log_loss,0.28053368245329385,52277
b45cb7fb871d4322bfdbb52e6e8d1d38,training_prevalence,prevalence,42,3,42,training_prevalence,uncalibrated,2026-10-05T00:04:59Z,calibrated,min_predicted_probability,0.08073155068523098,52277
b45cb7fb871d4322bfdbb52e6e8d1d38,training_prevalence,prevalence,42,3,42,training_prevalence,uncalibrated,2026-10-05T00:04:59Z,calibrated,max_predicted_probability,0.08073155068523098,52277
b45cb7fb871d4322bfdbb52e6e8d1d38,training_prevalence,prevalence,42,3,42,training_prevalence,uncalibrated,2026-10-05T00:04:59Z,calibrated,top_decile_lift,1.000000000000001,52277
b45cb7fb871d4322bfdbb52e6e8d1d38,training_prevalence,prevalence,42,3,42,training_prevalence,uncalibrated,2026-10-05T00:04:59Z,calibrated,precision_at_top_decile,0.08072383648640903,52277
b45cb7fb871d4322bfdbb52e6e8d1d38,training_prevalence,prevalence,42,3,42,training_prevalence,uncalibrated,2026-10-05T00:04:59Z,calibrated,recall_at_manual_review_capacity,0.10000573866136164,52277
b45cb7fb871d4322bfdbb52e6e8d1d38,history_selected,lightgbm,42,4,42,full,uncalibrated,2026-10-05T00:04:59Z,raw,roc_auc,0.7780877999634518,52277
b45cb7fb871d4322bfdbb52e6e8d1d38,history_selected,lightgbm,42,4,42,full,uncalibrated,2026-10-05T00:04:59Z,raw,pr_auc,0.27040432969327743,52277
b45cb7fb871d4322bfdbb52e6e8d1d38,history_selected,lightgbm,42,4,42,full,uncalibrated,2026-10-05T00:04:59Z,raw,brier_score,0.06641924530118648,52277
b45cb7fb871d4322bfdbb52e6e8d1d38,history_selected,lightgbm,42,4,42,full,uncalibrated,2026-10-05T00:04:59Z,raw,log_loss,0.23986336770598043,52277
b45cb7fb871d4322bfdbb52e6e8d1d38,history_selected,lightgbm,42,4,42,full,uncalibrated,2026-10-05T00:04:59Z,raw,min_predicted_probability,0.005359194046553209,52277
b45cb7fb871d4322bfdbb52e6e8d1d38,history_selected,lightgbm,42,4,42,full,uncalibrated,2026-10-05T00:04:59Z,raw,max_predicted_probability,0.7434236484467985,52277
b45cb7fb871d4322bfdbb52e6e8d1d38,history_selected,lightgbm,42,4,42,full,uncalibrated,2026-10-05T00:04:59Z,raw,top_decile_lift,3.6111671749275684,52277
b45cb7fb871d4322bfdbb52e6e8d1d38,history_selected,lightgbm,42,4,42,full,uncalibrated,2026-10-05T00:04:59Z,raw,precision_at_top_decile,0.2915072685539403,52277
b45cb7fb871d4322bfdbb52e6e8d1d38,history_selected,lightgbm,42,4,42,full,uncalibrated,2026-10-05T00:04:59Z,raw,recall_at_manual_review_capacity,0.36113744075829385,52277
b45cb7fb871d4322bfdbb52e6e8d1d38,history_selected,lightgbm,42,4,42,full,uncalibrated,2026-10-05T00:04:59Z,raw,balanced_utility_per_applicant,580.2982191020908,52277
b45cb7fb871d4322bfdbb52e6e8d1d38,history_selected,lightgbm,42,4,42,full,uncalibrated,2026-10-05T00:04:59Z,calibrated,roc_auc,0.7780877999634518,52277
b45cb7fb871d4322bfdbb52e6e8d1d38,history_selected,lightgbm,42,4,42,full,uncalibrated,2026-10-05T00:04:59Z,calibrated,pr_auc,0.27040432969327743,52277
b45cb7fb871d4322bfdbb52e6e8d1d38,history_selected,lightgbm,42,4,42,full,uncalibrated,2026-10-05T00:04:59Z,calibrated,brier_score,0.06641924530118648,52277
b45cb7fb871d4322bfdbb52e6e8d1d38,history_selected,lightgbm,42,4,42,full,uncalibrated,2026-10-05T00:04:59Z,calibrated,log_loss,0.23986336770598043,52277
b45cb7fb871d4322bfdbb52e6e8d1d38,history_selected,lightgbm,42,4,42,full,uncalibrated,2026-10-05T00:04:59Z,calibrated,min_predicted_probability,0.005359194046553209,52277
b45cb7fb871d4322bfdbb52e6e8d1d38,history_selected,lightgbm,42,4,42,full,uncalibrated,2026-10-05T00:04:59Z,calibrated,max_predicted_probability,0.7434236484467985,52277
b45cb7fb871d4322bfdbb52e6e8d1d38,history_selected,lightgbm,42,4,42,full,uncalibrated,2026-10-05T00:04:59Z,calibrated,top_decile_lift,3.6111671749275684,52277
b45cb7fb871d4322bfdbb52e6e8d1d38,history_selected,lightgbm,42,4,42,full,uncalibrated,2026-10-05T00:04:59Z,calibrated,precision_at_top_decile,0.2915072685539403,52277
b45cb7fb871d4322bfdbb52e6e8d1d38,history_selected,lightgbm,42,4,42,full,uncalibrated,2026-10-05T00:04:59Z,calibrated,recall_at_manual_review_capacity,0.36113744075829385,52277
b45cb7fb871d4322bfdbb52e6e8d1d38,application_only,lightgbm,42,4,42,application_only,uncalibrated,2026-10-05T00:04:59Z,raw,roc_auc,0.7520441414998206,52277
b45cb7fb871d4322bfdbb52e6e8d1d38,application_only,lightgbm,42,4,42,application_only,uncalibrated,2026-10-05T00:04:59Z,raw,pr_auc,0.23947599651600815,52277
b45cb7fb871d4322bfdbb52e6e8d1d38,application_only,lightgbm,42,4,42,application_only,uncalibrated,2026-10-05T00:04:59Z,raw,brier_score,0.0679822668960413,52277
b45cb7fb871d4322bfdbb52e6e8d1d38,application_only,lightgbm,42,4,42,application_only,uncalibrated,2026-10-05T00:04:59Z,raw,log_loss,0.24745080229547506,52277
b45cb7fb871d4322bfdbb52e6e8d1d38,application_only,lightgbm,42,4,42,application_only,uncalibrated,2026-10-05T00:04:59Z,raw,min_predicted_probability,0.0036483557104311135,52277
b45cb7fb871d4322bfdbb52e6e8d1d38,application_only,lightgbm,42,4,42,application_only,uncalibrated,2026-10-05T00:04:59Z,raw,max_predicted_probability,0.6704971439247701,52277
b45cb7fb871d4322bfdbb52e6e8d1d38,application_only,lightgbm,42,4,42,application_only,uncalibrated,2026-10-05T00:04:59Z,raw,top_decile_lift,3.3765834804932973,52277
b45cb7fb871d4322bfdbb52e6e8d1d38,application_only,lightgbm,42,4,42,application_only,uncalibrated,2026-10-05T00:04:59Z,raw,precision_at_top_decile,0.2725707727620505,52277
b45cb7fb871d4322bfdbb52e6e8d1d38,application_only,lightgbm,42,4,42,application_only,uncalibrated,2026-10-05T00:04:59Z,raw,recall_at_manual_review_capacity,0.33767772511848343,52277
b45cb7fb871d4322bfdbb52e6e8d1d38,application_only,lightgbm,42,4,42,application_only,uncalibrated,2026-10-05T00:04:59Z,raw,balanced_utility_per_applicant,562.1535283202938,52277
b45cb7fb871d4322bfdbb52e6e8d1d38,application_only,lightgbm,42,4,42,application_only,uncalibrated,2026-10-05T00:04:59Z,calibrated,roc_auc,0.7520441414998206,52277
b45cb7fb871d4322bfdbb52e6e8d1d38,application_only,lightgbm,42,4,42,application_only,uncalibrated,2026-10-05T00:04:59Z,calibrated,pr_auc,0.23947599651600815,52277
b45cb7fb871d4322bfdbb52e6e8d1d38,application_only,lightgbm,42,4,42,application_only,uncalibrated,2026-10-05T00:04:59Z,calibrated,brier_score,0.0679822668960413,52277
b45cb7fb871d4322bfdbb52e6e8d1d38,application_only,lightgbm,42,4,42,application_only,uncalibrated,2026-10-05T00:04:59Z,calibrated,log_loss,0.24745080229547506,52277
b45cb7fb871d4322bfdbb52e6e8d1d38,application_only,lightgbm,42,4,42,application_only,uncalibrated,2026-10-05T00:04:59Z,calibrated,min_predicted_probability,0.0036483557104311135,52277
b45cb7fb871d4322bfdbb52e6e8d1d38,application_only,lightgbm,42,4,42,application_only,uncalibrated,2026-10-05T00:04:59Z,calibrated,max_predicted_probability,0.6704971439247701,52277
b45cb7fb871d4322bfdbb52e6e8d1d38,application_only,lightgbm,42,4,42,application_only,uncalibrated,2026-10-05T00:04:59Z,calibrated,top_decile_lift,3.3765834804932973,52277
b45cb7fb871d4322bfdbb52e6e8d1d38,application_only,lightgbm,42,4,42,application_only,uncalibrated,2026-10-05T00:04:59Z,calibrated,precision_at_top_decile,0.2725707727620505,52277
b45cb7fb871d4322bfdbb52e6e8d1d38,application_only,lightgbm,42,4,42,application_only,uncalibrated,2026-10-05T00:04:59Z,calibrated,recall_at_manual_review_capacity,0.33767772511848343,52277
b45cb7fb871d4322bfdbb52e6e8d1d38,logistic_tuned,logistic_regression,42,4,42,logistic_tuned,uncalibrated,2026-10-05T00:04:59Z,raw,roc_auc,0.768795586047256,52277
b45cb7fb871d4322bfdbb52e6e8d1d38,logistic_tuned,logistic_regression,42,4,42,logistic_tuned,uncalibrated,2026-10-05T00:04:59Z,raw,pr_auc,0.25678084953576075,52277
b45cb7fb871d4322bfdbb52e6e8d1d38,logistic_tuned,logistic_regression,42,4,42,logistic_tuned,uncalibrated,2026-10-05T00:04:59Z,raw,brier_score,0.06712021643947641,52277
b45cb7fb871d4322bfdbb52e6e8d1d38,logistic_tuned,logistic_regression,42,4,42,logistic_tuned,uncalibrated,2026-10-05T00:04:59Z,raw,log_loss,0.2430120376332587,52277
b45cb7fb871d4322bfdbb52e6e8d1d38,logistic_tuned,logistic_regression,42,4,42,logistic_tuned,uncalibrated,2026-10-05T00:04:59Z,raw,min_predicted_probability,2.1727787233434943e-13,52277
b45cb7fb871d4322bfdbb52e6e8d1d38,logistic_tuned,logistic_regression,42,4,42,logistic_tuned,uncalibrated,2026-10-05T00:04:59Z,raw,max_predicted_probability,0.9253318139545181,52277
b45cb7fb871d4322bfdbb52e6e8d1d38,logistic_tuned,logistic_regression,42,4,42,logistic_tuned,uncalibrated,2026-10-05T00:04:59Z,raw,top_decile_lift,3.5258640133151062,52277
b45cb7fb871d4322bfdbb52e6e8d1d38,logistic_tuned,logistic_regression,42,4,42,logistic_tuned,uncalibrated,2026-10-05T00:04:59Z,raw,precision_at_top_decile,0.2846212700841622,52277
b45cb7fb871d4322bfdbb52e6e8d1d38,logistic_tuned,logistic_regression,42,4,42,logistic_tuned,uncalibrated,2026-10-05T00:04:59Z,raw,recall_at_manual_review_capacity,0.35260663507109,52277
b45cb7fb871d4322bfdbb52e6e8d1d38,logistic_tuned,logistic_regression,42,4,42,logistic_tuned,uncalibrated,2026-10-05T00:04:59Z,raw,balanced_utility_per_applicant,573.1583679247087,52277
b45cb7fb871d4322bfdbb52e6e8d1d38,logistic_tuned,logistic_regression,42,4,42,logistic_tuned,uncalibrated,2026-10-05T00:04:59Z,calibrated,roc_auc,0.768795586047256,52277
b45cb7fb871d4322bfdbb52e6e8d1d38,logistic_tuned,logistic_regression,42,4,42,logistic_tuned,uncalibrated,2026-10-05T00:04:59Z,calibrated,pr_auc,0.25678084953576075,52277
b45cb7fb871d4322bfdbb52e6e8d1d38,logistic_tuned,logistic_regression,42,4,42,logistic_tuned,uncalibrated,2026-10-05T00:04:59Z,calibrated,brier_score,0.06712021643947641,52277
b45cb7fb871d4322bfdbb52e6e8d1d38,logistic_tuned,logistic_regression,42,4,42,logistic_tuned,uncalibrated,2026-10-05T00:04:59Z,calibrated,log_loss,0.2430120376332587,52277
b45cb7fb871d4322bfdbb52e6e8d1d38,logistic_tuned,logistic_regression,42,4,42,logistic_tuned,uncalibrated,2026-10-05T00:04:59Z,calibrated,min_predicted_probability,2.1727787233434943e-13,52277
b45cb7fb871d4322bfdbb52e6e8d1d38,logistic_tuned,logistic_regression,42,4,42,logistic_tuned,uncalibrated,2026-10-05T00:04:59Z,calibrated,max_predicted_probability,0.9253318139545181,52277
b45cb7fb871d4322bfdbb52e6e8d1d38,logistic_tuned,logistic_regression,42,4,42,logistic_tuned,uncalibrated,2026-10-05T00:04:59Z,calibrated,top_decile_lift,3.5258640133151062,52277
b45cb7fb871d4322bfdbb52e6e8d1d38,logistic_tuned,logistic_regression,42,4,42,logistic_tuned,uncalibrated,2026-10-05T00:04:59Z,calibrated,precision_at_top_decile,0.2846212700841622,52277
b45cb7fb871d4322bfdbb52e6e8d1d38,logistic_tuned,logistic_regression,42,4,42,logistic_tuned,uncalibrated,2026-10-05T00:04:59Z,calibrated,recall_at_manual_review_capacity,0.35260663507109,52277
b45cb7fb871d4322bfdbb52e6e8d1d38,training_prevalence,prevalence,42,4,42,training_prevalence,uncalibrated,2026-10-05T00:04:59Z,raw,roc_auc,0.5,52277
b45cb7fb871d4322bfdbb52e6e8d1d38,training_prevalence,prevalence,42,4,42,training_prevalence,uncalibrated,2026-10-05T00:04:59Z,raw,pr_auc,0.08072383648640893,52277
b45cb7fb871d4322bfdbb52e6e8d1d38,training_prevalence,prevalence,42,4,42,training_prevalence,uncalibrated,2026-10-05T00:04:59Z,raw,brier_score,0.07420749876883331,52277
b45cb7fb871d4322bfdbb52e6e8d1d38,training_prevalence,prevalence,42,4,42,training_prevalence,uncalibrated,2026-10-05T00:04:59Z,raw,log_loss,0.28053368245329385,52277
b45cb7fb871d4322bfdbb52e6e8d1d38,training_prevalence,prevalence,42,4,42,training_prevalence,uncalibrated,2026-10-05T00:04:59Z,raw,min_predicted_probability,0.08073155068523098,52277
b45cb7fb871d4322bfdbb52e6e8d1d38,training_prevalence,prevalence,42,4,42,training_prevalence,uncalibrated,2026-10-05T00:04:59Z,raw,max_predicted_probability,0.08073155068523098,52277
b45cb7fb871d4322bfdbb52e6e8d1d38,training_prevalence,prevalence,42,4,42,training_prevalence,uncalibrated,2026-10-05T00:04:59Z,raw,top_decile_lift,1.000000000000001,52277
b45cb7fb871d4322bfdbb52e6e8d1d38,training_prevalence,prevalence,42,4,42,training_prevalence,uncalibrated,2026-10-05T00:04:59Z,raw,precision_at_top_decile,0.08072383648640903,52277
b45cb7fb871d4322bfdbb52e6e8d1d38,training_prevalence,prevalence,42,4,42,training_prevalence,uncalibrated,2026-10-05T00:04:59Z,raw,recall_at_manual_review_capacity,0.10000573866136164,52277
b45cb7fb871d4322bfdbb52e6e8d1d38,training_prevalence,prevalence,42,4,42,training_prevalence,uncalibrated,2026-10-05T00:04:59Z,calibrated,roc_auc,0.5,52277
b45cb7fb871d4322bfdbb52e6e8d1d38,training_prevalence,prevalence,42,4,42,training_prevalence,uncalibrated,2026-10-05T00:04:59Z,calibrated,pr_auc,0.08072383648640893,52277
b45cb7fb871d4322bfdbb52e6e8d1d38,training_prevalence,prevalence,42,4,42,training_prevalence,uncalibrated,2026-10-05T00:04:59Z,calibrated,brier_score,0.07420749876883331,52277
b45cb7fb871d4322bfdbb52e6e8d1d38,training_prevalence,prevalence,42,4,42,training_prevalence,uncalibrated,2026-10-05T00:04:59Z,calibrated,log_loss,0.28053368245329385,52277
b45cb7fb871d4322bfdbb52e6e8d1d38,training_prevalence,prevalence,42,4,42,training_prevalence,uncalibrated,2026-10-05T00:04:59Z,calibrated,min_predicted_probability,0.08073155068523098,52277
b45cb7fb871d4322bfdbb52e6e8d1d38,training_prevalence,prevalence,42,4,42,training_prevalence,uncalibrated,2026-10-05T00:04:59Z,calibrated,max_predicted_probability,0.08073155068523098,52277
b45cb7fb871d4322bfdbb52e6e8d1d38,training_prevalence,prevalence,42,4,42,training_prevalence,uncalibrated,2026-10-05T00:04:59Z,calibrated,top_decile_lift,1.000000000000001,52277
b45cb7fb871d4322bfdbb52e6e8d1d38,training_prevalence,prevalence,42,4,42,training_prevalence,uncalibrated,2026-10-05T00:04:59Z,calibrated,precision_at_top_decile,0.08072383648640903,52277
b45cb7fb871d4322bfdbb52e6e8d1d38,training_prevalence,prevalence,42,4,42,training_prevalence,uncalibrated,2026-10-05T00:04:59Z,calibrated,recall_at_manual_review_capacity,0.10000573866136164,52277
b45cb7fb871d4322bfdbb52e6e8d1d38,history_selected,lightgbm,42,5,42,full,uncalibrated,2026-10-05T00:04:59Z,raw,roc_auc,0.7799771563902146,52276
b45cb7fb871d4322bfdbb52e6e8d1d38,history_selected,lightgbm,42,5,42,full,uncalibrated,2026-10-05T00:04:59Z,raw,pr_auc,0.26703389096770663,52276
b45cb7fb871d4322bfdbb52e6e8d1d38,history_selected,lightgbm,42,5,42,full,uncalibrated,2026-10-05T00:04:59Z,raw,brier_score,0.0665488008488349,52276
b45cb7fb871d4322bfdbb52e6e8d1d38,history_selected,lightgbm,42,5,42,full,uncalibrated,2026-10-05T00:04:59Z,raw,log_loss,0.23967464201034402,52276
b45cb7fb871d4322bfdbb52e6e8d1d38,history_selected,lightgbm,42,5,42,full,uncalibrated,2026-10-05T00:04:59Z,raw,min_predicted_probability,0.0033975784499815634,52276
b45cb7fb871d4322bfdbb52e6e8d1d38,history_selected,lightgbm,42,5,42,full,uncalibrated,2026-10-05T00:04:59Z,raw,max_predicted_probability,0.8276716956965784,52276
b45cb7fb871d4322bfdbb52e6e8d1d38,history_selected,lightgbm,42,5,42,full,uncalibrated,2026-10-05T00:04:59Z,raw,top_decile_lift,3.618206558197384,52276
b45cb7fb871d4322bfdbb52e6e8d1d38,history_selected,lightgbm,42,5,42,full,uncalibrated,2026-10-05T00:04:59Z,raw,precision_at_top_decile,0.29208110175975516,52276
b45cb7fb871d4322bfdbb52e6e8d1d38,history_selected,lightgbm,42,5,42,full,uncalibrated,2026-10-05T00:04:59Z,raw,recall_at_manual_review_capacity,0.3618483412322275,52276
b45cb7fb871d4322bfdbb52e6e8d1d38,history_selected,lightgbm,42,5,42,full,uncalibrated,2026-10-05T00:04:59Z,raw,balanced_utility_per_applicant,580.0663784528273,52276
b45cb7fb871d4322bfdbb52e6e8d1d38,history_selected,lightgbm,42,5,42,full,uncalibrated,2026-10-05T00:04:59Z,calibrated,roc_auc,0.7799771563902146,52276
b45cb7fb871d4322bfdbb52e6e8d1d38,history_selected,lightgbm,42,5,42,full,uncalibrated,2026-10-05T00:04:59Z,calibrated,pr_auc,0.26703389096770663,52276
b45cb7fb871d4322bfdbb52e6e8d1d38,history_selected,lightgbm,42,5,42,full,uncalibrated,2026-10-05T00:04:59Z,calibrated,brier_score,0.0665488008488349,52276
b45cb7fb871d4322bfdbb52e6e8d1d38,history_selected,lightgbm,42,5,42,full,uncalibrated,2026-10-05T00:04:59Z,calibrated,log_loss,0.23967464201034402,52276
b45cb7fb871d4322bfdbb52e6e8d1d38,history_selected,lightgbm,42,5,42,full,uncalibrated,2026-10-05T00:04:59Z,calibrated,min_predicted_probability,0.0033975784499815634,52276
b45cb7fb871d4322bfdbb52e6e8d1d38,history_selected,lightgbm,42,5,42,full,uncalibrated,2026-10-05T00:04:59Z,calibrated,max_predicted_probability,0.8276716956965784,52276
b45cb7fb871d4322bfdbb52e6e8d1d38,history_selected,lightgbm,42,5,42,full,uncalibrated,2026-10-05T00:04:59Z,calibrated,top_decile_lift,3.618206558197384,52276
b45cb7fb871d4322bfdbb52e6e8d1d38,history_selected,lightgbm,42,5,42,full,uncalibrated,2026-10-05T00:04:59Z,calibrated,precision_at_top_decile,0.29208110175975516,52276
b45cb7fb871d4322bfdbb52e6e8d1d38,history_selected,lightgbm,42,5,42,full,uncalibrated,2026-10-05T00:04:59Z,calibrated,recall_at_manual_review_capacity,0.3618483412322275,52276
b45cb7fb871d4322bfdbb52e6e8d1d38,application_only,lightgbm,42,5,42,application_only,uncalibrated,2026-10-05T00:04:59Z,raw,roc_auc,0.7493944663295666,52276
b45cb7fb871d4322bfdbb52e6e8d1d38,application_only,lightgbm,42,5,42,application_only,uncalibrated,2026-10-05T00:04:59Z,raw,pr_auc,0.22771366197887422,52276
b45cb7fb871d4322bfdbb52e6e8d1d38,application_only,lightgbm,42,5,42,application_only,uncalibrated,2026-10-05T00:04:59Z,raw,brier_score,0.0684967830400536,52276
b45cb7fb871d4322bfdbb52e6e8d1d38,application_only,lightgbm,42,5,42,application_only,uncalibrated,2026-10-05T00:04:59Z,raw,log_loss,0.24891397852228878,52276
b45cb7fb871d4322bfdbb52e6e8d1d38,application_only,lightgbm,42,5,42,application_only,uncalibrated,2026-10-05T00:04:59Z,raw,min_predicted_probability,0.007929828295877418,52276
b45cb7fb871d4322bfdbb52e6e8d1d38,application_only,lightgbm,42,5,42,application_only,uncalibrated,2026-10-05T00:04:59Z,raw,max_predicted_probability,0.695696960861818,52276
b45cb7fb871d4322bfdbb52e6e8d1d38,application_only,lightgbm,42,5,42,application_only,uncalibrated,2026-10-05T00:04:59Z,raw,top_decile_lift,3.236719160771203,52276
b45cb7fb871d4322bfdbb52e6e8d1d38,application_only,lightgbm,42,5,42,application_only,uncalibrated,2026-10-05T00:04:59Z,raw,precision_at_top_decile,0.2612853863810253,52276
b45cb7fb871d4322bfdbb52e6e8d1d38,application_only,lightgbm,42,5,42,application_only,uncalibrated,2026-10-05T00:04:59Z,raw,recall_at_manual_review_capacity,0.323696682464455,52276
b45cb7fb871d4322bfdbb52e6e8d1d38,application_only,lightgbm,42,5,42,application_only,uncalibrated,2026-10-05T00:04:59Z,raw,balanced_utility_per_applicant,555.0931593848037,52276
b45cb7fb871d4322bfdbb52e6e8d1d38,application_only,lightgbm,42,5,42,application_only,uncalibrated,2026-10-05T00:04:59Z,calibrated,roc_auc,0.7493944663295666,52276
b45cb7fb871d4322bfdbb52e6e8d1d38,application_only,lightgbm,42,5,42,application_only,uncalibrated,2026-10-05T00:04:59Z,calibrated,pr_auc,0.22771366197887422,52276
b45cb7fb871d4322bfdbb52e6e8d1d38,application_only,lightgbm,42,5,42,application_only,uncalibrated,2026-10-05T00:04:59Z,calibrated,brier_score,0.0684967830400536,52276
b45cb7fb871d4322bfdbb52e6e8d1d38,application_only,lightgbm,42,5,42,application_only,uncalibrated,2026-10-05T00:04:59Z,calibrated,log_loss,0.24891397852228878,52276
b45cb7fb871d4322bfdbb52e6e8d1d38,application_only,lightgbm,42,5,42,application_only,uncalibrated,2026-10-05T00:04:59Z,calibrated,min_predicted_probability,0.007929828295877418,52276
b45cb7fb871d4322bfdbb52e6e8d1d38,application_only,lightgbm,42,5,42,application_only,uncalibrated,2026-10-05T00:04:59Z,calibrated,max_predicted_probability,0.695696960861818,52276
b45cb7fb871d4322bfdbb52e6e8d1d38,application_only,lightgbm,42,5,42,application_only,uncalibrated,2026-10-05T00:04:59Z,calibrated,top_decile_lift,3.236719160771203,52276
b45cb7fb871d4322bfdbb52e6e8d1d38,application_only,lightgbm,42,5,42,application_only,uncalibrated,2026-10-05T00:04:59Z,calibrated,precision_at_top_decile,0.2612853863810253,52276
b45cb7fb871d4322bfdbb52e6e8d1d38,application_only,lightgbm,42,5,42,application_only,uncalibrated,2026-10-05T00:04:59Z,calibrated,recall_at_manual_review_capacity,0.323696682464455,52276
b45cb7fb871d4322bfdbb52e6e8d1d38,logistic_tuned,logistic_regression,42,5,42,logistic_tuned,uncalibrated,2026-10-05T00:04:59Z,raw,roc_auc,0.7689976228365486,52276
b45cb7fb871d4322bfdbb52e6e8d1d38,logistic_tuned,logistic_regression,42,5,42,logistic_tuned,uncalibrated,2026-10-05T00:04:59Z,raw,pr_auc,0.24616445138273826,52276
b45cb7fb871d4322bfdbb52e6e8d1d38,logistic_tuned,logistic_regression,42,5,42,logistic_tuned,uncalibrated,2026-10-05T00:04:59Z,raw,brier_score,0.06753619748623182,52276
b45cb7fb871d4322bfdbb52e6e8d1d38,logistic_tuned,logistic_regression,42,5,42,logistic_tuned,uncalibrated,2026-10-05T00:04:59Z,raw,log_loss,0.24374095531875462,52276
b45cb7fb871d4322bfdbb52e6e8d1d38,logistic_tuned,logistic_regression,42,5,42,logistic_tuned,uncalibrated,2026-10-05T00:04:59Z,raw,min_predicted_probability,1.8906419957218146e-07,52276
b45cb7fb871d4322bfdbb52e6e8d1d38,logistic_tuned,logistic_regression,42,5,42,logistic_tuned,uncalibrated,2026-10-05T00:04:59Z,raw,max_predicted_probability,0.9982944488130329,52276
b45cb7fb871d4322bfdbb52e6e8d1d38,logistic_tuned,logistic_regression,42,5,42,logistic_tuned,uncalibrated,2026-10-05T00:04:59Z,raw,top_decile_lift,3.4784068287058023,52276
b45cb7fb871d4322bfdbb52e6e8d1d38,logistic_tuned,logistic_regression,42,5,42,logistic_tuned,uncalibrated,2026-10-05T00:04:59Z,raw,precision_at_top_decile,0.28079571537872994,52276
b45cb7fb871d4322bfdbb52e6e8d1d38,logistic_tuned,logistic_regression,42,5,42,logistic_tuned,uncalibrated,2026-10-05T00:04:59Z,raw,recall_at_manual_review_capacity,0.34786729857819904,52276
b45cb7fb871d4322bfdbb52e6e8d1d38,logistic_tuned,logistic_regression,42,5,42,logistic_tuned,uncalibrated,2026-10-05T00:04:59Z,raw,balanced_utility_per_applicant,567.8867931746881,52276
b45cb7fb871d4322bfdbb52e6e8d1d38,logistic_tuned,logistic_regression,42,5,42,logistic_tuned,uncalibrated,2026-10-05T00:04:59Z,calibrated,roc_auc,0.7689976228365486,52276
b45cb7fb871d4322bfdbb52e6e8d1d38,logistic_tuned,logistic_regression,42,5,42,logistic_tuned,uncalibrated,2026-10-05T00:04:59Z,calibrated,pr_auc,0.24616445138273826,52276
b45cb7fb871d4322bfdbb52e6e8d1d38,logistic_tuned,logistic_regression,42,5,42,logistic_tuned,uncalibrated,2026-10-05T00:04:59Z,calibrated,brier_score,0.06753619748623182,52276
b45cb7fb871d4322bfdbb52e6e8d1d38,logistic_tuned,logistic_regression,42,5,42,logistic_tuned,uncalibrated,2026-10-05T00:04:59Z,calibrated,log_loss,0.24374095531875462,52276
b45cb7fb871d4322bfdbb52e6e8d1d38,logistic_tuned,logistic_regression,42,5,42,logistic_tuned,uncalibrated,2026-10-05T00:04:59Z,calibrated,min_predicted_probability,1.8906419957218146e-07,52276
b45cb7fb871d4322bfdbb52e6e8d1d38,logistic_tuned,logistic_regression,42,5,42,logistic_tuned,uncalibrated,2026-10-05T00:04:59Z,calibrated,max_predicted_probability,0.9982944488130329,52276
b45cb7fb871d4322bfdbb52e6e8d1d38,logistic_tuned,logistic_regression,42,5,42,logistic_tuned,uncalibrated,2026-10-05T00:04:59Z,calibrated,top_decile_lift,3.4784068287058023,52276
b45cb7fb871d4322bfdbb52e6e8d1d38,logistic_tuned,logistic_regression,42,5,42,logistic_tuned,uncalibrated,2026-10-05T00:04:59Z,calibrated,precision_at_top_decile,0.28079571537872994,52276
b45cb7fb871d4322bfdbb52e6e8d1d38,logistic_tuned,logistic_regression,42,5,42,logistic_tuned,uncalibrated,2026-10-05T00:04:59Z,calibrated,recall_at_manual_review_capacity,0.34786729857819904,52276
b45cb7fb871d4322bfdbb52e6e8d1d38,training_prevalence,prevalence,42,5,42,training_prevalence,uncalibrated,2026-10-05T00:04:59Z,raw,roc_auc,0.5,52276
b45cb7fb871d4322bfdbb52e6e8d1d38,training_prevalence,prevalence,42,5,42,training_prevalence,uncalibrated,2026-10-05T00:04:59Z,raw,pr_auc,0.08072538067181881,52276
b45cb7fb871d4322bfdbb52e6e8d1d38,training_prevalence,prevalence,42,5,42,training_prevalence,uncalibrated,2026-10-05T00:04:59Z,raw,brier_score,0.07420879361877598,52276
b45cb7fb871d4322bfdbb52e6e8d1d38,training_prevalence,prevalence,42,5,42,training_prevalence,uncalibrated,2026-10-05T00:04:59Z,raw,log_loss,0.28053743856132607,52276
b45cb7fb871d4322bfdbb52e6e8d1d38,training_prevalence,prevalence,42,5,42,training_prevalence,uncalibrated,2026-10-05T00:04:59Z,raw,min_predicted_probability,0.08073099914602903,52276
b45cb7fb871d4322bfdbb52e6e8d1d38,training_prevalence,prevalence,42,5,42,training_prevalence,uncalibrated,2026-10-05T00:04:59Z,raw,max_predicted_probability,0.08073099914602903,52276
b45cb7fb871d4322bfdbb52e6e8d1d38,training_prevalence,prevalence,42,5,42,training_prevalence,uncalibrated,2026-10-05T00:04:59Z,raw,top_decile_lift,0.9999999999999993,52276
b45cb7fb871d4322bfdbb52e6e8d1d38,training_prevalence,prevalence,42,5,42,training_prevalence,uncalibrated,2026-10-05T00:04:59Z,raw,precision_at_top_decile,0.08072538067181875,52276
b45cb7fb871d4322bfdbb52e6e8d1d38,training_prevalence,prevalence,42,5,42,training_prevalence,uncalibrated,2026-10-05T00:04:59Z,raw,recall_at_manual_review_capacity,0.10000765169485037,52276
b45cb7fb871d4322bfdbb52e6e8d1d38,training_prevalence,prevalence,42,5,42,training_prevalence,uncalibrated,2026-10-05T00:04:59Z,calibrated,roc_auc,0.5,52276
b45cb7fb871d4322bfdbb52e6e8d1d38,training_prevalence,prevalence,42,5,42,training_prevalence,uncalibrated,2026-10-05T00:04:59Z,calibrated,pr_auc,0.08072538067181881,52276
b45cb7fb871d4322bfdbb52e6e8d1d38,training_prevalence,prevalence,42,5,42,training_prevalence,uncalibrated,2026-10-05T00:04:59Z,calibrated,brier_score,0.07420879361877598,52276
b45cb7fb871d4322bfdbb52e6e8d1d38,training_prevalence,prevalence,42,5,42,training_prevalence,uncalibrated,2026-10-05T00:04:59Z,calibrated,log_loss,0.28053743856132607,52276
b45cb7fb871d4322bfdbb52e6e8d1d38,training_prevalence,prevalence,42,5,42,training_prevalence,uncalibrated,2026-10-05T00:04:59Z,calibrated,min_predicted_probability,0.08073099914602903,52276
b45cb7fb871d4322bfdbb52e6e8d1d38,training_prevalence,prevalence,42,5,42,training_prevalence,uncalibrated,2026-10-05T00:04:59Z,calibrated,max_predicted_probability,0.08073099914602903,52276
b45cb7fb871d4322bfdbb52e6e8d1d38,training_prevalence,prevalence,42,5,42,training_prevalence,uncalibrated,2026-10-05T00:04:59Z,calibrated,top_decile_lift,0.9999999999999993,52276
b45cb7fb871d4322bfdbb52e6e8d1d38,training_prevalence,prevalence,42,5,42,training_prevalence,uncalibrated,2026-10-05T00:04:59Z,calibrated,precision_at_top_decile,0.08072538067181875,52276
b45cb7fb871d4322bfdbb52e6e8d1d38,training_prevalence,prevalence,42,5,42,training_prevalence,uncalibrated,2026-10-05T00:04:59Z,calibrated,recall_at_manual_review_capacity,0.10000765169485037,52276
