run_id,workflow,model_family,split_seed,outer_fold,model_seed,feature_set,calibration_method,created_at,score_kind,candidate_name,evaluation_role,promotes_seed,roc_auc,pr_auc,brier_score,log_loss,min_predicted_probability,max_predicted_probability,top_decile_lift,precision_at_top_decile,recall_at_manual_review_capacity
b45cb7fb871d4322bfdbb52e6e8d1d38,history_selected,lightgbm,42,1,101,full,uncalibrated,2026-10-05T00:04:59Z,raw,random_15_full,selection_validation,False,0.7773573891436021,0.2729637962992226,0.06631510300145935,0.23977867419154925,0.004788290910844731,0.7443945006473652,3.633143830376976,0.2932738284985655,0.36334913112164297
b45cb7fb871d4322bfdbb52e6e8d1d38,history_selected,lightgbm,42,1,101,full,uncalibrated,2026-10-05T00:04:59Z,calibrated,random_15_full,selection_validation,False,0.7773573891436021,0.2729637962992226,0.06631510300145935,0.23977867419154925,0.004788290910844731,0.7443945006473652,3.633143830376976,0.2932738284985655,0.36334913112164297
b45cb7fb871d4322bfdbb52e6e8d1d38,history_selected,lightgbm,42,1,211,full,uncalibrated,2026-10-05T00:04:59Z,raw,random_15_full,selection_validation,False,0.7762502153808057,0.27141846424511495,0.06639505446539236,0.24012461603567672,0.0050562685151367285,0.7682595713687983,3.6212966222344427,0.29231750079693974,0.36216429699842023
b45cb7fb871d4322bfdbb52e6e8d1d38,history_selected,lightgbm,42,1,211,full,uncalibrated,2026-10-05T00:04:59Z,calibrated,random_15_full,selection_validation,False,0.7762502153808057,0.27141846424511495,0.06639505446539236,0.24012461603567672,0.0050562685151367285,0.7682595713687983,3.6212966222344427,0.29231750079693974,0.36216429699842023
b45cb7fb871d4322bfdbb52e6e8d1d38,history_selected,lightgbm,42,1,307,full,uncalibrated,2026-10-05T00:04:59Z,raw,random_15_full,selection_validation,False,0.7770248740518794,0.2710353042475461,0.06639519266758313,0.24001431798247325,0.005110610592578412,0.7581792638275175,3.5699587202834637,0.28817341408989483,0.3570300157977883
b45cb7fb871d4322bfdbb52e6e8d1d38,history_selected,lightgbm,42,1,307,full,uncalibrated,2026-10-05T00:04:59Z,calibrated,random_15_full,selection_validation,False,0.7770248740518794,0.2710353042475461,0.06639519266758313,0.24001431798247325,0.005110610592578412,0.7581792638275175,3.5699587202834637,0.28817341408989483,0.3570300157977883
b45cb7fb871d4322bfdbb52e6e8d1d38,application_only,lightgbm,42,1,101,application_only,uncalibrated,2026-10-05T00:04:59Z,raw,random_13_full,selection_validation,False,0.7521242368534158,0.22996021672623645,0.06836805232511581,0.2482437487671307,0.0055033180066198055,0.6922101928722815,3.2145424760074546,0.25948358304112207,0.32148499210110587
b45cb7fb871d4322bfdbb52e6e8d1d38,application_only,lightgbm,42,1,101,application_only,uncalibrated,2026-10-05T00:04:59Z,calibrated,random_13_full,selection_validation,False,0.7521242368534158,0.22996021672623645,0.06836805232511581,0.2482437487671307,0.0055033180066198055,0.6922101928722815,3.2145424760074546,0.25948358304112207,0.32148499210110587
b45cb7fb871d4322bfdbb52e6e8d1d38,application_only,lightgbm,42,1,211,application_only,uncalibrated,2026-10-05T00:04:59Z,raw,random_13_full,selection_validation,False,0.7515338126634874,0.23380227096994666,0.06830615930549488,0.24823428738588288,0.005502741510272221,0.7065674024412298,3.238236892292522,0.2613962384443736,0.32385466034755134
b45cb7fb871d4322bfdbb52e6e8d1d38,application_only,lightgbm,42,1,211,application_only,uncalibrated,2026-10-05T00:04:59Z,calibrated,random_13_full,selection_validation,False,0.7515338126634874,0.23380227096994666,0.06830615930549488,0.24823428738588288,0.005502741510272221,0.7065674024412298,3.238236892292522,0.2613962384443736,0.32385466034755134
b45cb7fb871d4322bfdbb52e6e8d1d38,application_only,lightgbm,42,1,307,application_only,uncalibrated,2026-10-05T00:04:59Z,raw,random_13_full,selection_validation,False,0.7516941189877253,0.23365470167532057,0.06832740286614716,0.24820078853802408,0.006060897678360295,0.6558661369614679,3.198746198484077,0.2582084794389544,0.31990521327014215
b45cb7fb871d4322bfdbb52e6e8d1d38,application_only,lightgbm,42,1,307,application_only,uncalibrated,2026-10-05T00:04:59Z,calibrated,random_13_full,selection_validation,False,0.7516941189877253,0.23365470167532057,0.06832740286614716,0.24820078853802408,0.006060897678360295,0.6558661369614679,3.198746198484077,0.2582084794389544,0.31990521327014215
b45cb7fb871d4322bfdbb52e6e8d1d38,logistic_tuned,logistic_regression,42,1,101,logistic_tuned,uncalibrated,2026-10-05T00:04:59Z,raw,tuned_C0.1_unweighted,selection_validation,False,0.7669892379450438,0.24957619027777087,0.06739937552406906,0.24387277799651733,8.568211075412997e-17,0.9822584544854944,3.4396394307155935,0.27765380937201145,0.3439968404423381
b45cb7fb871d4322bfdbb52e6e8d1d38,logistic_tuned,logistic_regression,42,1,101,logistic_tuned,uncalibrated,2026-10-05T00:04:59Z,calibrated,tuned_C0.1_unweighted,selection_validation,False,0.7669892379450438,0.24957619027777087,0.06739937552406906,0.24387277799651733,8.568211075412997e-17,0.9822584544854944,3.4396394307155935,0.27765380937201145,0.3439968404423381
b45cb7fb871d4322bfdbb52e6e8d1d38,logistic_tuned,logistic_regression,42,1,211,logistic_tuned,uncalibrated,2026-10-05T00:04:59Z,raw,tuned_C0.1_unweighted,selection_validation,False,0.7669892379450438,0.24957619027777087,0.06739937552406906,0.24387277799651733,8.568211075412997e-17,0.9822584544854944,3.4396394307155935,0.27765380937201145,0.3439968404423381
b45cb7fb871d4322bfdbb52e6e8d1d38,logistic_tuned,logistic_regression,42,1,211,logistic_tuned,uncalibrated,2026-10-05T00:04:59Z,calibrated,tuned_C0.1_unweighted,selection_validation,False,0.7669892379450438,0.24957619027777087,0.06739937552406906,0.24387277799651733,8.568211075412997e-17,0.9822584544854944,3.4396394307155935,0.27765380937201145,0.3439968404423381
b45cb7fb871d4322bfdbb52e6e8d1d38,logistic_tuned,logistic_regression,42,1,307,logistic_tuned,uncalibrated,2026-10-05T00:04:59Z,raw,tuned_C0.1_unweighted,selection_validation,False,0.7669892379450438,0.24957619027777087,0.06739937552406906,0.24387277799651733,8.568211075412997e-17,0.9822584544854944,3.4396394307155935,0.27765380937201145,0.3439968404423381
b45cb7fb871d4322bfdbb52e6e8d1d38,logistic_tuned,logistic_regression,42,1,307,logistic_tuned,uncalibrated,2026-10-05T00:04:59Z,calibrated,tuned_C0.1_unweighted,selection_validation,False,0.7669892379450438,0.24957619027777087,0.06739937552406906,0.24387277799651733,8.568211075412997e-17,0.9822584544854944,3.4396394307155935,0.27765380937201145,0.3439968404423381
b45cb7fb871d4322bfdbb52e6e8d1d38,history_selected,lightgbm,42,2,101,full,uncalibrated,2026-10-05T00:04:59Z,raw,random_15_full,selection_validation,False,0.7702001856726359,0.26368224550889435,0.0668221361772405,0.24201681454255863,0.005911010680888029,0.743531761944124,3.60155127533022,0.2907236212942302,0.36018957345971564
b45cb7fb871d4322bfdbb52e6e8d1d38,history_selected,lightgbm,42,2,101,full,uncalibrated,2026-10-05T00:04:59Z,calibrated,random_15_full,selection_validation,False,0.7702001856726359,0.26368224550889435,0.0668221361772405,0.24201681454255863,0.005911010680888029,0.743531761944124,3.60155127533022,0.2907236212942302,0.36018957345971564
b45cb7fb871d4322bfdbb52e6e8d1d38,history_selected,lightgbm,42,2,211,full,uncalibrated,2026-10-05T00:04:59Z,raw,random_15_full,selection_validation,False,0.7700081029751725,0.26372119521662235,0.06680670784109768,0.24202365039978344,0.006261389562519893,0.7396975080155859,3.6212966222344427,0.29231750079693974,0.36216429699842023
b45cb7fb871d4322bfdbb52e6e8d1d38,history_selected,lightgbm,42,2,211,full,uncalibrated,2026-10-05T00:04:59Z,calibrated,random_15_full,selection_validation,False,0.7700081029751725,0.26372119521662235,0.06680670784109768,0.24202365039978344,0.006261389562519893,0.7396975080155859,3.6212966222344427,0.29231750079693974,0.36216429699842023
b45cb7fb871d4322bfdbb52e6e8d1d38,history_selected,lightgbm,42,2,307,full,uncalibrated,2026-10-05T00:04:59Z,raw,random_15_full,selection_validation,False,0.7700690533462301,0.26404409793157124,0.06678616950693188,0.2419680195118641,0.005323290387801845,0.7365946021770171,3.6212966222344427,0.29231750079693974,0.36216429699842023
b45cb7fb871d4322bfdbb52e6e8d1d38,history_selected,lightgbm,42,2,307,full,uncalibrated,2026-10-05T00:04:59Z,calibrated,random_15_full,selection_validation,False,0.7700690533462301,0.26404409793157124,0.06678616950693188,0.2419680195118641,0.005323290387801845,0.7365946021770171,3.6212966222344427,0.29231750079693974,0.36216429699842023
b45cb7fb871d4322bfdbb52e6e8d1d38,application_only,lightgbm,42,2,101,application_only,uncalibrated,2026-10-05T00:04:59Z,raw,random_01_full,selection_validation,False,0.7430160599433887,0.22965045209947174,0.06851466531801316,0.24998687096077038,0.0063917216397478905,0.7209513599022732,3.242185961673367,0.2617150143449155,0.32424960505529227
b45cb7fb871d4322bfdbb52e6e8d1d38,application_only,lightgbm,42,2,101,application_only,uncalibrated,2026-10-05T00:04:59Z,calibrated,random_01_full,selection_validation,False,0.7430160599433887,0.22965045209947174,0.06851466531801316,0.24998687096077038,0.0063917216397478905,0.7209513599022732,3.242185961673367,0.2617150143449155,0.32424960505529227
b45cb7fb871d4322bfdbb52e6e8d1d38,application_only,lightgbm,42,2,211,application_only,uncalibrated,2026-10-05T00:04:59Z,raw,random_01_full,selection_validation,False,0.7429617935680786,0.22937586050523134,0.06853125062250306,0.2500132734355557,0.006733511196558598,0.7147182474220556,3.2816766554818124,0.26490277335033474,0.3281990521327014
b45cb7fb871d4322bfdbb52e6e8d1d38,application_only,lightgbm,42,2,211,application_only,uncalibrated,2026-10-05T00:04:59Z,calibrated,random_01_full,selection_validation,False,0.7429617935680786,0.22937586050523134,0.06853125062250306,0.2500132734355557,0.006733511196558598,0.7147182474220556,3.2816766554818124,0.26490277335033474,0.3281990521327014
b45cb7fb871d4322bfdbb52e6e8d1d38,application_only,lightgbm,42,2,307,application_only,uncalibrated,2026-10-05T00:04:59Z,raw,random_01_full,selection_validation,False,0.742653179239838,0.22878496564398473,0.06856114383112959,0.25013658133078553,0.0060192674432925425,0.7255263896073438,3.246135031054211,0.2620337902454574,0.3246445497630332
b45cb7fb871d4322bfdbb52e6e8d1d38,application_only,lightgbm,42,2,307,application_only,uncalibrated,2026-10-05T00:04:59Z,calibrated,random_01_full,selection_validation,False,0.742653179239838,0.22878496564398473,0.06856114383112959,0.25013658133078553,0.0060192674432925425,0.7255263896073438,3.246135031054211,0.2620337902454574,0.3246445497630332
b45cb7fb871d4322bfdbb52e6e8d1d38,logistic_tuned,logistic_regression,42,2,101,logistic_tuned,uncalibrated,2026-10-05T00:04:59Z,raw,tuned_C0.1_unweighted,selection_validation,False,0.7630586786343062,0.25120072565087886,0.06742864810862922,0.24453011690621626,3.508513487698223e-05,0.8407420777113244,3.4238431531922155,0.2763787057698438,0.3424170616113744
b45cb7fb871d4322bfdbb52e6e8d1d38,logistic_tuned,logistic_regression,42,2,101,logistic_tuned,uncalibrated,2026-10-05T00:04:59Z,calibrated,tuned_C0.1_unweighted,selection_validation,False,0.7630586786343062,0.25120072565087886,0.06742864810862922,0.24453011690621626,3.508513487698223e-05,0.8407420777113244,3.4238431531922155,0.2763787057698438,0.3424170616113744
b45cb7fb871d4322bfdbb52e6e8d1d38,logistic_tuned,logistic_regression,42,2,211,logistic_tuned,uncalibrated,2026-10-05T00:04:59Z,raw,tuned_C0.1_unweighted,selection_validation,False,0.7630586786343062,0.25120072565087886,0.06742864810862922,0.24453011690621626,3.508513487698223e-05,0.8407420777113244,3.4238431531922155,0.2763787057698438,0.3424170616113744
b45cb7fb871d4322bfdbb52e6e8d1d38,logistic_tuned,logistic_regression,42,2,211,logistic_tuned,uncalibrated,2026-10-05T00:04:59Z,calibrated,tuned_C0.1_unweighted,selection_validation,False,0.7630586786343062,0.25120072565087886,0.06742864810862922,0.24453011690621626,3.508513487698223e-05,0.8407420777113244,3.4238431531922155,0.2763787057698438,0.3424170616113744
b45cb7fb871d4322bfdbb52e6e8d1d38,logistic_tuned,logistic_regression,42,2,307,logistic_tuned,uncalibrated,2026-10-05T00:04:59Z,raw,tuned_C0.1_unweighted,selection_validation,False,0.7630586786343062,0.25120072565087886,0.06742864810862922,0.24453011690621626,3.508513487698223e-05,0.8407420777113244,3.4238431531922155,0.2763787057698438,0.3424170616113744
b45cb7fb871d4322bfdbb52e6e8d1d38,logistic_tuned,logistic_regression,42,2,307,logistic_tuned,uncalibrated,2026-10-05T00:04:59Z,calibrated,tuned_C0.1_unweighted,selection_validation,False,0.7630586786343062,0.25120072565087886,0.06742864810862922,0.24453011690621626,3.508513487698223e-05,0.8407420777113244,3.4238431531922155,0.2763787057698438,0.3424170616113744
b45cb7fb871d4322bfdbb52e6e8d1d38,history_selected,lightgbm,42,3,101,full,uncalibrated,2026-10-05T00:04:59Z,raw,random_15_full,selection_validation,False,0.7762359434062792,0.27168305969897294,0.0664506300185876,0.24018930392254398,0.00520056831438578,0.8190124915725279,3.5857549978068417,0.2894485176920625,0.358609794628752
b45cb7fb871d4322bfdbb52e6e8d1d38,history_selected,lightgbm,42,3,101,full,uncalibrated,2026-10-05T00:04:59Z,calibrated,random_15_full,selection_validation,False,0.7762359434062792,0.27168305969897294,0.0664506300185876,0.24018930392254398,0.00520056831438578,0.8190124915725279,3.5857549978068417,0.2894485176920625,0.358609794628752
b45cb7fb871d4322bfdbb52e6e8d1d38,history_selected,lightgbm,42,3,211,full,uncalibrated,2026-10-05T00:04:59Z,raw,random_15_full,selection_validation,False,0.776581826489497,0.2719941641585309,0.06643073740303448,0.24009503482706773,0.0046787000675582715,0.8078351506945907,3.6094494140919093,0.291361173095314,0.3609794628751975
b45cb7fb871d4322bfdbb52e6e8d1d38,history_selected,lightgbm,42,3,211,full,uncalibrated,2026-10-05T00:04:59Z,calibrated,random_15_full,selection_validation,False,0.776581826489497,0.2719941641585309,0.06643073740303448,0.24009503482706773,0.0046787000675582715,0.8078351506945907,3.6094494140919093,0.291361173095314,0.3609794628751975
b45cb7fb871d4322bfdbb52e6e8d1d38,history_selected,lightgbm,42,3,307,full,uncalibrated,2026-10-05T00:04:59Z,raw,random_15_full,selection_validation,False,0.7759668167004564,0.27155432184552425,0.06647320768417624,0.24029868868139898,0.004837772076000677,0.8204298517543337,3.6055003447110647,0.2910423971947721,0.36058451816745657
b45cb7fb871d4322bfdbb52e6e8d1d38,history_selected,lightgbm,42,3,307,full,uncalibrated,2026-10-05T00:04:59Z,calibrated,random_15_full,selection_validation,False,0.7759668167004564,0.27155432184552425,0.06647320768417624,0.24029868868139898,0.004837772076000677,0.8204298517543337,3.6055003447110647,0.2910423971947721,0.36058451816745657
b45cb7fb871d4322bfdbb52e6e8d1d38,application_only,lightgbm,42,3,101,application_only,uncalibrated,2026-10-05T00:04:59Z,raw,random_01_full,selection_validation,False,0.751101612897482,0.23980256341698267,0.06810350754650264,0.24783607046361786,0.0074637478975779084,0.6432608912409394,3.2619313085775894,0.2633088938476251,0.32622432859399686
b45cb7fb871d4322bfdbb52e6e8d1d38,application_only,lightgbm,42,3,101,application_only,uncalibrated,2026-10-05T00:04:59Z,calibrated,random_01_full,selection_validation,False,0.751101612897482,0.23980256341698267,0.06810350754650264,0.24783607046361786,0.0074637478975779084,0.6432608912409394,3.2619313085775894,0.2633088938476251,0.32622432859399686
b45cb7fb871d4322bfdbb52e6e8d1d38,application_only,lightgbm,42,3,211,application_only,uncalibrated,2026-10-05T00:04:59Z,raw,random_01_full,selection_validation,False,0.7513828748906659,0.23951131141553628,0.06810273218414398,0.2477968086206238,0.00791909705751046,0.6298319739858198,3.285625724862657,0.26522154925087665,0.3285939968404423
b45cb7fb871d4322bfdbb52e6e8d1d38,application_only,lightgbm,42,3,211,application_only,uncalibrated,2026-10-05T00:04:59Z,calibrated,random_01_full,selection_validation,False,0.7513828748906659,0.23951131141553628,0.06810273218414398,0.2477968086206238,0.00791909705751046,0.6298319739858198,3.285625724862657,0.26522154925087665,0.3285939968404423
b45cb7fb871d4322bfdbb52e6e8d1d38,application_only,lightgbm,42,3,307,application_only,uncalibrated,2026-10-05T00:04:59Z,raw,random_01_full,selection_validation,False,0.7512088992472561,0.2404272682024891,0.06808067534480992,0.2477832944937134,0.008194036098607301,0.6424646854450964,3.2500841004350565,0.2623525661459994,0.32503949447077407
b45cb7fb871d4322bfdbb52e6e8d1d38,application_only,lightgbm,42,3,307,application_only,uncalibrated,2026-10-05T00:04:59Z,calibrated,random_01_full,selection_validation,False,0.7512088992472561,0.2404272682024891,0.06808067534480992,0.2477832944937134,0.008194036098607301,0.6424646854450964,3.2500841004350565,0.2623525661459994,0.32503949447077407
b45cb7fb871d4322bfdbb52e6e8d1d38,logistic_tuned,logistic_regression,42,3,101,logistic_tuned,uncalibrated,2026-10-05T00:04:59Z,raw,tuned_C1.0_unweighted,selection_validation,False,0.7668196589463776,0.2555239180765544,0.0672660671417451,0.24366826933928318,7.007876382424615e-23,0.9112255250583596,3.4830791939048837,0.2811603442779726,0.34834123222748814
b45cb7fb871d4322bfdbb52e6e8d1d38,logistic_tuned,logistic_regression,42,3,101,logistic_tuned,uncalibrated,2026-10-05T00:04:59Z,calibrated,tuned_C1.0_unweighted,selection_validation,False,0.7668196589463776,0.2555239180765544,0.0672660671417451,0.24366826933928318,7.007876382424615e-23,0.9112255250583596,3.4830791939048837,0.2811603442779726,0.34834123222748814
b45cb7fb871d4322bfdbb52e6e8d1d38,logistic_tuned,logistic_regression,42,3,211,logistic_tuned,uncalibrated,2026-10-05T00:04:59Z,raw,tuned_C1.0_unweighted,selection_validation,False,0.7668196589463776,0.2555239180765544,0.0672660671417451,0.24366826933928318,7.007876382424615e-23,0.9112255250583596,3.4830791939048837,0.2811603442779726,0.34834123222748814
b45cb7fb871d4322bfdbb52e6e8d1d38,logistic_tuned,logistic_regression,42,3,211,logistic_tuned,uncalibrated,2026-10-05T00:04:59Z,calibrated,tuned_C1.0_unweighted,selection_validation,False,0.7668196589463776,0.2555239180765544,0.0672660671417451,0.24366826933928318,7.007876382424615e-23,0.9112255250583596,3.4830791939048837,0.2811603442779726,0.34834123222748814
b45cb7fb871d4322bfdbb52e6e8d1d38,logistic_tuned,logistic_regression,42,3,307,logistic_tuned,uncalibrated,2026-10-05T00:04:59Z,raw,tuned_C1.0_unweighted,selection_validation,False,0.7668196589463776,0.2555239180765544,0.0672660671417451,0.24366826933928318,7.007876382424615e-23,0.9112255250583596,3.4830791939048837,0.2811603442779726,0.34834123222748814
b45cb7fb871d4322bfdbb52e6e8d1d38,logistic_tuned,logistic_regression,42,3,307,logistic_tuned,uncalibrated,2026-10-05T00:04:59Z,calibrated,tuned_C1.0_unweighted,selection_validation,False,0.7668196589463776,0.2555239180765544,0.0672660671417451,0.24366826933928318,7.007876382424615e-23,0.9112255250583596,3.4830791939048837,0.2811603442779726,0.34834123222748814
b45cb7fb871d4322bfdbb52e6e8d1d38,history_selected,lightgbm,42,4,101,full,uncalibrated,2026-10-05T00:04:59Z,raw,random_15_full,selection_validation,False,0.7742773272015889,0.26700978590228125,0.06661195098110713,0.24089665252317602,0.005943322216739149,0.7434854176849834,3.617347552853598,0.29199872489639783,0.3617693522906793
b45cb7fb871d4322bfdbb52e6e8d1d38,history_selected,lightgbm,42,4,101,full,uncalibrated,2026-10-05T00:04:59Z,calibrated,random_15_full,selection_validation,False,0.7742773272015889,0.26700978590228125,0.06661195098110713,0.24089665252317602,0.005943322216739149,0.7434854176849834,3.617347552853598,0.29199872489639783,0.3617693522906793
b45cb7fb871d4322bfdbb52e6e8d1d38,history_selected,lightgbm,42,4,211,full,uncalibrated,2026-10-05T00:04:59Z,raw,random_15_full,selection_validation,False,0.774157015278135,0.26731684386129295,0.06660355471347112,0.24089444441899113,0.005625603906899325,0.7695106900123299,3.60155127533022,0.2907236212942302,0.36018957345971564
b45cb7fb871d4322bfdbb52e6e8d1d38,history_selected,lightgbm,42,4,211,full,uncalibrated,2026-10-05T00:04:59Z,calibrated,random_15_full,selection_validation,False,0.774157015278135,0.26731684386129295,0.06660355471347112,0.24089444441899113,0.005625603906899325,0.7695106900123299,3.60155127533022,0.2907236212942302,0.36018957345971564
b45cb7fb871d4322bfdbb52e6e8d1d38,history_selected,lightgbm,42,4,307,full,uncalibrated,2026-10-05T00:04:59Z,raw,random_15_full,selection_validation,False,0.7743374694666033,0.26660973232392976,0.06659667051548528,0.2408392082116458,0.005678891106444101,0.7514006557481182,3.617347552853598,0.29199872489639783,0.3617693522906793
b45cb7fb871d4322bfdbb52e6e8d1d38,history_selected,lightgbm,42,4,307,full,uncalibrated,2026-10-05T00:04:59Z,calibrated,random_15_full,selection_validation,False,0.7743374694666033,0.26660973232392976,0.06659667051548528,0.2408392082116458,0.005678891106444101,0.7514006557481182,3.617347552853598,0.29199872489639783,0.3617693522906793
b45cb7fb871d4322bfdbb52e6e8d1d38,application_only,lightgbm,42,4,101,application_only,uncalibrated,2026-10-05T00:04:59Z,raw,random_13_full,selection_validation,False,0.747213170977981,0.23060019427326595,0.06847469203957657,0.24924504313129758,0.003837421371173478,0.7100490509000875,3.2303387535308334,0.26075868664328977,0.32306477093206953
b45cb7fb871d4322bfdbb52e6e8d1d38,application_only,lightgbm,42,4,101,application_only,uncalibrated,2026-10-05T00:04:59Z,calibrated,random_13_full,selection_validation,False,0.747213170977981,0.23060019427326595,0.06847469203957657,0.24924504313129758,0.003837421371173478,0.7100490509000875,3.2303387535308334,0.26075868664328977,0.32306477093206953
b45cb7fb871d4322bfdbb52e6e8d1d38,application_only,lightgbm,42,4,211,application_only,uncalibrated,2026-10-05T00:04:59Z,raw,random_13_full,selection_validation,False,0.7475721070283037,0.23208849031502626,0.06842162986392145,0.24904787867023645,0.0038859195472164907,0.7237753297250781,3.2145424760074546,0.25948358304112207,0.32148499210110587
b45cb7fb871d4322bfdbb52e6e8d1d38,application_only,lightgbm,42,4,211,application_only,uncalibrated,2026-10-05T00:04:59Z,calibrated,random_13_full,selection_validation,False,0.7475721070283037,0.23208849031502626,0.06842162986392145,0.24904787867023645,0.0038859195472164907,0.7237753297250781,3.2145424760074546,0.25948358304112207,0.32148499210110587
b45cb7fb871d4322bfdbb52e6e8d1d38,application_only,lightgbm,42,4,307,application_only,uncalibrated,2026-10-05T00:04:59Z,raw,random_13_full,selection_validation,False,0.747261862791264,0.23065882215176117,0.06849068711275841,0.24924693995445024,0.004363744036558881,0.7213770249268735,3.226389684149989,0.26043991074274786,0.3226698262243286
b45cb7fb871d4322bfdbb52e6e8d1d38,application_only,lightgbm,42,4,307,application_only,uncalibrated,2026-10-05T00:04:59Z,calibrated,random_13_full,selection_validation,False,0.747261862791264,0.23065882215176117,0.06849068711275841,0.24924693995445024,0.004363744036558881,0.7213770249268735,3.226389684149989,0.26043991074274786,0.3226698262243286
b45cb7fb871d4322bfdbb52e6e8d1d38,logistic_tuned,logistic_regression,42,4,101,logistic_tuned,uncalibrated,2026-10-05T00:04:59Z,raw,tuned_C0.1_unweighted,selection_validation,False,0.7685868361990964,0.2600609264287658,0.06698289519073476,0.24276156533411378,0.0003109106662934288,0.9163377378287128,3.522569887713329,0.2843481032833918,0.3522906793048973
b45cb7fb871d4322bfdbb52e6e8d1d38,logistic_tuned,logistic_regression,42,4,101,logistic_tuned,uncalibrated,2026-10-05T00:04:59Z,calibrated,tuned_C0.1_unweighted,selection_validation,False,0.7685868361990964,0.2600609264287658,0.06698289519073476,0.24276156533411378,0.0003109106662934288,0.9163377378287128,3.522569887713329,0.2843481032833918,0.3522906793048973
b45cb7fb871d4322bfdbb52e6e8d1d38,logistic_tuned,logistic_regression,42,4,211,logistic_tuned,uncalibrated,2026-10-05T00:04:59Z,raw,tuned_C0.1_unweighted,selection_validation,False,0.7685868361990964,0.2600609264287658,0.06698289519073476,0.24276156533411378,0.0003109106662934288,0.9163377378287128,3.522569887713329,0.2843481032833918,0.3522906793048973
b45cb7fb871d4322bfdbb52e6e8d1d38,logistic_tuned,logistic_regression,42,4,211,logistic_tuned,uncalibrated,2026-10-05T00:04:59Z,calibrated,tuned_C0.1_unweighted,selection_validation,False,0.7685868361990964,0.2600609264287658,0.06698289519073476,0.24276156533411378,0.0003109106662934288,0.9163377378287128,3.522569887713329,0.2843481032833918,0.3522906793048973
b45cb7fb871d4322bfdbb52e6e8d1d38,logistic_tuned,logistic_regression,42,4,307,logistic_tuned,uncalibrated,2026-10-05T00:04:59Z,raw,tuned_C0.1_unweighted,selection_validation,False,0.7685868361990964,0.2600609264287658,0.06698289519073476,0.24276156533411378,0.0003109106662934288,0.9163377378287128,3.522569887713329,0.2843481032833918,0.3522906793048973
b45cb7fb871d4322bfdbb52e6e8d1d38,logistic_tuned,logistic_regression,42,4,307,logistic_tuned,uncalibrated,2026-10-05T00:04:59Z,calibrated,tuned_C0.1_unweighted,selection_validation,False,0.7685868361990964,0.2600609264287658,0.06698289519073476,0.24276156533411378,0.0003109106662934288,0.9163377378287128,3.522569887713329,0.2843481032833918,0.3522906793048973
b45cb7fb871d4322bfdbb52e6e8d1d38,history_selected,lightgbm,42,5,101,full,uncalibrated,2026-10-05T00:04:59Z,raw,random_03_full,selection_validation,False,0.7810894693920932,0.27642662561852416,0.06620060200677122,0.23886744585581252,0.0033178499156851795,0.8495759555732708,3.664736385423732,0.29582403570290083,0.3665086887835703
b45cb7fb871d4322bfdbb52e6e8d1d38,history_selected,lightgbm,42,5,101,full,uncalibrated,2026-10-05T00:04:59Z,calibrated,random_03_full,selection_validation,False,0.7810894693920932,0.27642662561852416,0.06620060200677122,0.23886744585581252,0.0033178499156851795,0.8495759555732708,3.664736385423732,0.29582403570290083,0.3665086887835703
b45cb7fb871d4322bfdbb52e6e8d1d38,history_selected,lightgbm,42,5,211,full,uncalibrated,2026-10-05T00:04:59Z,raw,random_03_full,selection_validation,False,0.7823724952479256,0.27889425214611124,0.0660653166156131,0.23834637286439248,0.0036541369322971185,0.8321802618876636,3.7358196342789345,0.3015620019126554,0.3736176935229068
b45cb7fb871d4322bfdbb52e6e8d1d38,history_selected,lightgbm,42,5,211,full,uncalibrated,2026-10-05T00:04:59Z,calibrated,random_03_full,selection_validation,False,0.7823724952479256,0.27889425214611124,0.0660653166156131,0.23834637286439248,0.0036541369322971185,0.8321802618876636,3.7358196342789345,0.3015620019126554,0.3736176935229068
b45cb7fb871d4322bfdbb52e6e8d1d38,history_selected,lightgbm,42,5,307,full,uncalibrated,2026-10-05T00:04:59Z,raw,random_03_full,selection_validation,False,0.7815776887126213,0.2751107962540138,0.0662349299689321,0.2388569640697658,0.003990017361618042,0.850167623921968,3.6884308017087997,0.29773669110615236,0.3688783570300158
b45cb7fb871d4322bfdbb52e6e8d1d38,history_selected,lightgbm,42,5,307,full,uncalibrated,2026-10-05T00:04:59Z,calibrated,random_03_full,selection_validation,False,0.7815776887126213,0.2751107962540138,0.0662349299689321,0.2388569640697658,0.003990017361618042,0.850167623921968,3.6884308017087997,0.29773669110615236,0.3688783570300158
b45cb7fb871d4322bfdbb52e6e8d1d38,application_only,lightgbm,42,5,101,application_only,uncalibrated,2026-10-05T00:04:59Z,raw,random_01_full,selection_validation,False,0.757878568233324,0.24225694437213652,0.06785249299210303,0.24627156591422145,0.006660263899873713,0.6343118612165161,3.388301528764615,0.27350972266496654,0.33886255924170616
b45cb7fb871d4322bfdbb52e6e8d1d38,application_only,lightgbm,42,5,101,application_only,uncalibrated,2026-10-05T00:04:59Z,calibrated,random_01_full,selection_validation,False,0.757878568233324,0.24225694437213652,0.06785249299210303,0.24627156591422145,0.006660263899873713,0.6343118612165161,3.388301528764615,0.27350972266496654,0.33886255924170616
b45cb7fb871d4322bfdbb52e6e8d1d38,application_only,lightgbm,42,5,211,application_only,uncalibrated,2026-10-05T00:04:59Z,raw,random_01_full,selection_validation,False,0.7570007048328302,0.24131165580830855,0.06789451066384042,0.24650689311710972,0.006567259868137726,0.65190710426311,3.3804033900029262,0.2728721708638827,0.3380726698262243
b45cb7fb871d4322bfdbb52e6e8d1d38,application_only,lightgbm,42,5,211,application_only,uncalibrated,2026-10-05T00:04:59Z,calibrated,random_01_full,selection_validation,False,0.7570007048328302,0.24131165580830855,0.06789451066384042,0.24650689311710972,0.006567259868137726,0.65190710426311,3.3804033900029262,0.2728721708638827,0.3380726698262243
b45cb7fb871d4322bfdbb52e6e8d1d38,application_only,lightgbm,42,5,307,application_only,uncalibrated,2026-10-05T00:04:59Z,raw,random_01_full,selection_validation,False,0.7572574771038904,0.24280307813895347,0.06784324798528799,0.24634251067555396,0.006834612698351811,0.6392816324749045,3.4040978062879925,0.2747848262671342,0.3404423380726698
b45cb7fb871d4322bfdbb52e6e8d1d38,application_only,lightgbm,42,5,307,application_only,uncalibrated,2026-10-05T00:04:59Z,calibrated,random_01_full,selection_validation,False,0.7572574771038904,0.24280307813895347,0.06784324798528799,0.24634251067555396,0.006834612698351811,0.6392816324749045,3.4040978062879925,0.2747848262671342,0.3404423380726698
b45cb7fb871d4322bfdbb52e6e8d1d38,logistic_tuned,logistic_regression,42,5,101,logistic_tuned,uncalibrated,2026-10-05T00:04:59Z,raw,tuned_C0.1_unweighted,selection_validation,False,0.7712845133188203,0.26219175999650984,0.06691394654856622,0.24231069939497293,0.00016868439740013006,0.9984546217935936,3.475181055143195,0.28052279247688877,0.34755134281200634
b45cb7fb871d4322bfdbb52e6e8d1d38,logistic_tuned,logistic_regression,42,5,101,logistic_tuned,uncalibrated,2026-10-05T00:04:59Z,calibrated,tuned_C0.1_unweighted,selection_validation,False,0.7712845133188203,0.26219175999650984,0.06691394654856622,0.24231069939497293,0.00016868439740013006,0.9984546217935936,3.475181055143195,0.28052279247688877,0.34755134281200634
b45cb7fb871d4322bfdbb52e6e8d1d38,logistic_tuned,logistic_regression,42,5,211,logistic_tuned,uncalibrated,2026-10-05T00:04:59Z,raw,tuned_C0.1_unweighted,selection_validation,False,0.7712845133188203,0.26219175999650984,0.06691394654856622,0.24231069939497293,0.00016868439740013006,0.9984546217935936,3.475181055143195,0.28052279247688877,0.34755134281200634
b45cb7fb871d4322bfdbb52e6e8d1d38,logistic_tuned,logistic_regression,42,5,211,logistic_tuned,uncalibrated,2026-10-05T00:04:59Z,calibrated,tuned_C0.1_unweighted,selection_validation,False,0.7712845133188203,0.26219175999650984,0.06691394654856622,0.24231069939497293,0.00016868439740013006,0.9984546217935936,3.475181055143195,0.28052279247688877,0.34755134281200634
b45cb7fb871d4322bfdbb52e6e8d1d38,logistic_tuned,logistic_regression,42,5,307,logistic_tuned,uncalibrated,2026-10-05T00:04:59Z,raw,tuned_C0.1_unweighted,selection_validation,False,0.7712845133188203,0.26219175999650984,0.06691394654856622,0.24231069939497293,0.00016868439740013006,0.9984546217935936,3.475181055143195,0.28052279247688877,0.34755134281200634
b45cb7fb871d4322bfdbb52e6e8d1d38,logistic_tuned,logistic_regression,42,5,307,logistic_tuned,uncalibrated,2026-10-05T00:04:59Z,calibrated,tuned_C0.1_unweighted,selection_validation,False,0.7712845133188203,0.26219175999650984,0.06691394654856622,0.24231069939497293,0.00016868439740013006,0.9984546217935936,3.475181055143195,0.28052279247688877,0.34755134281200634
