run_id,workflow,model_family,split_seed,outer_fold,model_seed,feature_set,calibration_method,created_at,score_kind,metric_name,metric_value_comparator,applicant_count,metric_value_history,history_minus_comparator
b45cb7fb871d4322bfdbb52e6e8d1d38,application_only,lightgbm,42,1,42,application_only,uncalibrated,2026-10-05T00:04:59Z,raw,roc_auc,0.7445561665461211,52277,0.7739083631285888,0.029352196582467682
b45cb7fb871d4322bfdbb52e6e8d1d38,application_only,lightgbm,42,1,42,application_only,uncalibrated,2026-10-05T00:04:59Z,raw,pr_auc,0.22846173819669077,52277,0.2642987619477396,0.03583702375104883
b45cb7fb871d4322bfdbb52e6e8d1d38,application_only,lightgbm,42,1,42,application_only,uncalibrated,2026-10-05T00:04:59Z,raw,brier_score,0.06867581753885607,52277,0.06679591061465318,-0.0018799069242028954
b45cb7fb871d4322bfdbb52e6e8d1d38,application_only,lightgbm,42,1,42,application_only,uncalibrated,2026-10-05T00:04:59Z,raw,log_loss,0.25011598921785255,52277,0.24144404261292646,-0.008671946604926095
b45cb7fb871d4322bfdbb52e6e8d1d38,application_only,lightgbm,42,1,42,application_only,uncalibrated,2026-10-05T00:04:59Z,raw,min_predicted_probability,0.005997235928190593,52277,0.004722335080644948,-0.0012749008475456446
b45cb7fb871d4322bfdbb52e6e8d1d38,application_only,lightgbm,42,1,42,application_only,uncalibrated,2026-10-05T00:04:59Z,raw,max_predicted_probability,0.6956698548018531,52277,0.816228170416448,0.12055831561459496
b45cb7fb871d4322bfdbb52e6e8d1d38,application_only,lightgbm,42,1,42,application_only,uncalibrated,2026-10-05T00:04:59Z,raw,top_decile_lift,3.1151967328439594,52277,3.5558253201511665,0.4406285873072071
b45cb7fb871d4322bfdbb52e6e8d1d38,application_only,lightgbm,42,1,42,application_only,uncalibrated,2026-10-05T00:04:59Z,raw,precision_at_top_decile,0.2515302218821729,52277,0.2871078806426932,0.035577658760520325
b45cb7fb871d4322bfdbb52e6e8d1d38,application_only,lightgbm,42,1,42,application_only,uncalibrated,2026-10-05T00:04:59Z,raw,recall_at_manual_review_capacity,0.3115375503435205,52277,0.3556029376924899,0.04406538734896942
b45cb7fb871d4322bfdbb52e6e8d1d38,application_only,lightgbm,42,1,42,application_only,uncalibrated,2026-10-05T00:04:59Z,raw,balanced_utility_per_applicant,551.1104309734683,52277,571.61371157488,20.50328060141169
b45cb7fb871d4322bfdbb52e6e8d1d38,application_only,lightgbm,42,1,42,application_only,uncalibrated,2026-10-05T00:04:59Z,calibrated,roc_auc,0.7445561665461211,52277,0.7739083631285888,0.029352196582467682
b45cb7fb871d4322bfdbb52e6e8d1d38,application_only,lightgbm,42,1,42,application_only,uncalibrated,2026-10-05T00:04:59Z,calibrated,pr_auc,0.22846173819669077,52277,0.2642987619477396,0.03583702375104883
b45cb7fb871d4322bfdbb52e6e8d1d38,application_only,lightgbm,42,1,42,application_only,uncalibrated,2026-10-05T00:04:59Z,calibrated,brier_score,0.06867581753885607,52277,0.06679591061465318,-0.0018799069242028954
b45cb7fb871d4322bfdbb52e6e8d1d38,application_only,lightgbm,42,1,42,application_only,uncalibrated,2026-10-05T00:04:59Z,calibrated,log_loss,0.25011598921785255,52277,0.24144404261292646,-0.008671946604926095
b45cb7fb871d4322bfdbb52e6e8d1d38,application_only,lightgbm,42,1,42,application_only,uncalibrated,2026-10-05T00:04:59Z,calibrated,min_predicted_probability,0.005997235928190593,52277,0.004722335080644948,-0.0012749008475456446
b45cb7fb871d4322bfdbb52e6e8d1d38,application_only,lightgbm,42,1,42,application_only,uncalibrated,2026-10-05T00:04:59Z,calibrated,max_predicted_probability,0.6956698548018531,52277,0.816228170416448,0.12055831561459496
b45cb7fb871d4322bfdbb52e6e8d1d38,application_only,lightgbm,42,1,42,application_only,uncalibrated,2026-10-05T00:04:59Z,calibrated,top_decile_lift,3.1151967328439594,52277,3.5558253201511665,0.4406285873072071
b45cb7fb871d4322bfdbb52e6e8d1d38,application_only,lightgbm,42,1,42,application_only,uncalibrated,2026-10-05T00:04:59Z,calibrated,precision_at_top_decile,0.2515302218821729,52277,0.2871078806426932,0.035577658760520325
b45cb7fb871d4322bfdbb52e6e8d1d38,application_only,lightgbm,42,1,42,application_only,uncalibrated,2026-10-05T00:04:59Z,calibrated,recall_at_manual_review_capacity,0.3115375503435205,52277,0.3556029376924899,0.04406538734896942
b45cb7fb871d4322bfdbb52e6e8d1d38,logistic_tuned,logistic_regression,42,1,42,logistic_tuned,uncalibrated,2026-10-05T00:04:59Z,raw,roc_auc,0.766699674236963,52277,0.7739083631285888,0.007208688891625847
b45cb7fb871d4322bfdbb52e6e8d1d38,logistic_tuned,logistic_regression,42,1,42,logistic_tuned,uncalibrated,2026-10-05T00:04:59Z,raw,pr_auc,0.25372350890184037,52277,0.2642987619477396,0.010575253045899236
b45cb7fb871d4322bfdbb52e6e8d1d38,logistic_tuned,logistic_regression,42,1,42,logistic_tuned,uncalibrated,2026-10-05T00:04:59Z,raw,brier_score,0.06730195403935069,52277,0.06679591061465318,-0.000506043424697511
b45cb7fb871d4322bfdbb52e6e8d1d38,logistic_tuned,logistic_regression,42,1,42,logistic_tuned,uncalibrated,2026-10-05T00:04:59Z,raw,log_loss,0.2437307301337129,52277,0.24144404261292646,-0.002286687520786451
b45cb7fb871d4322bfdbb52e6e8d1d38,logistic_tuned,logistic_regression,42,1,42,logistic_tuned,uncalibrated,2026-10-05T00:04:59Z,raw,min_predicted_probability,0.0,52277,0.004722335080644948,0.004722335080644948
b45cb7fb871d4322bfdbb52e6e8d1d38,logistic_tuned,logistic_regression,42,1,42,logistic_tuned,uncalibrated,2026-10-05T00:04:59Z,raw,max_predicted_probability,0.9997193686729202,52277,0.816228170416448,-0.1834911982564722
b45cb7fb871d4322bfdbb52e6e8d1d38,logistic_tuned,logistic_regression,42,1,42,logistic_tuned,uncalibrated,2026-10-05T00:04:59Z,raw,top_decile_lift,3.4539595714726183,52277,3.5558253201511665,0.10186574867854814
b45cb7fb871d4322bfdbb52e6e8d1d38,logistic_tuned,logistic_regression,42,1,42,logistic_tuned,uncalibrated,2026-10-05T00:04:59Z,raw,precision_at_top_decile,0.27888293802601377,52277,0.2871078806426932,0.008224942616679443
b45cb7fb871d4322bfdbb52e6e8d1d38,logistic_tuned,logistic_regression,42,1,42,logistic_tuned,uncalibrated,2026-10-05T00:04:59Z,raw,recall_at_manual_review_capacity,0.34541577825159914,52277,0.3556029376924899,0.01018715944089077
b45cb7fb871d4322bfdbb52e6e8d1d38,logistic_tuned,logistic_regression,42,1,42,logistic_tuned,uncalibrated,2026-10-05T00:04:59Z,raw,balanced_utility_per_applicant,568.530137536584,52277,571.61371157488,3.0835740382959784
b45cb7fb871d4322bfdbb52e6e8d1d38,logistic_tuned,logistic_regression,42,1,42,logistic_tuned,uncalibrated,2026-10-05T00:04:59Z,calibrated,roc_auc,0.766699674236963,52277,0.7739083631285888,0.007208688891625847
b45cb7fb871d4322bfdbb52e6e8d1d38,logistic_tuned,logistic_regression,42,1,42,logistic_tuned,uncalibrated,2026-10-05T00:04:59Z,calibrated,pr_auc,0.25372350890184037,52277,0.2642987619477396,0.010575253045899236
b45cb7fb871d4322bfdbb52e6e8d1d38,logistic_tuned,logistic_regression,42,1,42,logistic_tuned,uncalibrated,2026-10-05T00:04:59Z,calibrated,brier_score,0.06730195403935069,52277,0.06679591061465318,-0.000506043424697511
b45cb7fb871d4322bfdbb52e6e8d1d38,logistic_tuned,logistic_regression,42,1,42,logistic_tuned,uncalibrated,2026-10-05T00:04:59Z,calibrated,log_loss,0.2437307301337129,52277,0.24144404261292646,-0.002286687520786451
b45cb7fb871d4322bfdbb52e6e8d1d38,logistic_tuned,logistic_regression,42,1,42,logistic_tuned,uncalibrated,2026-10-05T00:04:59Z,calibrated,min_predicted_probability,0.0,52277,0.004722335080644948,0.004722335080644948
b45cb7fb871d4322bfdbb52e6e8d1d38,logistic_tuned,logistic_regression,42,1,42,logistic_tuned,uncalibrated,2026-10-05T00:04:59Z,calibrated,max_predicted_probability,0.9997193686729202,52277,0.816228170416448,-0.1834911982564722
b45cb7fb871d4322bfdbb52e6e8d1d38,logistic_tuned,logistic_regression,42,1,42,logistic_tuned,uncalibrated,2026-10-05T00:04:59Z,calibrated,top_decile_lift,3.4539595714726183,52277,3.5558253201511665,0.10186574867854814
b45cb7fb871d4322bfdbb52e6e8d1d38,logistic_tuned,logistic_regression,42,1,42,logistic_tuned,uncalibrated,2026-10-05T00:04:59Z,calibrated,precision_at_top_decile,0.27888293802601377,52277,0.2871078806426932,0.008224942616679443
b45cb7fb871d4322bfdbb52e6e8d1d38,logistic_tuned,logistic_regression,42,1,42,logistic_tuned,uncalibrated,2026-10-05T00:04:59Z,calibrated,recall_at_manual_review_capacity,0.34541577825159914,52277,0.3556029376924899,0.01018715944089077
b45cb7fb871d4322bfdbb52e6e8d1d38,training_prevalence,prevalence,42,1,42,training_prevalence,uncalibrated,2026-10-05T00:04:59Z,raw,roc_auc,0.5,52277,0.7739083631285888,0.2739083631285888
b45cb7fb871d4322bfdbb52e6e8d1d38,training_prevalence,prevalence,42,1,42,training_prevalence,uncalibrated,2026-10-05T00:04:59Z,raw,pr_auc,0.08074296535761424,52277,0.2642987619477396,0.18355579659012536
b45cb7fb871d4322bfdbb52e6e8d1d38,training_prevalence,prevalence,42,1,42,training_prevalence,uncalibrated,2026-10-05T00:04:59Z,raw,brier_score,0.07422353923580763,52277,0.06679591061465318,-0.007427628621154453
b45cb7fb871d4322bfdbb52e6e8d1d38,training_prevalence,prevalence,42,1,42,training_prevalence,uncalibrated,2026-10-05T00:04:59Z,raw,log_loss,0.2805802138170289,52277,0.24144404261292646,-0.039136171204102455
b45cb7fb871d4322bfdbb52e6e8d1d38,training_prevalence,prevalence,42,1,42,training_prevalence,uncalibrated,2026-10-05T00:04:59Z,raw,min_predicted_probability,0.08072471887083772,52277,0.004722335080644948,-0.07600238379019278
b45cb7fb871d4322bfdbb52e6e8d1d38,training_prevalence,prevalence,42,1,42,training_prevalence,uncalibrated,2026-10-05T00:04:59Z,raw,max_predicted_probability,0.08072471887083772,52277,0.816228170416448,0.7355034515456103
b45cb7fb871d4322bfdbb52e6e8d1d38,training_prevalence,prevalence,42,1,42,training_prevalence,uncalibrated,2026-10-05T00:04:59Z,raw,top_decile_lift,1.000000000000001,52277,3.5558253201511665,2.5558253201511656
b45cb7fb871d4322bfdbb52e6e8d1d38,training_prevalence,prevalence,42,1,42,training_prevalence,uncalibrated,2026-10-05T00:04:59Z,raw,precision_at_top_decile,0.08074296535761434,52277,0.2871078806426932,0.2063649152850789
b45cb7fb871d4322bfdbb52e6e8d1d38,training_prevalence,prevalence,42,1,42,training_prevalence,uncalibrated,2026-10-05T00:04:59Z,raw,recall_at_manual_review_capacity,0.10000573866136164,52277,0.3556029376924899,0.25559719903112826
b45cb7fb871d4322bfdbb52e6e8d1d38,training_prevalence,prevalence,42,1,42,training_prevalence,uncalibrated,2026-10-05T00:04:59Z,calibrated,roc_auc,0.5,52277,0.7739083631285888,0.2739083631285888
b45cb7fb871d4322bfdbb52e6e8d1d38,training_prevalence,prevalence,42,1,42,training_prevalence,uncalibrated,2026-10-05T00:04:59Z,calibrated,pr_auc,0.08074296535761424,52277,0.2642987619477396,0.18355579659012536
b45cb7fb871d4322bfdbb52e6e8d1d38,training_prevalence,prevalence,42,1,42,training_prevalence,uncalibrated,2026-10-05T00:04:59Z,calibrated,brier_score,0.07422353923580763,52277,0.06679591061465318,-0.007427628621154453
b45cb7fb871d4322bfdbb52e6e8d1d38,training_prevalence,prevalence,42,1,42,training_prevalence,uncalibrated,2026-10-05T00:04:59Z,calibrated,log_loss,0.2805802138170289,52277,0.24144404261292646,-0.039136171204102455
b45cb7fb871d4322bfdbb52e6e8d1d38,training_prevalence,prevalence,42,1,42,training_prevalence,uncalibrated,2026-10-05T00:04:59Z,calibrated,min_predicted_probability,0.08072471887083772,52277,0.004722335080644948,-0.07600238379019278
b45cb7fb871d4322bfdbb52e6e8d1d38,training_prevalence,prevalence,42,1,42,training_prevalence,uncalibrated,2026-10-05T00:04:59Z,calibrated,max_predicted_probability,0.08072471887083772,52277,0.816228170416448,0.7355034515456103
b45cb7fb871d4322bfdbb52e6e8d1d38,training_prevalence,prevalence,42,1,42,training_prevalence,uncalibrated,2026-10-05T00:04:59Z,calibrated,top_decile_lift,1.000000000000001,52277,3.5558253201511665,2.5558253201511656
b45cb7fb871d4322bfdbb52e6e8d1d38,training_prevalence,prevalence,42,1,42,training_prevalence,uncalibrated,2026-10-05T00:04:59Z,calibrated,precision_at_top_decile,0.08074296535761434,52277,0.2871078806426932,0.2063649152850789
b45cb7fb871d4322bfdbb52e6e8d1d38,training_prevalence,prevalence,42,1,42,training_prevalence,uncalibrated,2026-10-05T00:04:59Z,calibrated,recall_at_manual_review_capacity,0.10000573866136164,52277,0.3556029376924899,0.25559719903112826
b45cb7fb871d4322bfdbb52e6e8d1d38,application_only,lightgbm,42,2,42,application_only,uncalibrated,2026-10-05T00:04:59Z,raw,roc_auc,0.7462257398328426,52277,0.772195202241572,0.025969462408729438
b45cb7fb871d4322bfdbb52e6e8d1d38,application_only,lightgbm,42,2,42,application_only,uncalibrated,2026-10-05T00:04:59Z,raw,pr_auc,0.2307517588392693,52277,0.2621314768050287,0.03137971796575939
b45cb7fb871d4322bfdbb52e6e8d1d38,application_only,lightgbm,42,2,42,application_only,uncalibrated,2026-10-05T00:04:59Z,raw,brier_score,0.06843884086096763,52277,0.06686740742142723,-0.0015714334395404012
b45cb7fb871d4322bfdbb52e6e8d1d38,application_only,lightgbm,42,2,42,application_only,uncalibrated,2026-10-05T00:04:59Z,raw,log_loss,0.24923953536223295,52277,0.24179177447258465,-0.007447760889648297
b45cb7fb871d4322bfdbb52e6e8d1d38,application_only,lightgbm,42,2,42,application_only,uncalibrated,2026-10-05T00:04:59Z,raw,min_predicted_probability,0.005939387663023546,52277,0.006027767381460238,8.837971843669249e-05
b45cb7fb871d4322bfdbb52e6e8d1d38,application_only,lightgbm,42,2,42,application_only,uncalibrated,2026-10-05T00:04:59Z,raw,max_predicted_probability,0.6473726561544978,52277,0.7872979875798782,0.13992533142538044
b45cb7fb871d4322bfdbb52e6e8d1d38,application_only,lightgbm,42,2,42,application_only,uncalibrated,2026-10-05T00:04:59Z,raw,top_decile_lift,3.246259205807591,52277,3.5779937231893886,0.3317345173817974
b45cb7fb871d4322bfdbb52e6e8d1d38,application_only,lightgbm,42,2,42,application_only,uncalibrated,2026-10-05T00:04:59Z,raw,precision_at_top_decile,0.2620504973221117,52277,0.2888293802601377,0.026778882938025994
b45cb7fb871d4322bfdbb52e6e8d1d38,application_only,lightgbm,42,2,42,application_only,uncalibrated,2026-10-05T00:04:59Z,raw,recall_at_manual_review_capacity,0.3246445497630332,52277,0.3578199052132701,0.03317535545023692
b45cb7fb871d4322bfdbb52e6e8d1d38,application_only,lightgbm,42,2,42,application_only,uncalibrated,2026-10-05T00:04:59Z,raw,balanced_utility_per_applicant,556.0504619622396,52277,574.4792164814354,18.428754519195763
b45cb7fb871d4322bfdbb52e6e8d1d38,application_only,lightgbm,42,2,42,application_only,uncalibrated,2026-10-05T00:04:59Z,calibrated,roc_auc,0.7462257398328426,52277,0.772195202241572,0.025969462408729438
b45cb7fb871d4322bfdbb52e6e8d1d38,application_only,lightgbm,42,2,42,application_only,uncalibrated,2026-10-05T00:04:59Z,calibrated,pr_auc,0.2307517588392693,52277,0.2621314768050287,0.03137971796575939
b45cb7fb871d4322bfdbb52e6e8d1d38,application_only,lightgbm,42,2,42,application_only,uncalibrated,2026-10-05T00:04:59Z,calibrated,brier_score,0.06843884086096763,52277,0.06686740742142723,-0.0015714334395404012
b45cb7fb871d4322bfdbb52e6e8d1d38,application_only,lightgbm,42,2,42,application_only,uncalibrated,2026-10-05T00:04:59Z,calibrated,log_loss,0.24923953536223295,52277,0.24179177447258465,-0.007447760889648297
b45cb7fb871d4322bfdbb52e6e8d1d38,application_only,lightgbm,42,2,42,application_only,uncalibrated,2026-10-05T00:04:59Z,calibrated,min_predicted_probability,0.005939387663023546,52277,0.006027767381460238,8.837971843669249e-05
b45cb7fb871d4322bfdbb52e6e8d1d38,application_only,lightgbm,42,2,42,application_only,uncalibrated,2026-10-05T00:04:59Z,calibrated,max_predicted_probability,0.6473726561544978,52277,0.7872979875798782,0.13992533142538044
b45cb7fb871d4322bfdbb52e6e8d1d38,application_only,lightgbm,42,2,42,application_only,uncalibrated,2026-10-05T00:04:59Z,calibrated,top_decile_lift,3.246259205807591,52277,3.5779937231893886,0.3317345173817974
b45cb7fb871d4322bfdbb52e6e8d1d38,application_only,lightgbm,42,2,42,application_only,uncalibrated,2026-10-05T00:04:59Z,calibrated,precision_at_top_decile,0.2620504973221117,52277,0.2888293802601377,0.026778882938025994
b45cb7fb871d4322bfdbb52e6e8d1d38,application_only,lightgbm,42,2,42,application_only,uncalibrated,2026-10-05T00:04:59Z,calibrated,recall_at_manual_review_capacity,0.3246445497630332,52277,0.3578199052132701,0.03317535545023692
b45cb7fb871d4322bfdbb52e6e8d1d38,logistic_tuned,logistic_regression,42,2,42,logistic_tuned,uncalibrated,2026-10-05T00:04:59Z,raw,roc_auc,0.7646929342495834,52277,0.772195202241572,0.007502267991988609
b45cb7fb871d4322bfdbb52e6e8d1d38,logistic_tuned,logistic_regression,42,2,42,logistic_tuned,uncalibrated,2026-10-05T00:04:59Z,raw,pr_auc,0.2550845256854747,52277,0.2621314768050287,0.007046951119554001
b45cb7fb871d4322bfdbb52e6e8d1d38,logistic_tuned,logistic_regression,42,2,42,logistic_tuned,uncalibrated,2026-10-05T00:04:59Z,raw,brier_score,0.0673062844641691,52277,0.06686740742142723,-0.0004388770427418698
b45cb7fb871d4322bfdbb52e6e8d1d38,logistic_tuned,logistic_regression,42,2,42,logistic_tuned,uncalibrated,2026-10-05T00:04:59Z,raw,log_loss,0.2440546833516126,52277,0.24179177447258465,-0.0022629088790279417
b45cb7fb871d4322bfdbb52e6e8d1d38,logistic_tuned,logistic_regression,42,2,42,logistic_tuned,uncalibrated,2026-10-05T00:04:59Z,raw,min_predicted_probability,7.562322661442545e-11,52277,0.006027767381460238,0.006027767305837012
b45cb7fb871d4322bfdbb52e6e8d1d38,logistic_tuned,logistic_regression,42,2,42,logistic_tuned,uncalibrated,2026-10-05T00:04:59Z,raw,max_predicted_probability,0.9999999775369995,52277,0.7872979875798782,-0.2127019899571213
b45cb7fb871d4322bfdbb52e6e8d1d38,logistic_tuned,logistic_regression,42,2,42,logistic_tuned,uncalibrated,2026-10-05T00:04:59Z,raw,top_decile_lift,3.442930383969657,52277,3.5779937231893886,0.13506333921973157
b45cb7fb871d4322bfdbb52e6e8d1d38,logistic_tuned,logistic_regression,42,2,42,logistic_tuned,uncalibrated,2026-10-05T00:04:59Z,raw,precision_at_top_decile,0.2779265493496557,52277,0.2888293802601377,0.010902830910481998
b45cb7fb871d4322bfdbb52e6e8d1d38,logistic_tuned,logistic_regression,42,2,42,logistic_tuned,uncalibrated,2026-10-05T00:04:59Z,raw,recall_at_manual_review_capacity,0.3443127962085308,52277,0.3578199052132701,0.013507109004739337
b45cb7fb871d4322bfdbb52e6e8d1d38,logistic_tuned,logistic_regression,42,2,42,logistic_tuned,uncalibrated,2026-10-05T00:04:59Z,raw,balanced_utility_per_applicant,567.4264016680376,52277,574.4792164814354,7.052814813397845
b45cb7fb871d4322bfdbb52e6e8d1d38,logistic_tuned,logistic_regression,42,2,42,logistic_tuned,uncalibrated,2026-10-05T00:04:59Z,calibrated,roc_auc,0.7646929342495834,52277,0.772195202241572,0.007502267991988609
b45cb7fb871d4322bfdbb52e6e8d1d38,logistic_tuned,logistic_regression,42,2,42,logistic_tuned,uncalibrated,2026-10-05T00:04:59Z,calibrated,pr_auc,0.2550845256854747,52277,0.2621314768050287,0.007046951119554001
b45cb7fb871d4322bfdbb52e6e8d1d38,logistic_tuned,logistic_regression,42,2,42,logistic_tuned,uncalibrated,2026-10-05T00:04:59Z,calibrated,brier_score,0.0673062844641691,52277,0.06686740742142723,-0.0004388770427418698
b45cb7fb871d4322bfdbb52e6e8d1d38,logistic_tuned,logistic_regression,42,2,42,logistic_tuned,uncalibrated,2026-10-05T00:04:59Z,calibrated,log_loss,0.2440546833516126,52277,0.24179177447258465,-0.0022629088790279417
b45cb7fb871d4322bfdbb52e6e8d1d38,logistic_tuned,logistic_regression,42,2,42,logistic_tuned,uncalibrated,2026-10-05T00:04:59Z,calibrated,min_predicted_probability,7.562322661442545e-11,52277,0.006027767381460238,0.006027767305837012
b45cb7fb871d4322bfdbb52e6e8d1d38,logistic_tuned,logistic_regression,42,2,42,logistic_tuned,uncalibrated,2026-10-05T00:04:59Z,calibrated,max_predicted_probability,0.9999999775369995,52277,0.7872979875798782,-0.2127019899571213
b45cb7fb871d4322bfdbb52e6e8d1d38,logistic_tuned,logistic_regression,42,2,42,logistic_tuned,uncalibrated,2026-10-05T00:04:59Z,calibrated,top_decile_lift,3.442930383969657,52277,3.5779937231893886,0.13506333921973157
b45cb7fb871d4322bfdbb52e6e8d1d38,logistic_tuned,logistic_regression,42,2,42,logistic_tuned,uncalibrated,2026-10-05T00:04:59Z,calibrated,precision_at_top_decile,0.2779265493496557,52277,0.2888293802601377,0.010902830910481998
b45cb7fb871d4322bfdbb52e6e8d1d38,logistic_tuned,logistic_regression,42,2,42,logistic_tuned,uncalibrated,2026-10-05T00:04:59Z,calibrated,recall_at_manual_review_capacity,0.3443127962085308,52277,0.3578199052132701,0.013507109004739337
b45cb7fb871d4322bfdbb52e6e8d1d38,training_prevalence,prevalence,42,2,42,training_prevalence,uncalibrated,2026-10-05T00:04:59Z,raw,roc_auc,0.5,52277,0.772195202241572,0.272195202241572
b45cb7fb871d4322bfdbb52e6e8d1d38,training_prevalence,prevalence,42,2,42,training_prevalence,uncalibrated,2026-10-05T00:04:59Z,raw,pr_auc,0.08072383648640893,52277,0.2621314768050287,0.18140764031861975
b45cb7fb871d4322bfdbb52e6e8d1d38,training_prevalence,prevalence,42,2,42,training_prevalence,uncalibrated,2026-10-05T00:04:59Z,raw,brier_score,0.07420749876883333,52277,0.06686740742142723,-0.007340091347406097
b45cb7fb871d4322bfdbb52e6e8d1d38,training_prevalence,prevalence,42,2,42,training_prevalence,uncalibrated,2026-10-05T00:04:59Z,raw,log_loss,0.28053368245329385,52277,0.24179177447258465,-0.0387419079807092
b45cb7fb871d4322bfdbb52e6e8d1d38,training_prevalence,prevalence,42,2,42,training_prevalence,uncalibrated,2026-10-05T00:04:59Z,raw,min_predicted_probability,0.08073155068523098,52277,0.006027767381460238,-0.07470378330377074
b45cb7fb871d4322bfdbb52e6e8d1d38,training_prevalence,prevalence,42,2,42,training_prevalence,uncalibrated,2026-10-05T00:04:59Z,raw,max_predicted_probability,0.08073155068523098,52277,0.7872979875798782,0.7065664368946473
b45cb7fb871d4322bfdbb52e6e8d1d38,training_prevalence,prevalence,42,2,42,training_prevalence,uncalibrated,2026-10-05T00:04:59Z,raw,top_decile_lift,1.000000000000001,52277,3.5779937231893886,2.5779937231893877
b45cb7fb871d4322bfdbb52e6e8d1d38,training_prevalence,prevalence,42,2,42,training_prevalence,uncalibrated,2026-10-05T00:04:59Z,raw,precision_at_top_decile,0.08072383648640903,52277,0.2888293802601377,0.2081055437737287
b45cb7fb871d4322bfdbb52e6e8d1d38,training_prevalence,prevalence,42,2,42,training_prevalence,uncalibrated,2026-10-05T00:04:59Z,raw,recall_at_manual_review_capacity,0.10000573866136164,52277,0.3578199052132701,0.2578141665519085
b45cb7fb871d4322bfdbb52e6e8d1d38,training_prevalence,prevalence,42,2,42,training_prevalence,uncalibrated,2026-10-05T00:04:59Z,calibrated,roc_auc,0.5,52277,0.772195202241572,0.272195202241572
b45cb7fb871d4322bfdbb52e6e8d1d38,training_prevalence,prevalence,42,2,42,training_prevalence,uncalibrated,2026-10-05T00:04:59Z,calibrated,pr_auc,0.08072383648640893,52277,0.2621314768050287,0.18140764031861975
b45cb7fb871d4322bfdbb52e6e8d1d38,training_prevalence,prevalence,42,2,42,training_prevalence,uncalibrated,2026-10-05T00:04:59Z,calibrated,brier_score,0.07420749876883333,52277,0.06686740742142723,-0.007340091347406097
b45cb7fb871d4322bfdbb52e6e8d1d38,training_prevalence,prevalence,42,2,42,training_prevalence,uncalibrated,2026-10-05T00:04:59Z,calibrated,log_loss,0.28053368245329385,52277,0.24179177447258465,-0.0387419079807092
b45cb7fb871d4322bfdbb52e6e8d1d38,training_prevalence,prevalence,42,2,42,training_prevalence,uncalibrated,2026-10-05T00:04:59Z,calibrated,min_predicted_probability,0.08073155068523098,52277,0.006027767381460238,-0.07470378330377074
b45cb7fb871d4322bfdbb52e6e8d1d38,training_prevalence,prevalence,42,2,42,training_prevalence,uncalibrated,2026-10-05T00:04:59Z,calibrated,max_predicted_probability,0.08073155068523098,52277,0.7872979875798782,0.7065664368946473
b45cb7fb871d4322bfdbb52e6e8d1d38,training_prevalence,prevalence,42,2,42,training_prevalence,uncalibrated,2026-10-05T00:04:59Z,calibrated,top_decile_lift,1.000000000000001,52277,3.5779937231893886,2.5779937231893877
b45cb7fb871d4322bfdbb52e6e8d1d38,training_prevalence,prevalence,42,2,42,training_prevalence,uncalibrated,2026-10-05T00:04:59Z,calibrated,precision_at_top_decile,0.08072383648640903,52277,0.2888293802601377,0.2081055437737287
b45cb7fb871d4322bfdbb52e6e8d1d38,training_prevalence,prevalence,42,2,42,training_prevalence,uncalibrated,2026-10-05T00:04:59Z,calibrated,recall_at_manual_review_capacity,0.10000573866136164,52277,0.3578199052132701,0.2578141665519085
b45cb7fb871d4322bfdbb52e6e8d1d38,application_only,lightgbm,42,3,42,application_only,uncalibrated,2026-10-05T00:04:59Z,raw,roc_auc,0.7480574114842101,52277,0.775142447845553,0.02708503636134285
b45cb7fb871d4322bfdbb52e6e8d1d38,application_only,lightgbm,42,3,42,application_only,uncalibrated,2026-10-05T00:04:59Z,raw,pr_auc,0.22870315530959903,52277,0.26543983799854093,0.036736682688941896
b45cb7fb871d4322bfdbb52e6e8d1d38,application_only,lightgbm,42,3,42,application_only,uncalibrated,2026-10-05T00:04:59Z,raw,brier_score,0.06851883102587372,52277,0.06664364422108777,-0.0018751868047859471
b45cb7fb871d4322bfdbb52e6e8d1d38,application_only,lightgbm,42,3,42,application_only,uncalibrated,2026-10-05T00:04:59Z,raw,log_loss,0.24921243234952037,52277,0.24082372046449618,-0.008388711885024186
b45cb7fb871d4322bfdbb52e6e8d1d38,application_only,lightgbm,42,3,42,application_only,uncalibrated,2026-10-05T00:04:59Z,raw,min_predicted_probability,0.006726068316940357,52277,0.004746872212449881,-0.001979196104490476
b45cb7fb871d4322bfdbb52e6e8d1d38,application_only,lightgbm,42,3,42,application_only,uncalibrated,2026-10-05T00:04:59Z,raw,max_predicted_probability,0.608650549236743,52277,0.8412619889587569,0.23261143972201392
b45cb7fb871d4322bfdbb52e6e8d1d38,application_only,lightgbm,42,3,42,application_only,uncalibrated,2026-10-05T00:04:59Z,raw,top_decile_lift,3.160956044195129,52277,3.6087976426605555,0.4478415984654265
b45cb7fb871d4322bfdbb52e6e8d1d38,application_only,lightgbm,42,3,42,application_only,uncalibrated,2026-10-05T00:04:59Z,raw,precision_at_top_decile,0.2551644988523336,52277,0.2913159908186687,0.0361514919663351
b45cb7fb871d4322bfdbb52e6e8d1d38,application_only,lightgbm,42,3,42,application_only,uncalibrated,2026-10-05T00:04:59Z,raw,recall_at_manual_review_capacity,0.3161137440758294,52277,0.36090047393364927,0.044786729857819896
b45cb7fb871d4322bfdbb52e6e8d1d38,application_only,lightgbm,42,3,42,application_only,uncalibrated,2026-10-05T00:04:59Z,raw,balanced_utility_per_applicant,556.6071121143142,52277,576.58530520114,19.978193086825854
b45cb7fb871d4322bfdbb52e6e8d1d38,application_only,lightgbm,42,3,42,application_only,uncalibrated,2026-10-05T00:04:59Z,calibrated,roc_auc,0.7480574114842101,52277,0.775142447845553,0.02708503636134285
b45cb7fb871d4322bfdbb52e6e8d1d38,application_only,lightgbm,42,3,42,application_only,uncalibrated,2026-10-05T00:04:59Z,calibrated,pr_auc,0.22870315530959903,52277,0.26543983799854093,0.036736682688941896
b45cb7fb871d4322bfdbb52e6e8d1d38,application_only,lightgbm,42,3,42,application_only,uncalibrated,2026-10-05T00:04:59Z,calibrated,brier_score,0.06851883102587372,52277,0.06664364422108777,-0.0018751868047859471
b45cb7fb871d4322bfdbb52e6e8d1d38,application_only,lightgbm,42,3,42,application_only,uncalibrated,2026-10-05T00:04:59Z,calibrated,log_loss,0.24921243234952037,52277,0.24082372046449618,-0.008388711885024186
b45cb7fb871d4322bfdbb52e6e8d1d38,application_only,lightgbm,42,3,42,application_only,uncalibrated,2026-10-05T00:04:59Z,calibrated,min_predicted_probability,0.006726068316940357,52277,0.004746872212449881,-0.001979196104490476
b45cb7fb871d4322bfdbb52e6e8d1d38,application_only,lightgbm,42,3,42,application_only,uncalibrated,2026-10-05T00:04:59Z,calibrated,max_predicted_probability,0.608650549236743,52277,0.8412619889587569,0.23261143972201392
b45cb7fb871d4322bfdbb52e6e8d1d38,application_only,lightgbm,42,3,42,application_only,uncalibrated,2026-10-05T00:04:59Z,calibrated,top_decile_lift,3.160956044195129,52277,3.6087976426605555,0.4478415984654265
b45cb7fb871d4322bfdbb52e6e8d1d38,application_only,lightgbm,42,3,42,application_only,uncalibrated,2026-10-05T00:04:59Z,calibrated,precision_at_top_decile,0.2551644988523336,52277,0.2913159908186687,0.0361514919663351
b45cb7fb871d4322bfdbb52e6e8d1d38,application_only,lightgbm,42,3,42,application_only,uncalibrated,2026-10-05T00:04:59Z,calibrated,recall_at_manual_review_capacity,0.3161137440758294,52277,0.36090047393364927,0.044786729857819896
b45cb7fb871d4322bfdbb52e6e8d1d38,logistic_tuned,logistic_regression,42,3,42,logistic_tuned,uncalibrated,2026-10-05T00:04:59Z,raw,roc_auc,0.7641880490061812,52277,0.775142447845553,0.01095439883937177
b45cb7fb871d4322bfdbb52e6e8d1d38,logistic_tuned,logistic_regression,42,3,42,logistic_tuned,uncalibrated,2026-10-05T00:04:59Z,raw,pr_auc,0.24366138658885794,52277,0.26543983799854093,0.021778451409682986
b45cb7fb871d4322bfdbb52e6e8d1d38,logistic_tuned,logistic_regression,42,3,42,logistic_tuned,uncalibrated,2026-10-05T00:04:59Z,raw,brier_score,0.06771503267991591,52277,0.06664364422108777,-0.0010713884588281347
b45cb7fb871d4322bfdbb52e6e8d1d38,logistic_tuned,logistic_regression,42,3,42,logistic_tuned,uncalibrated,2026-10-05T00:04:59Z,raw,log_loss,0.24537338523189178,52277,0.24082372046449618,-0.0045496647673956
b45cb7fb871d4322bfdbb52e6e8d1d38,logistic_tuned,logistic_regression,42,3,42,logistic_tuned,uncalibrated,2026-10-05T00:04:59Z,raw,min_predicted_probability,1.0080672235501246e-05,52277,0.004746872212449881,0.004736791540214379
b45cb7fb871d4322bfdbb52e6e8d1d38,logistic_tuned,logistic_regression,42,3,42,logistic_tuned,uncalibrated,2026-10-05T00:04:59Z,raw,max_predicted_probability,0.9887198626961761,52277,0.8412619889587569,-0.14745787373741914
b45cb7fb871d4322bfdbb52e6e8d1d38,logistic_tuned,logistic_regression,42,3,42,logistic_tuned,uncalibrated,2026-10-05T00:04:59Z,raw,top_decile_lift,3.3955397386294,52277,3.6087976426605555,0.2132579040311553
b45cb7fb871d4322bfdbb52e6e8d1d38,logistic_tuned,logistic_regression,42,3,42,logistic_tuned,uncalibrated,2026-10-05T00:04:59Z,raw,precision_at_top_decile,0.27410099464422344,52277,0.2913159908186687,0.017214996174445274
b45cb7fb871d4322bfdbb52e6e8d1d38,logistic_tuned,logistic_regression,42,3,42,logistic_tuned,uncalibrated,2026-10-05T00:04:59Z,raw,recall_at_manual_review_capacity,0.3395734597156398,52277,0.36090047393364927,0.021327014218009477
b45cb7fb871d4322bfdbb52e6e8d1d38,logistic_tuned,logistic_regression,42,3,42,logistic_tuned,uncalibrated,2026-10-05T00:04:59Z,raw,balanced_utility_per_applicant,567.9706180538286,52277,576.58530520114,8.614687147311429
b45cb7fb871d4322bfdbb52e6e8d1d38,logistic_tuned,logistic_regression,42,3,42,logistic_tuned,uncalibrated,2026-10-05T00:04:59Z,calibrated,roc_auc,0.7641880490061812,52277,0.775142447845553,0.01095439883937177
b45cb7fb871d4322bfdbb52e6e8d1d38,logistic_tuned,logistic_regression,42,3,42,logistic_tuned,uncalibrated,2026-10-05T00:04:59Z,calibrated,pr_auc,0.24366138658885794,52277,0.26543983799854093,0.021778451409682986
b45cb7fb871d4322bfdbb52e6e8d1d38,logistic_tuned,logistic_regression,42,3,42,logistic_tuned,uncalibrated,2026-10-05T00:04:59Z,calibrated,brier_score,0.06771503267991591,52277,0.06664364422108777,-0.0010713884588281347
b45cb7fb871d4322bfdbb52e6e8d1d38,logistic_tuned,logistic_regression,42,3,42,logistic_tuned,uncalibrated,2026-10-05T00:04:59Z,calibrated,log_loss,0.24537338523189178,52277,0.24082372046449618,-0.0045496647673956
b45cb7fb871d4322bfdbb52e6e8d1d38,logistic_tuned,logistic_regression,42,3,42,logistic_tuned,uncalibrated,2026-10-05T00:04:59Z,calibrated,min_predicted_probability,1.0080672235501246e-05,52277,0.004746872212449881,0.004736791540214379
b45cb7fb871d4322bfdbb52e6e8d1d38,logistic_tuned,logistic_regression,42,3,42,logistic_tuned,uncalibrated,2026-10-05T00:04:59Z,calibrated,max_predicted_probability,0.9887198626961761,52277,0.8412619889587569,-0.14745787373741914
b45cb7fb871d4322bfdbb52e6e8d1d38,logistic_tuned,logistic_regression,42,3,42,logistic_tuned,uncalibrated,2026-10-05T00:04:59Z,calibrated,top_decile_lift,3.3955397386294,52277,3.6087976426605555,0.2132579040311553
b45cb7fb871d4322bfdbb52e6e8d1d38,logistic_tuned,logistic_regression,42,3,42,logistic_tuned,uncalibrated,2026-10-05T00:04:59Z,calibrated,precision_at_top_decile,0.27410099464422344,52277,0.2913159908186687,0.017214996174445274
b45cb7fb871d4322bfdbb52e6e8d1d38,logistic_tuned,logistic_regression,42,3,42,logistic_tuned,uncalibrated,2026-10-05T00:04:59Z,calibrated,recall_at_manual_review_capacity,0.3395734597156398,52277,0.36090047393364927,0.021327014218009477
b45cb7fb871d4322bfdbb52e6e8d1d38,training_prevalence,prevalence,42,3,42,training_prevalence,uncalibrated,2026-10-05T00:04:59Z,raw,roc_auc,0.5,52277,0.775142447845553,0.275142447845553
b45cb7fb871d4322bfdbb52e6e8d1d38,training_prevalence,prevalence,42,3,42,training_prevalence,uncalibrated,2026-10-05T00:04:59Z,raw,pr_auc,0.08072383648640893,52277,0.26543983799854093,0.184716001512132
b45cb7fb871d4322bfdbb52e6e8d1d38,training_prevalence,prevalence,42,3,42,training_prevalence,uncalibrated,2026-10-05T00:04:59Z,raw,brier_score,0.07420749876883331,52277,0.06664364422108777,-0.007563854547745538
b45cb7fb871d4322bfdbb52e6e8d1d38,training_prevalence,prevalence,42,3,42,training_prevalence,uncalibrated,2026-10-05T00:04:59Z,raw,log_loss,0.28053368245329385,52277,0.24082372046449618,-0.03970996198879767
b45cb7fb871d4322bfdbb52e6e8d1d38,training_prevalence,prevalence,42,3,42,training_prevalence,uncalibrated,2026-10-05T00:04:59Z,raw,min_predicted_probability,0.08073155068523098,52277,0.004746872212449881,-0.0759846784727811
b45cb7fb871d4322bfdbb52e6e8d1d38,training_prevalence,prevalence,42,3,42,training_prevalence,uncalibrated,2026-10-05T00:04:59Z,raw,max_predicted_probability,0.08073155068523098,52277,0.8412619889587569,0.760530438273526
b45cb7fb871d4322bfdbb52e6e8d1d38,training_prevalence,prevalence,42,3,42,training_prevalence,uncalibrated,2026-10-05T00:04:59Z,raw,top_decile_lift,1.000000000000001,52277,3.6087976426605555,2.608797642660554
b45cb7fb871d4322bfdbb52e6e8d1d38,training_prevalence,prevalence,42,3,42,training_prevalence,uncalibrated,2026-10-05T00:04:59Z,raw,precision_at_top_decile,0.08072383648640903,52277,0.2913159908186687,0.2105921543322597
b45cb7fb871d4322bfdbb52e6e8d1d38,training_prevalence,prevalence,42,3,42,training_prevalence,uncalibrated,2026-10-05T00:04:59Z,raw,recall_at_manual_review_capacity,0.10000573866136164,52277,0.36090047393364927,0.2608947352722876
b45cb7fb871d4322bfdbb52e6e8d1d38,training_prevalence,prevalence,42,3,42,training_prevalence,uncalibrated,2026-10-05T00:04:59Z,calibrated,roc_auc,0.5,52277,0.775142447845553,0.275142447845553
b45cb7fb871d4322bfdbb52e6e8d1d38,training_prevalence,prevalence,42,3,42,training_prevalence,uncalibrated,2026-10-05T00:04:59Z,calibrated,pr_auc,0.08072383648640893,52277,0.26543983799854093,0.184716001512132
b45cb7fb871d4322bfdbb52e6e8d1d38,training_prevalence,prevalence,42,3,42,training_prevalence,uncalibrated,2026-10-05T00:04:59Z,calibrated,brier_score,0.07420749876883331,52277,0.06664364422108777,-0.007563854547745538
b45cb7fb871d4322bfdbb52e6e8d1d38,training_prevalence,prevalence,42,3,42,training_prevalence,uncalibrated,2026-10-05T00:04:59Z,calibrated,log_loss,0.28053368245329385,52277,0.24082372046449618,-0.03970996198879767
b45cb7fb871d4322bfdbb52e6e8d1d38,training_prevalence,prevalence,42,3,42,training_prevalence,uncalibrated,2026-10-05T00:04:59Z,calibrated,min_predicted_probability,0.08073155068523098,52277,0.004746872212449881,-0.0759846784727811
b45cb7fb871d4322bfdbb52e6e8d1d38,training_prevalence,prevalence,42,3,42,training_prevalence,uncalibrated,2026-10-05T00:04:59Z,calibrated,max_predicted_probability,0.08073155068523098,52277,0.8412619889587569,0.760530438273526
b45cb7fb871d4322bfdbb52e6e8d1d38,training_prevalence,prevalence,42,3,42,training_prevalence,uncalibrated,2026-10-05T00:04:59Z,calibrated,top_decile_lift,1.000000000000001,52277,3.6087976426605555,2.608797642660554
b45cb7fb871d4322bfdbb52e6e8d1d38,training_prevalence,prevalence,42,3,42,training_prevalence,uncalibrated,2026-10-05T00:04:59Z,calibrated,precision_at_top_decile,0.08072383648640903,52277,0.2913159908186687,0.2105921543322597
b45cb7fb871d4322bfdbb52e6e8d1d38,training_prevalence,prevalence,42,3,42,training_prevalence,uncalibrated,2026-10-05T00:04:59Z,calibrated,recall_at_manual_review_capacity,0.10000573866136164,52277,0.36090047393364927,0.2608947352722876
b45cb7fb871d4322bfdbb52e6e8d1d38,application_only,lightgbm,42,4,42,application_only,uncalibrated,2026-10-05T00:04:59Z,raw,roc_auc,0.7520441414998206,52277,0.7780877999634518,0.026043658463631214
b45cb7fb871d4322bfdbb52e6e8d1d38,application_only,lightgbm,42,4,42,application_only,uncalibrated,2026-10-05T00:04:59Z,raw,pr_auc,0.23947599651600815,52277,0.27040432969327743,0.030928333177269285
b45cb7fb871d4322bfdbb52e6e8d1d38,application_only,lightgbm,42,4,42,application_only,uncalibrated,2026-10-05T00:04:59Z,raw,brier_score,0.0679822668960413,52277,0.06641924530118648,-0.001563021594854816
b45cb7fb871d4322bfdbb52e6e8d1d38,application_only,lightgbm,42,4,42,application_only,uncalibrated,2026-10-05T00:04:59Z,raw,log_loss,0.24745080229547506,52277,0.23986336770598043,-0.007587434589494624
b45cb7fb871d4322bfdbb52e6e8d1d38,application_only,lightgbm,42,4,42,application_only,uncalibrated,2026-10-05T00:04:59Z,raw,min_predicted_probability,0.0036483557104311135,52277,0.005359194046553209,0.0017108383361220951
b45cb7fb871d4322bfdbb52e6e8d1d38,application_only,lightgbm,42,4,42,application_only,uncalibrated,2026-10-05T00:04:59Z,raw,max_predicted_probability,0.6704971439247701,52277,0.7434236484467985,0.07292650452202842
b45cb7fb871d4322bfdbb52e6e8d1d38,application_only,lightgbm,42,4,42,application_only,uncalibrated,2026-10-05T00:04:59Z,raw,top_decile_lift,3.3765834804932973,52277,3.6111671749275684,0.23458369443427118
b45cb7fb871d4322bfdbb52e6e8d1d38,application_only,lightgbm,42,4,42,application_only,uncalibrated,2026-10-05T00:04:59Z,raw,precision_at_top_decile,0.2725707727620505,52277,0.2915072685539403,0.01893649579188983
b45cb7fb871d4322bfdbb52e6e8d1d38,application_only,lightgbm,42,4,42,application_only,uncalibrated,2026-10-05T00:04:59Z,raw,recall_at_manual_review_capacity,0.33767772511848343,52277,0.36113744075829385,0.02345971563981042
b45cb7fb871d4322bfdbb52e6e8d1d38,application_only,lightgbm,42,4,42,application_only,uncalibrated,2026-10-05T00:04:59Z,raw,balanced_utility_per_applicant,562.1535283202938,52277,580.2982191020908,18.144690781796953
b45cb7fb871d4322bfdbb52e6e8d1d38,application_only,lightgbm,42,4,42,application_only,uncalibrated,2026-10-05T00:04:59Z,calibrated,roc_auc,0.7520441414998206,52277,0.7780877999634518,0.026043658463631214
b45cb7fb871d4322bfdbb52e6e8d1d38,application_only,lightgbm,42,4,42,application_only,uncalibrated,2026-10-05T00:04:59Z,calibrated,pr_auc,0.23947599651600815,52277,0.27040432969327743,0.030928333177269285
b45cb7fb871d4322bfdbb52e6e8d1d38,application_only,lightgbm,42,4,42,application_only,uncalibrated,2026-10-05T00:04:59Z,calibrated,brier_score,0.0679822668960413,52277,0.06641924530118648,-0.001563021594854816
b45cb7fb871d4322bfdbb52e6e8d1d38,application_only,lightgbm,42,4,42,application_only,uncalibrated,2026-10-05T00:04:59Z,calibrated,log_loss,0.24745080229547506,52277,0.23986336770598043,-0.007587434589494624
b45cb7fb871d4322bfdbb52e6e8d1d38,application_only,lightgbm,42,4,42,application_only,uncalibrated,2026-10-05T00:04:59Z,calibrated,min_predicted_probability,0.0036483557104311135,52277,0.005359194046553209,0.0017108383361220951
b45cb7fb871d4322bfdbb52e6e8d1d38,application_only,lightgbm,42,4,42,application_only,uncalibrated,2026-10-05T00:04:59Z,calibrated,max_predicted_probability,0.6704971439247701,52277,0.7434236484467985,0.07292650452202842
b45cb7fb871d4322bfdbb52e6e8d1d38,application_only,lightgbm,42,4,42,application_only,uncalibrated,2026-10-05T00:04:59Z,calibrated,top_decile_lift,3.3765834804932973,52277,3.6111671749275684,0.23458369443427118
b45cb7fb871d4322bfdbb52e6e8d1d38,application_only,lightgbm,42,4,42,application_only,uncalibrated,2026-10-05T00:04:59Z,calibrated,precision_at_top_decile,0.2725707727620505,52277,0.2915072685539403,0.01893649579188983
b45cb7fb871d4322bfdbb52e6e8d1d38,application_only,lightgbm,42,4,42,application_only,uncalibrated,2026-10-05T00:04:59Z,calibrated,recall_at_manual_review_capacity,0.33767772511848343,52277,0.36113744075829385,0.02345971563981042
b45cb7fb871d4322bfdbb52e6e8d1d38,logistic_tuned,logistic_regression,42,4,42,logistic_tuned,uncalibrated,2026-10-05T00:04:59Z,raw,roc_auc,0.768795586047256,52277,0.7780877999634518,0.009292213916195835
b45cb7fb871d4322bfdbb52e6e8d1d38,logistic_tuned,logistic_regression,42,4,42,logistic_tuned,uncalibrated,2026-10-05T00:04:59Z,raw,pr_auc,0.25678084953576075,52277,0.27040432969327743,0.013623480157516688
b45cb7fb871d4322bfdbb52e6e8d1d38,logistic_tuned,logistic_regression,42,4,42,logistic_tuned,uncalibrated,2026-10-05T00:04:59Z,raw,brier_score,0.06712021643947641,52277,0.06641924530118648,-0.0007009711382899297
b45cb7fb871d4322bfdbb52e6e8d1d38,logistic_tuned,logistic_regression,42,4,42,logistic_tuned,uncalibrated,2026-10-05T00:04:59Z,raw,log_loss,0.2430120376332587,52277,0.23986336770598043,-0.0031486699272782748
b45cb7fb871d4322bfdbb52e6e8d1d38,logistic_tuned,logistic_regression,42,4,42,logistic_tuned,uncalibrated,2026-10-05T00:04:59Z,raw,min_predicted_probability,2.1727787233434943e-13,52277,0.005359194046553209,0.005359194046335931
b45cb7fb871d4322bfdbb52e6e8d1d38,logistic_tuned,logistic_regression,42,4,42,logistic_tuned,uncalibrated,2026-10-05T00:04:59Z,raw,max_predicted_probability,0.9253318139545181,52277,0.7434236484467985,-0.1819081655077196
b45cb7fb871d4322bfdbb52e6e8d1d38,logistic_tuned,logistic_regression,42,4,42,logistic_tuned,uncalibrated,2026-10-05T00:04:59Z,raw,top_decile_lift,3.5258640133151062,52277,3.6111671749275684,0.08530316161246221
b45cb7fb871d4322bfdbb52e6e8d1d38,logistic_tuned,logistic_regression,42,4,42,logistic_tuned,uncalibrated,2026-10-05T00:04:59Z,raw,precision_at_top_decile,0.2846212700841622,52277,0.2915072685539403,0.00688599846977811
b45cb7fb871d4322bfdbb52e6e8d1d38,logistic_tuned,logistic_regression,42,4,42,logistic_tuned,uncalibrated,2026-10-05T00:04:59Z,raw,recall_at_manual_review_capacity,0.35260663507109,52277,0.36113744075829385,0.008530805687203824
b45cb7fb871d4322bfdbb52e6e8d1d38,logistic_tuned,logistic_regression,42,4,42,logistic_tuned,uncalibrated,2026-10-05T00:04:59Z,raw,balanced_utility_per_applicant,573.1583679247087,52277,580.2982191020908,7.13985117738207
b45cb7fb871d4322bfdbb52e6e8d1d38,logistic_tuned,logistic_regression,42,4,42,logistic_tuned,uncalibrated,2026-10-05T00:04:59Z,calibrated,roc_auc,0.768795586047256,52277,0.7780877999634518,0.009292213916195835
b45cb7fb871d4322bfdbb52e6e8d1d38,logistic_tuned,logistic_regression,42,4,42,logistic_tuned,uncalibrated,2026-10-05T00:04:59Z,calibrated,pr_auc,0.25678084953576075,52277,0.27040432969327743,0.013623480157516688
b45cb7fb871d4322bfdbb52e6e8d1d38,logistic_tuned,logistic_regression,42,4,42,logistic_tuned,uncalibrated,2026-10-05T00:04:59Z,calibrated,brier_score,0.06712021643947641,52277,0.06641924530118648,-0.0007009711382899297
b45cb7fb871d4322bfdbb52e6e8d1d38,logistic_tuned,logistic_regression,42,4,42,logistic_tuned,uncalibrated,2026-10-05T00:04:59Z,calibrated,log_loss,0.2430120376332587,52277,0.23986336770598043,-0.0031486699272782748
b45cb7fb871d4322bfdbb52e6e8d1d38,logistic_tuned,logistic_regression,42,4,42,logistic_tuned,uncalibrated,2026-10-05T00:04:59Z,calibrated,min_predicted_probability,2.1727787233434943e-13,52277,0.005359194046553209,0.005359194046335931
b45cb7fb871d4322bfdbb52e6e8d1d38,logistic_tuned,logistic_regression,42,4,42,logistic_tuned,uncalibrated,2026-10-05T00:04:59Z,calibrated,max_predicted_probability,0.9253318139545181,52277,0.7434236484467985,-0.1819081655077196
b45cb7fb871d4322bfdbb52e6e8d1d38,logistic_tuned,logistic_regression,42,4,42,logistic_tuned,uncalibrated,2026-10-05T00:04:59Z,calibrated,top_decile_lift,3.5258640133151062,52277,3.6111671749275684,0.08530316161246221
b45cb7fb871d4322bfdbb52e6e8d1d38,logistic_tuned,logistic_regression,42,4,42,logistic_tuned,uncalibrated,2026-10-05T00:04:59Z,calibrated,precision_at_top_decile,0.2846212700841622,52277,0.2915072685539403,0.00688599846977811
b45cb7fb871d4322bfdbb52e6e8d1d38,logistic_tuned,logistic_regression,42,4,42,logistic_tuned,uncalibrated,2026-10-05T00:04:59Z,calibrated,recall_at_manual_review_capacity,0.35260663507109,52277,0.36113744075829385,0.008530805687203824
b45cb7fb871d4322bfdbb52e6e8d1d38,training_prevalence,prevalence,42,4,42,training_prevalence,uncalibrated,2026-10-05T00:04:59Z,raw,roc_auc,0.5,52277,0.7780877999634518,0.2780877999634518
b45cb7fb871d4322bfdbb52e6e8d1d38,training_prevalence,prevalence,42,4,42,training_prevalence,uncalibrated,2026-10-05T00:04:59Z,raw,pr_auc,0.08072383648640893,52277,0.27040432969327743,0.1896804932068685
b45cb7fb871d4322bfdbb52e6e8d1d38,training_prevalence,prevalence,42,4,42,training_prevalence,uncalibrated,2026-10-05T00:04:59Z,raw,brier_score,0.07420749876883331,52277,0.06641924530118648,-0.007788253467646833
b45cb7fb871d4322bfdbb52e6e8d1d38,training_prevalence,prevalence,42,4,42,training_prevalence,uncalibrated,2026-10-05T00:04:59Z,raw,log_loss,0.28053368245329385,52277,0.23986336770598043,-0.04067031474731342
b45cb7fb871d4322bfdbb52e6e8d1d38,training_prevalence,prevalence,42,4,42,training_prevalence,uncalibrated,2026-10-05T00:04:59Z,raw,min_predicted_probability,0.08073155068523098,52277,0.005359194046553209,-0.07537235663867778
b45cb7fb871d4322bfdbb52e6e8d1d38,training_prevalence,prevalence,42,4,42,training_prevalence,uncalibrated,2026-10-05T00:04:59Z,raw,max_predicted_probability,0.08073155068523098,52277,0.7434236484467985,0.6626920977615676
b45cb7fb871d4322bfdbb52e6e8d1d38,training_prevalence,prevalence,42,4,42,training_prevalence,uncalibrated,2026-10-05T00:04:59Z,raw,top_decile_lift,1.000000000000001,52277,3.6111671749275684,2.6111671749275676
b45cb7fb871d4322bfdbb52e6e8d1d38,training_prevalence,prevalence,42,4,42,training_prevalence,uncalibrated,2026-10-05T00:04:59Z,raw,precision_at_top_decile,0.08072383648640903,52277,0.2915072685539403,0.2107834320675313
b45cb7fb871d4322bfdbb52e6e8d1d38,training_prevalence,prevalence,42,4,42,training_prevalence,uncalibrated,2026-10-05T00:04:59Z,raw,recall_at_manual_review_capacity,0.10000573866136164,52277,0.36113744075829385,0.2611317020969322
b45cb7fb871d4322bfdbb52e6e8d1d38,training_prevalence,prevalence,42,4,42,training_prevalence,uncalibrated,2026-10-05T00:04:59Z,calibrated,roc_auc,0.5,52277,0.7780877999634518,0.2780877999634518
b45cb7fb871d4322bfdbb52e6e8d1d38,training_prevalence,prevalence,42,4,42,training_prevalence,uncalibrated,2026-10-05T00:04:59Z,calibrated,pr_auc,0.08072383648640893,52277,0.27040432969327743,0.1896804932068685
b45cb7fb871d4322bfdbb52e6e8d1d38,training_prevalence,prevalence,42,4,42,training_prevalence,uncalibrated,2026-10-05T00:04:59Z,calibrated,brier_score,0.07420749876883331,52277,0.06641924530118648,-0.007788253467646833
b45cb7fb871d4322bfdbb52e6e8d1d38,training_prevalence,prevalence,42,4,42,training_prevalence,uncalibrated,2026-10-05T00:04:59Z,calibrated,log_loss,0.28053368245329385,52277,0.23986336770598043,-0.04067031474731342
b45cb7fb871d4322bfdbb52e6e8d1d38,training_prevalence,prevalence,42,4,42,training_prevalence,uncalibrated,2026-10-05T00:04:59Z,calibrated,min_predicted_probability,0.08073155068523098,52277,0.005359194046553209,-0.07537235663867778
b45cb7fb871d4322bfdbb52e6e8d1d38,training_prevalence,prevalence,42,4,42,training_prevalence,uncalibrated,2026-10-05T00:04:59Z,calibrated,max_predicted_probability,0.08073155068523098,52277,0.7434236484467985,0.6626920977615676
b45cb7fb871d4322bfdbb52e6e8d1d38,training_prevalence,prevalence,42,4,42,training_prevalence,uncalibrated,2026-10-05T00:04:59Z,calibrated,top_decile_lift,1.000000000000001,52277,3.6111671749275684,2.6111671749275676
b45cb7fb871d4322bfdbb52e6e8d1d38,training_prevalence,prevalence,42,4,42,training_prevalence,uncalibrated,2026-10-05T00:04:59Z,calibrated,precision_at_top_decile,0.08072383648640903,52277,0.2915072685539403,0.2107834320675313
b45cb7fb871d4322bfdbb52e6e8d1d38,training_prevalence,prevalence,42,4,42,training_prevalence,uncalibrated,2026-10-05T00:04:59Z,calibrated,recall_at_manual_review_capacity,0.10000573866136164,52277,0.36113744075829385,0.2611317020969322
b45cb7fb871d4322bfdbb52e6e8d1d38,application_only,lightgbm,42,5,42,application_only,uncalibrated,2026-10-05T00:04:59Z,raw,roc_auc,0.7493944663295666,52276,0.7799771563902146,0.030582690060647955
b45cb7fb871d4322bfdbb52e6e8d1d38,application_only,lightgbm,42,5,42,application_only,uncalibrated,2026-10-05T00:04:59Z,raw,pr_auc,0.22771366197887422,52276,0.26703389096770663,0.03932022898883242
b45cb7fb871d4322bfdbb52e6e8d1d38,application_only,lightgbm,42,5,42,application_only,uncalibrated,2026-10-05T00:04:59Z,raw,brier_score,0.0684967830400536,52276,0.0665488008488349,-0.0019479821912187084
b45cb7fb871d4322bfdbb52e6e8d1d38,application_only,lightgbm,42,5,42,application_only,uncalibrated,2026-10-05T00:04:59Z,raw,log_loss,0.24891397852228878,52276,0.23967464201034402,-0.009239336511944751
b45cb7fb871d4322bfdbb52e6e8d1d38,application_only,lightgbm,42,5,42,application_only,uncalibrated,2026-10-05T00:04:59Z,raw,min_predicted_probability,0.007929828295877418,52276,0.0033975784499815634,-0.004532249845895855
b45cb7fb871d4322bfdbb52e6e8d1d38,application_only,lightgbm,42,5,42,application_only,uncalibrated,2026-10-05T00:04:59Z,raw,max_predicted_probability,0.695696960861818,52276,0.8276716956965784,0.1319747348347604
b45cb7fb871d4322bfdbb52e6e8d1d38,application_only,lightgbm,42,5,42,application_only,uncalibrated,2026-10-05T00:04:59Z,raw,top_decile_lift,3.236719160771203,52276,3.618206558197384,0.3814873974261812
b45cb7fb871d4322bfdbb52e6e8d1d38,application_only,lightgbm,42,5,42,application_only,uncalibrated,2026-10-05T00:04:59Z,raw,precision_at_top_decile,0.2612853863810253,52276,0.29208110175975516,0.030795715378729882
b45cb7fb871d4322bfdbb52e6e8d1d38,application_only,lightgbm,42,5,42,application_only,uncalibrated,2026-10-05T00:04:59Z,raw,recall_at_manual_review_capacity,0.323696682464455,52276,0.3618483412322275,0.03815165876777249
b45cb7fb871d4322bfdbb52e6e8d1d38,application_only,lightgbm,42,5,42,application_only,uncalibrated,2026-10-05T00:04:59Z,raw,balanced_utility_per_applicant,555.0931593848037,52276,580.0663784528273,24.97321906802358
b45cb7fb871d4322bfdbb52e6e8d1d38,application_only,lightgbm,42,5,42,application_only,uncalibrated,2026-10-05T00:04:59Z,calibrated,roc_auc,0.7493944663295666,52276,0.7799771563902146,0.030582690060647955
b45cb7fb871d4322bfdbb52e6e8d1d38,application_only,lightgbm,42,5,42,application_only,uncalibrated,2026-10-05T00:04:59Z,calibrated,pr_auc,0.22771366197887422,52276,0.26703389096770663,0.03932022898883242
b45cb7fb871d4322bfdbb52e6e8d1d38,application_only,lightgbm,42,5,42,application_only,uncalibrated,2026-10-05T00:04:59Z,calibrated,brier_score,0.0684967830400536,52276,0.0665488008488349,-0.0019479821912187084
b45cb7fb871d4322bfdbb52e6e8d1d38,application_only,lightgbm,42,5,42,application_only,uncalibrated,2026-10-05T00:04:59Z,calibrated,log_loss,0.24891397852228878,52276,0.23967464201034402,-0.009239336511944751
b45cb7fb871d4322bfdbb52e6e8d1d38,application_only,lightgbm,42,5,42,application_only,uncalibrated,2026-10-05T00:04:59Z,calibrated,min_predicted_probability,0.007929828295877418,52276,0.0033975784499815634,-0.004532249845895855
b45cb7fb871d4322bfdbb52e6e8d1d38,application_only,lightgbm,42,5,42,application_only,uncalibrated,2026-10-05T00:04:59Z,calibrated,max_predicted_probability,0.695696960861818,52276,0.8276716956965784,0.1319747348347604
b45cb7fb871d4322bfdbb52e6e8d1d38,application_only,lightgbm,42,5,42,application_only,uncalibrated,2026-10-05T00:04:59Z,calibrated,top_decile_lift,3.236719160771203,52276,3.618206558197384,0.3814873974261812
b45cb7fb871d4322bfdbb52e6e8d1d38,application_only,lightgbm,42,5,42,application_only,uncalibrated,2026-10-05T00:04:59Z,calibrated,precision_at_top_decile,0.2612853863810253,52276,0.29208110175975516,0.030795715378729882
b45cb7fb871d4322bfdbb52e6e8d1d38,application_only,lightgbm,42,5,42,application_only,uncalibrated,2026-10-05T00:04:59Z,calibrated,recall_at_manual_review_capacity,0.323696682464455,52276,0.3618483412322275,0.03815165876777249
b45cb7fb871d4322bfdbb52e6e8d1d38,logistic_tuned,logistic_regression,42,5,42,logistic_tuned,uncalibrated,2026-10-05T00:04:59Z,raw,roc_auc,0.7689976228365486,52276,0.7799771563902146,0.010979533553665988
b45cb7fb871d4322bfdbb52e6e8d1d38,logistic_tuned,logistic_regression,42,5,42,logistic_tuned,uncalibrated,2026-10-05T00:04:59Z,raw,pr_auc,0.24616445138273826,52276,0.26703389096770663,0.02086943958496837
b45cb7fb871d4322bfdbb52e6e8d1d38,logistic_tuned,logistic_regression,42,5,42,logistic_tuned,uncalibrated,2026-10-05T00:04:59Z,raw,brier_score,0.06753619748623182,52276,0.0665488008488349,-0.0009873966373969284
b45cb7fb871d4322bfdbb52e6e8d1d38,logistic_tuned,logistic_regression,42,5,42,logistic_tuned,uncalibrated,2026-10-05T00:04:59Z,raw,log_loss,0.24374095531875462,52276,0.23967464201034402,-0.004066313308410591
b45cb7fb871d4322bfdbb52e6e8d1d38,logistic_tuned,logistic_regression,42,5,42,logistic_tuned,uncalibrated,2026-10-05T00:04:59Z,raw,min_predicted_probability,1.8906419957218146e-07,52276,0.0033975784499815634,0.003397389385781991
b45cb7fb871d4322bfdbb52e6e8d1d38,logistic_tuned,logistic_regression,42,5,42,logistic_tuned,uncalibrated,2026-10-05T00:04:59Z,raw,max_predicted_probability,0.9982944488130329,52276,0.8276716956965784,-0.17062275311645447
b45cb7fb871d4322bfdbb52e6e8d1d38,logistic_tuned,logistic_regression,42,5,42,logistic_tuned,uncalibrated,2026-10-05T00:04:59Z,raw,top_decile_lift,3.4784068287058023,52276,3.618206558197384,0.13979972949158181
b45cb7fb871d4322bfdbb52e6e8d1d38,logistic_tuned,logistic_regression,42,5,42,logistic_tuned,uncalibrated,2026-10-05T00:04:59Z,raw,precision_at_top_decile,0.28079571537872994,52276,0.29208110175975516,0.01128538638102522
b45cb7fb871d4322bfdbb52e6e8d1d38,logistic_tuned,logistic_regression,42,5,42,logistic_tuned,uncalibrated,2026-10-05T00:04:59Z,raw,recall_at_manual_review_capacity,0.34786729857819904,52276,0.3618483412322275,0.013981042654028442
b45cb7fb871d4322bfdbb52e6e8d1d38,logistic_tuned,logistic_regression,42,5,42,logistic_tuned,uncalibrated,2026-10-05T00:04:59Z,raw,balanced_utility_per_applicant,567.8867931746881,52276,580.0663784528273,12.179585278139143
b45cb7fb871d4322bfdbb52e6e8d1d38,logistic_tuned,logistic_regression,42,5,42,logistic_tuned,uncalibrated,2026-10-05T00:04:59Z,calibrated,roc_auc,0.7689976228365486,52276,0.7799771563902146,0.010979533553665988
b45cb7fb871d4322bfdbb52e6e8d1d38,logistic_tuned,logistic_regression,42,5,42,logistic_tuned,uncalibrated,2026-10-05T00:04:59Z,calibrated,pr_auc,0.24616445138273826,52276,0.26703389096770663,0.02086943958496837
b45cb7fb871d4322bfdbb52e6e8d1d38,logistic_tuned,logistic_regression,42,5,42,logistic_tuned,uncalibrated,2026-10-05T00:04:59Z,calibrated,brier_score,0.06753619748623182,52276,0.0665488008488349,-0.0009873966373969284
b45cb7fb871d4322bfdbb52e6e8d1d38,logistic_tuned,logistic_regression,42,5,42,logistic_tuned,uncalibrated,2026-10-05T00:04:59Z,calibrated,log_loss,0.24374095531875462,52276,0.23967464201034402,-0.004066313308410591
b45cb7fb871d4322bfdbb52e6e8d1d38,logistic_tuned,logistic_regression,42,5,42,logistic_tuned,uncalibrated,2026-10-05T00:04:59Z,calibrated,min_predicted_probability,1.8906419957218146e-07,52276,0.0033975784499815634,0.003397389385781991
b45cb7fb871d4322bfdbb52e6e8d1d38,logistic_tuned,logistic_regression,42,5,42,logistic_tuned,uncalibrated,2026-10-05T00:04:59Z,calibrated,max_predicted_probability,0.9982944488130329,52276,0.8276716956965784,-0.17062275311645447
b45cb7fb871d4322bfdbb52e6e8d1d38,logistic_tuned,logistic_regression,42,5,42,logistic_tuned,uncalibrated,2026-10-05T00:04:59Z,calibrated,top_decile_lift,3.4784068287058023,52276,3.618206558197384,0.13979972949158181
b45cb7fb871d4322bfdbb52e6e8d1d38,logistic_tuned,logistic_regression,42,5,42,logistic_tuned,uncalibrated,2026-10-05T00:04:59Z,calibrated,precision_at_top_decile,0.28079571537872994,52276,0.29208110175975516,0.01128538638102522
b45cb7fb871d4322bfdbb52e6e8d1d38,logistic_tuned,logistic_regression,42,5,42,logistic_tuned,uncalibrated,2026-10-05T00:04:59Z,calibrated,recall_at_manual_review_capacity,0.34786729857819904,52276,0.3618483412322275,0.013981042654028442
b45cb7fb871d4322bfdbb52e6e8d1d38,training_prevalence,prevalence,42,5,42,training_prevalence,uncalibrated,2026-10-05T00:04:59Z,raw,roc_auc,0.5,52276,0.7799771563902146,0.2799771563902146
b45cb7fb871d4322bfdbb52e6e8d1d38,training_prevalence,prevalence,42,5,42,training_prevalence,uncalibrated,2026-10-05T00:04:59Z,raw,pr_auc,0.08072538067181881,52276,0.26703389096770663,0.18630851029588782
b45cb7fb871d4322bfdbb52e6e8d1d38,training_prevalence,prevalence,42,5,42,training_prevalence,uncalibrated,2026-10-05T00:04:59Z,raw,brier_score,0.07420879361877598,52276,0.0665488008488349,-0.0076599927699410875
b45cb7fb871d4322bfdbb52e6e8d1d38,training_prevalence,prevalence,42,5,42,training_prevalence,uncalibrated,2026-10-05T00:04:59Z,raw,log_loss,0.28053743856132607,52276,0.23967464201034402,-0.040862796550982045
b45cb7fb871d4322bfdbb52e6e8d1d38,training_prevalence,prevalence,42,5,42,training_prevalence,uncalibrated,2026-10-05T00:04:59Z,raw,min_predicted_probability,0.08073099914602903,52276,0.0033975784499815634,-0.07733342069604747
b45cb7fb871d4322bfdbb52e6e8d1d38,training_prevalence,prevalence,42,5,42,training_prevalence,uncalibrated,2026-10-05T00:04:59Z,raw,max_predicted_probability,0.08073099914602903,52276,0.8276716956965784,0.7469406965505494
b45cb7fb871d4322bfdbb52e6e8d1d38,training_prevalence,prevalence,42,5,42,training_prevalence,uncalibrated,2026-10-05T00:04:59Z,raw,top_decile_lift,0.9999999999999993,52276,3.618206558197384,2.618206558197385
b45cb7fb871d4322bfdbb52e6e8d1d38,training_prevalence,prevalence,42,5,42,training_prevalence,uncalibrated,2026-10-05T00:04:59Z,raw,precision_at_top_decile,0.08072538067181875,52276,0.29208110175975516,0.2113557210879364
b45cb7fb871d4322bfdbb52e6e8d1d38,training_prevalence,prevalence,42,5,42,training_prevalence,uncalibrated,2026-10-05T00:04:59Z,raw,recall_at_manual_review_capacity,0.10000765169485037,52276,0.3618483412322275,0.2618406895373771
b45cb7fb871d4322bfdbb52e6e8d1d38,training_prevalence,prevalence,42,5,42,training_prevalence,uncalibrated,2026-10-05T00:04:59Z,calibrated,roc_auc,0.5,52276,0.7799771563902146,0.2799771563902146
b45cb7fb871d4322bfdbb52e6e8d1d38,training_prevalence,prevalence,42,5,42,training_prevalence,uncalibrated,2026-10-05T00:04:59Z,calibrated,pr_auc,0.08072538067181881,52276,0.26703389096770663,0.18630851029588782
b45cb7fb871d4322bfdbb52e6e8d1d38,training_prevalence,prevalence,42,5,42,training_prevalence,uncalibrated,2026-10-05T00:04:59Z,calibrated,brier_score,0.07420879361877598,52276,0.0665488008488349,-0.0076599927699410875
b45cb7fb871d4322bfdbb52e6e8d1d38,training_prevalence,prevalence,42,5,42,training_prevalence,uncalibrated,2026-10-05T00:04:59Z,calibrated,log_loss,0.28053743856132607,52276,0.23967464201034402,-0.040862796550982045
b45cb7fb871d4322bfdbb52e6e8d1d38,training_prevalence,prevalence,42,5,42,training_prevalence,uncalibrated,2026-10-05T00:04:59Z,calibrated,min_predicted_probability,0.08073099914602903,52276,0.0033975784499815634,-0.07733342069604747
b45cb7fb871d4322bfdbb52e6e8d1d38,training_prevalence,prevalence,42,5,42,training_prevalence,uncalibrated,2026-10-05T00:04:59Z,calibrated,max_predicted_probability,0.08073099914602903,52276,0.8276716956965784,0.7469406965505494
b45cb7fb871d4322bfdbb52e6e8d1d38,training_prevalence,prevalence,42,5,42,training_prevalence,uncalibrated,2026-10-05T00:04:59Z,calibrated,top_decile_lift,0.9999999999999993,52276,3.618206558197384,2.618206558197385
b45cb7fb871d4322bfdbb52e6e8d1d38,training_prevalence,prevalence,42,5,42,training_prevalence,uncalibrated,2026-10-05T00:04:59Z,calibrated,precision_at_top_decile,0.08072538067181875,52276,0.29208110175975516,0.2113557210879364
b45cb7fb871d4322bfdbb52e6e8d1d38,training_prevalence,prevalence,42,5,42,training_prevalence,uncalibrated,2026-10-05T00:04:59Z,calibrated,recall_at_manual_review_capacity,0.10000765169485037,52276,0.3618483412322275,0.2618406895373771
