workflow_v3,model_family_v3,split_seed,score_kind,metric_name,fold_count_v3,fold_mean_v3,fold_std_v3,prior_workflow,workflow_v2,model_family_v2,fold_count_v2,fold_mean_v2,fold_std_v2,v3_minus_v2
application_only,lightgbm,42,calibrated,brier_score,5,0.0684225078723584,0.0002612659666537,application_only,application_only,lightgbm,5,0.0683994717065315,0.0002105191776393,2.3036165826897936e-05
application_only,lightgbm,42,calibrated,log_loss,5,0.2489865475494739,0.0009688195145966,application_only,application_only,lightgbm,5,0.248743425300369,0.0008543508134979,0.00024312224910491564
application_only,lightgbm,42,calibrated,max_predicted_probability,5,0.6635774329959363,0.0367049974765406,application_only,application_only,lightgbm,5,0.5563352103805163,0.0296560444657475,0.10724222261542005
application_only,lightgbm,42,calibrated,min_predicted_probability,5,0.0060481751828926,0.0015631475115411,application_only,application_only,lightgbm,5,0.0008306229076296,0.0002673087688629,0.005217552275263
application_only,lightgbm,42,calibrated,pr_auc,5,0.2310212621680882,0.0048585019892288,application_only,application_only,lightgbm,5,0.2326377137433419,0.0054920197977818,-0.0016164515752537245
application_only,lightgbm,42,calibrated,precision_at_top_decile,5,0.2605202754399388,0.0080256910185184,application_only,application_only,lightgbm,5,0.2628156082631981,0.0079270718382181,-0.002295332823259333
application_only,lightgbm,42,calibrated,recall_at_manual_review_capacity,5,0.3227340503530643,0.0099634350469618,application_only,application_only,lightgbm,5,0.325577528740859,0.0098421402337562,-0.0028434783877946956
application_only,lightgbm,42,calibrated,roc_auc,5,0.7480555851385121,0.0028851105851459,application_only,application_only,lightgbm,5,0.7492458676445848,0.0027186930247692,-0.0011902825060726707
application_only,lightgbm,42,calibrated,top_decile_lift,5,3.2271429248222363,0.0996271414305873,application_only,application_only,lightgbm,5,3.255575913842545,0.0984119588437555,-0.028432989020308774
application_only,lightgbm,42,raw,balanced_utility_per_applicant,5,556.2029385510239,3.96110360905796,application_only,application_only,lightgbm,5,556.2241717005196,2.6188785580871614,-0.02123314949574251
application_only,lightgbm,42,raw,brier_score,5,0.0684225078723584,0.0002612659666537,application_only,application_only,lightgbm,5,0.1737666430885152,0.0132386891984633,-0.10534413521615679
application_only,lightgbm,42,raw,log_loss,5,0.2489865475494739,0.0009688195145966,application_only,application_only,lightgbm,5,0.519341006318524,0.0304679370943392,-0.27035445876905007
application_only,lightgbm,42,raw,max_predicted_probability,5,0.6635774329959363,0.0367049974765406,application_only,application_only,lightgbm,5,0.931242093439203,0.0079884470351378,-0.26766466044326664
application_only,lightgbm,42,raw,min_predicted_probability,5,0.0060481751828926,0.0015631475115411,application_only,application_only,lightgbm,5,0.0051271405490249,0.0006779346174987,0.0009210346338676999
application_only,lightgbm,42,raw,pr_auc,5,0.2310212621680882,0.0048585019892288,application_only,application_only,lightgbm,5,0.2326377137433419,0.0054920197977818,-0.0016164515752537245
application_only,lightgbm,42,raw,precision_at_top_decile,5,0.2605202754399388,0.0080256910185184,application_only,application_only,lightgbm,5,0.2628156082631981,0.0079270718382181,-0.002295332823259333
application_only,lightgbm,42,raw,recall_at_manual_review_capacity,5,0.3227340503530643,0.0099634350469618,application_only,application_only,lightgbm,5,0.325577528740859,0.0098421402337562,-0.0028434783877946956
application_only,lightgbm,42,raw,roc_auc,5,0.7480555851385121,0.0028851105851459,application_only,application_only,lightgbm,5,0.7492458676445848,0.0027186930247692,-0.0011902825060726707
application_only,lightgbm,42,raw,top_decile_lift,5,3.2271429248222363,0.0996271414305873,application_only,application_only,lightgbm,5,3.255575913842545,0.0984119588437555,-0.028432989020308774
history_selected,lightgbm,42,calibrated,brier_score,5,0.0666550016814379,0.000181631636438,history_selected,history_selected,lightgbm,5,0.066696249038003,0.0001190154060709,-4.124735656510503e-05
history_selected,lightgbm,42,calibrated,log_loss,5,0.2407195094532663,0.0009367880190692,history_selected,history_selected,lightgbm,5,0.2407380249208548,0.0004282308064469,-1.851546758849243e-05
history_selected,lightgbm,42,calibrated,max_predicted_probability,5,0.8031766982196921,0.038869639846927,history_selected,history_selected,lightgbm,5,0.649861525411684,0.0376073702029475,0.1533151728080081
history_selected,lightgbm,42,calibrated,min_predicted_probability,5,0.0048507494342179,0.0009724805659723,history_selected,history_selected,lightgbm,5,0.000975250854475,0.0002353202148356,0.0038754985797429
history_selected,lightgbm,42,calibrated,pr_auc,5,0.2658616594824586,0.0031042239035945,history_selected,history_selected,lightgbm,5,0.2657495892961209,0.0029830110557036,0.00011207018633768717
history_selected,lightgbm,42,calibrated,precision_at_top_decile,5,0.290168324407039,0.0021170565819795,history_selected,history_selected,lightgbm,5,0.2913159908186686,0.0020061378121081,-0.001147666411629611
history_selected,lightgbm,42,calibrated,recall_at_manual_review_capacity,5,0.3594618197659861,0.0026532890197073,history_selected,history_selected,lightgbm,5,0.3608834635219299,0.0025017844018995,-0.00142164375594378
history_selected,lightgbm,42,calibrated,roc_auc,5,0.775862193913876,0.0031491489141803,history_selected,history_selected,lightgbm,5,0.7760402849109236,0.0015316665068749,-0.00017809099704757525
history_selected,lightgbm,42,calibrated,top_decile_lift,5,3.594398083825213,0.0265158174883688,history_selected,history_selected,lightgbm,5,3.608613741859439,0.0250163101182263,-0.014215658034225864
history_selected,lightgbm,42,raw,balanced_utility_per_applicant,5,576.6085661624747,3.709893803662429,history_selected,history_selected,lightgbm,5,577.4374154424013,2.203265284853144,-0.8288492799265441
history_selected,lightgbm,42,raw,brier_score,5,0.0666550016814379,0.000181631636438,history_selected,history_selected,lightgbm,5,0.1573048450301431,0.0084013539676323,-0.09064984334870521
history_selected,lightgbm,42,raw,log_loss,5,0.2407195094532663,0.0009367880190692,history_selected,history_selected,lightgbm,5,0.4776718641295564,0.0197234226033203,-0.2369523546762901
history_selected,lightgbm,42,raw,max_predicted_probability,5,0.8031766982196921,0.038869639846927,history_selected,history_selected,lightgbm,5,0.949323148756206,0.007595855383124,-0.14614645053651398
history_selected,lightgbm,42,raw,min_predicted_probability,5,0.0048507494342179,0.0009724805659723,history_selected,history_selected,lightgbm,5,0.0059652268175308,0.0016559655088644,-0.0011144773833128997
history_selected,lightgbm,42,raw,pr_auc,5,0.2658616594824586,0.0031042239035945,history_selected,history_selected,lightgbm,5,0.2657495892961209,0.0029830110557036,0.00011207018633768717
history_selected,lightgbm,42,raw,precision_at_top_decile,5,0.290168324407039,0.0021170565819795,history_selected,history_selected,lightgbm,5,0.2913159908186686,0.0020061378121081,-0.001147666411629611
history_selected,lightgbm,42,raw,recall_at_manual_review_capacity,5,0.3594618197659861,0.0026532890197073,history_selected,history_selected,lightgbm,5,0.3608834635219299,0.0025017844018995,-0.00142164375594378
history_selected,lightgbm,42,raw,roc_auc,5,0.775862193913876,0.0031491489141803,history_selected,history_selected,lightgbm,5,0.7760402849109236,0.0015316665068749,-0.00017809099704757525
history_selected,lightgbm,42,raw,top_decile_lift,5,3.594398083825213,0.0265158174883688,history_selected,history_selected,lightgbm,5,3.608613741859439,0.0250163101182263,-0.014215658034225864
logistic_tuned,logistic_regression,42,calibrated,brier_score,5,0.0673959370218287,0.0002315098585955,logistic_fixed,logistic_fixed,logistic_regression,5,0.0675000801434355,0.0002316611813,-0.00010414312160680894
logistic_tuned,logistic_regression,42,calibrated,log_loss,5,0.2439823583338461,0.0008665017553455,logistic_fixed,logistic_fixed,logistic_regression,5,0.2443089065841382,0.000971816745766,-0.00032654825029210244
logistic_tuned,logistic_regression,42,calibrated,max_predicted_probability,5,0.9824130943347292,0.0322454295572015,logistic_fixed,logistic_fixed,logistic_regression,5,0.9764214999906804,0.0520117753802985,0.005991594344048834
logistic_tuned,logistic_regression,42,calibrated,min_predicted_probability,5,2.0539624551155827e-06,4.487813753983178e-06,logistic_fixed,logistic_fixed,logistic_regression,5,4.663835310046608e-07,5.659048494576186e-07,1.587578924110922e-06
logistic_tuned,logistic_regression,42,calibrated,pr_auc,5,0.2510829444189344,0.0058035000326041,logistic_fixed,logistic_fixed,logistic_regression,5,0.2484267794057226,0.0059440810176916,0.0026561650132118086
logistic_tuned,logistic_regression,42,calibrated,precision_at_top_decile,5,0.279265493496557,0.003861252723448,logistic_fixed,logistic_fixed,logistic_regression,5,0.2771996939556235,0.0038001258916776,0.0020657995409334995
logistic_tuned,logistic_regression,42,calibrated,recall_at_manual_review_capacity,5,0.3459551935650117,0.0047857283816409,logistic_fixed,logistic_fixed,logistic_regression,5,0.3433961876467358,0.0047203402944093,0.002559005918275903
logistic_tuned,logistic_regression,42,calibrated,roc_auc,5,0.7666747732753064,0.0022363799135127,logistic_fixed,logistic_fixed,logistic_regression,5,0.7665813705193324,0.002101775421918,9.340275597402581e-05
logistic_tuned,logistic_regression,42,calibrated,top_decile_lift,5,3.459340107218517,0.0478479000708123,logistic_fixed,logistic_fixed,logistic_regression,5,3.4337516433924646,0.0471966767746036,0.025588463826052177
logistic_tuned,logistic_regression,42,raw,balanced_utility_per_applicant,5,568.9944636715694,2.36049304248555,logistic_fixed,logistic_fixed,logistic_regression,5,568.7195770573351,1.8458597694449743,0.27488661423433314
logistic_tuned,logistic_regression,42,raw,brier_score,5,0.0673959370218287,0.0002315098585955,logistic_fixed,logistic_fixed,logistic_regression,5,0.1949055240421857,0.0008088339851561,-0.127509587020357
logistic_tuned,logistic_regression,42,raw,log_loss,5,0.2439823583338461,0.0008665017553455,logistic_fixed,logistic_fixed,logistic_regression,5,0.5743598567575925,0.0023632349542645,-0.3303774984237464
logistic_tuned,logistic_regression,42,raw,max_predicted_probability,5,0.9824130943347292,0.0322454295572015,logistic_fixed,logistic_fixed,logistic_regression,5,0.9983155531421652,0.0037341816693351,-0.015902458807436015
logistic_tuned,logistic_regression,42,raw,min_predicted_probability,5,2.0539624551155827e-06,4.487813753983178e-06,logistic_fixed,logistic_fixed,logistic_regression,5,1.215271304031956e-06,2.7098854247815824e-06,8.386911510836268e-07
logistic_tuned,logistic_regression,42,raw,pr_auc,5,0.2510829444189344,0.0058035000326041,logistic_fixed,logistic_fixed,logistic_regression,5,0.2484267794057226,0.0059440810176916,0.0026561650132118086
logistic_tuned,logistic_regression,42,raw,precision_at_top_decile,5,0.279265493496557,0.003861252723448,logistic_fixed,logistic_fixed,logistic_regression,5,0.2771996939556235,0.0038001258916776,0.0020657995409334995
logistic_tuned,logistic_regression,42,raw,recall_at_manual_review_capacity,5,0.3459551935650117,0.0047857283816409,logistic_fixed,logistic_fixed,logistic_regression,5,0.3433961876467358,0.0047203402944093,0.002559005918275903
logistic_tuned,logistic_regression,42,raw,roc_auc,5,0.7666747732753064,0.0022363799135127,logistic_fixed,logistic_fixed,logistic_regression,5,0.7665813705193324,0.002101775421918,9.340275597402581e-05
logistic_tuned,logistic_regression,42,raw,top_decile_lift,5,3.459340107218517,0.0478479000708123,logistic_fixed,logistic_fixed,logistic_regression,5,3.4337516433924646,0.0471966767746036,0.025588463826052177
training_prevalence,prevalence,42,calibrated,brier_score,5,0.0742109658322167,7.051073936032173e-06,training_prevalence,training_prevalence,prevalence,5,0.0742109658322167,7.051073936032173e-06,0.0
training_prevalence,prevalence,42,calibrated,log_loss,5,0.2805437399476472,2.0454279474263475e-05,training_prevalence,training_prevalence,prevalence,5,0.2805437399476472,2.0454279474263475e-05,0.0
training_prevalence,prevalence,42,calibrated,max_predicted_probability,5,0.0807300740145119,3.0031275918975173e-06,training_prevalence,training_prevalence,prevalence,5,0.0807300740145119,3.0031275918975173e-06,0.0
training_prevalence,prevalence,42,calibrated,min_predicted_probability,5,0.0807300740145119,3.0031275918975173e-06,training_prevalence,training_prevalence,prevalence,5,0.0807300740145119,3.0031275918975173e-06,0.0
training_prevalence,prevalence,42,calibrated,pr_auc,5,0.0807279710977319,8.408673620233888e-06,training_prevalence,training_prevalence,prevalence,5,0.0807279710977319,8.408673620233888e-06,0.0
training_prevalence,prevalence,42,calibrated,precision_at_top_decile,5,0.080727971097732,8.408673620245645e-06,training_prevalence,training_prevalence,prevalence,5,0.080727971097732,8.408673620245645e-06,0.0
training_prevalence,prevalence,42,calibrated,recall_at_manual_review_capacity,5,0.1000061212680593,8.55534584807595e-07,training_prevalence,training_prevalence,prevalence,5,0.1000061212680593,8.55534584807595e-07,0.0
training_prevalence,prevalence,42,calibrated,roc_auc,5,0.5,0.0,training_prevalence,training_prevalence,prevalence,5,0.5,0.0,0.0
training_prevalence,prevalence,42,calibrated,top_decile_lift,5,1.0000000000000009,8.005932084973442e-16,training_prevalence,training_prevalence,prevalence,5,1.0000000000000009,8.005932084973442e-16,0.0
training_prevalence,prevalence,42,raw,brier_score,5,0.0742109658322167,7.051073936032173e-06,training_prevalence,training_prevalence,prevalence,5,0.0742109658322167,7.051073936032173e-06,0.0
training_prevalence,prevalence,42,raw,log_loss,5,0.2805437399476472,2.0454279474263475e-05,training_prevalence,training_prevalence,prevalence,5,0.2805437399476472,2.0454279474263475e-05,0.0
training_prevalence,prevalence,42,raw,max_predicted_probability,5,0.0807300740145119,3.0031275918975173e-06,training_prevalence,training_prevalence,prevalence,5,0.0807300740145119,3.0031275918975173e-06,0.0
training_prevalence,prevalence,42,raw,min_predicted_probability,5,0.0807300740145119,3.0031275918975173e-06,training_prevalence,training_prevalence,prevalence,5,0.0807300740145119,3.0031275918975173e-06,0.0
training_prevalence,prevalence,42,raw,pr_auc,5,0.0807279710977319,8.408673620233888e-06,training_prevalence,training_prevalence,prevalence,5,0.0807279710977319,8.408673620233888e-06,0.0
training_prevalence,prevalence,42,raw,precision_at_top_decile,5,0.080727971097732,8.408673620245645e-06,training_prevalence,training_prevalence,prevalence,5,0.080727971097732,8.408673620245645e-06,0.0
training_prevalence,prevalence,42,raw,recall_at_manual_review_capacity,5,0.1000061212680593,8.55534584807595e-07,training_prevalence,training_prevalence,prevalence,5,0.1000061212680593,8.55534584807595e-07,0.0
training_prevalence,prevalence,42,raw,roc_auc,5,0.5,0.0,training_prevalence,training_prevalence,prevalence,5,0.5,0.0,0.0
training_prevalence,prevalence,42,raw,top_decile_lift,5,1.0000000000000009,8.005932084973442e-16,training_prevalence,training_prevalence,prevalence,5,1.0000000000000009,8.005932084973442e-16,0.0
