run_id,workflow,model_family,split_seed,outer_fold,model_seed,feature_set,calibration_method,created_at,selection_probability_accepted,selection_brier_score,selection_log_loss,selection_prevalence_brier,selection_prevalence_log_loss
b45cb7fb871d4322bfdbb52e6e8d1d38,history_selected,lightgbm,42,1,42,full,uncalibrated,2026-10-05T00:04:59Z,True,0.0664221325403375,0.24004385785841761,0.07420577228377032,0.28052867388914887
b45cb7fb871d4322bfdbb52e6e8d1d38,application_only,lightgbm,42,1,42,application_only,uncalibrated,2026-10-05T00:04:59Z,True,0.06832783755117092,0.2480770215409866,0.07420577228377032,0.28052867388914887
b45cb7fb871d4322bfdbb52e6e8d1d38,logistic_tuned,logistic_regression,42,1,42,logistic_tuned,uncalibrated,2026-10-05T00:04:59Z,True,0.06739937552406906,0.24387277799651733,0.07420577228377032,0.28052867388914887
b45cb7fb871d4322bfdbb52e6e8d1d38,training_prevalence,prevalence,42,1,42,training_prevalence,uncalibrated,2026-10-05T00:04:59Z,,,,,
b45cb7fb871d4322bfdbb52e6e8d1d38,history_selected,lightgbm,42,2,42,full,uncalibrated,2026-10-05T00:04:59Z,True,0.06675582323359304,0.24181501558219368,0.07420577237063157,0.2805286744743756
b45cb7fb871d4322bfdbb52e6e8d1d38,application_only,lightgbm,42,2,42,application_only,uncalibrated,2026-10-05T00:04:59Z,True,0.06850892766280701,0.24990690628688197,0.07420577237063157,0.2805286744743756
b45cb7fb871d4322bfdbb52e6e8d1d38,logistic_tuned,logistic_regression,42,2,42,logistic_tuned,uncalibrated,2026-10-05T00:04:59Z,True,0.06742864810862922,0.24453011690621626,0.07420577237063157,0.2805286744743756
b45cb7fb871d4322bfdbb52e6e8d1d38,training_prevalence,prevalence,42,2,42,training_prevalence,uncalibrated,2026-10-05T00:04:59Z,,,,,
b45cb7fb871d4322bfdbb52e6e8d1d38,history_selected,lightgbm,42,3,42,full,uncalibrated,2026-10-05T00:04:59Z,True,0.0664680699170323,0.24023302465810725,0.07420577237063157,0.2805286744743755
b45cb7fb871d4322bfdbb52e6e8d1d38,application_only,lightgbm,42,3,42,application_only,uncalibrated,2026-10-05T00:04:59Z,True,0.06809483931556831,0.24783283703933756,0.07420577237063157,0.2805286744743755
b45cb7fb871d4322bfdbb52e6e8d1d38,logistic_tuned,logistic_regression,42,3,42,logistic_tuned,uncalibrated,2026-10-05T00:04:59Z,True,0.0672660671417451,0.24366826933928318,0.07420577237063157,0.2805286744743755
b45cb7fb871d4322bfdbb52e6e8d1d38,training_prevalence,prevalence,42,3,42,training_prevalence,uncalibrated,2026-10-05T00:04:59Z,,,,,
b45cb7fb871d4322bfdbb52e6e8d1d38,history_selected,lightgbm,42,4,42,full,uncalibrated,2026-10-05T00:04:59Z,True,0.06656923063603243,0.24075611803290092,0.07420577237063157,0.2805286744743756
b45cb7fb871d4322bfdbb52e6e8d1d38,application_only,lightgbm,42,4,42,application_only,uncalibrated,2026-10-05T00:04:59Z,True,0.06852143796783187,0.2493646913674173,0.07420577237063157,0.2805286744743756
b45cb7fb871d4322bfdbb52e6e8d1d38,logistic_tuned,logistic_regression,42,4,42,logistic_tuned,uncalibrated,2026-10-05T00:04:59Z,True,0.06698289519073476,0.24276156533411378,0.07420577237063157,0.2805286744743756
b45cb7fb871d4322bfdbb52e6e8d1d38,training_prevalence,prevalence,42,4,42,training_prevalence,uncalibrated,2026-10-05T00:04:59Z,,,,,
b45cb7fb871d4322bfdbb52e6e8d1d38,history_selected,lightgbm,42,5,42,full,uncalibrated,2026-10-05T00:04:59Z,True,0.06608079009740547,0.2383768412672202,0.07420577236015534,0.28052867440379425
b45cb7fb871d4322bfdbb52e6e8d1d38,application_only,lightgbm,42,5,42,application_only,uncalibrated,2026-10-05T00:04:59Z,True,0.06785185579393939,0.24630891734909913,0.07420577236015534,0.28052867440379425
b45cb7fb871d4322bfdbb52e6e8d1d38,logistic_tuned,logistic_regression,42,5,42,logistic_tuned,uncalibrated,2026-10-05T00:04:59Z,True,0.06691394654856622,0.24231069939497293,0.07420577236015534,0.28052867440379425
b45cb7fb871d4322bfdbb52e6e8d1d38,training_prevalence,prevalence,42,5,42,training_prevalence,uncalibrated,2026-10-05T00:04:59Z,,,,,
