feature_name,selected_fold_count,fold_count
NAME_CONTRACT_TYPE,5,5
FLAG_OWN_CAR,2,5
FLAG_OWN_REALTY,2,5
AMT_INCOME_TOTAL,5,5
AMT_CREDIT,5,5
AMT_ANNUITY,5,5
AMT_GOODS_PRICE,5,5
credit_to_income_ratio,5,5
annuity_to_income_ratio,5,5
goods_price_to_income_ratio,5,5
NAME_INCOME_TYPE,5,5
NAME_EDUCATION_TYPE,5,5
NAME_HOUSING_TYPE,2,5
REGION_POPULATION_RELATIVE,5,5
employment_length_days,5,5
DAYS_REGISTRATION,5,5
DAYS_ID_PUBLISH,5,5
OWN_CAR_AGE,5,5
OCCUPATION_TYPE,5,5
REGION_RATING_CLIENT,2,5
REGION_RATING_CLIENT_W_CITY,5,5
HOUR_APPR_PROCESS_START,4,5
ORGANIZATION_TYPE,5,5
EXT_SOURCE_1,5,5
EXT_SOURCE_2,5,5
EXT_SOURCE_3,5,5
ext_source_mean,5,5
ext_source_min,5,5
ext_source_max,5,5
ext_source_missing_count,5,5
DAYS_LAST_PHONE_CHANGE,5,5
bureau_credit_count,4,5
active_credit_count,5,5
closed_credit_count,5,5
overdue_credit_count,2,5
max_credit_day_overdue,2,5
total_credit_sum,5,5
avg_credit_sum,5,5
total_credit_debt,5,5
total_credit_limit,5,5
total_credit_overdue,2,5
avg_days_credit,5,5
earliest_days_credit,5,5
latest_days_credit,5,5
avg_days_credit_enddate,5,5
avg_days_enddate_fact,5,5
bureau_balance_month_count,2,5
bureau_balance_bureau_count,2,5
bureau_balance_closed_month_count,2,5
bureau_balance_unknown_month_count,2,5
bureau_balance_dpd_0_count,4,5
bureau_balance_dpd_1plus_count,2,5
bureau_balance_dpd_2plus_count,2,5
bureau_balance_dpd_5plus_count,2,5
bureau_balance_max_status,2,5
bureau_balance_avg_numeric_status,2,5
bureau_balance_latest_month,2,5
bureau_balance_earliest_month,2,5
bureau_balance_recent_month_count,2,5
bureau_balance_recent_known_month_count,2,5
bureau_balance_recent_dpd_1plus_count,2,5
bureau_balance_dpd_1plus_rate,2,5
bureau_balance_dpd_2plus_rate,2,5
bureau_balance_recent_dpd_1plus_rate,2,5
pos_cash_month_count,5,5
pos_cash_contract_count,2,5
pos_cash_active_month_count,5,5
pos_cash_completed_month_count,2,5
pos_cash_problem_status_month_count,2,5
pos_cash_dpd_month_count,2,5
pos_cash_dpd_def_month_count,2,5
pos_cash_max_dpd,2,5
pos_cash_max_dpd_def,2,5
pos_cash_avg_dpd,2,5
pos_cash_avg_dpd_def,4,5
pos_cash_avg_instalment_count,5,5
pos_cash_avg_future_installments,5,5
pos_cash_latest_month,5,5
pos_cash_earliest_month,5,5
pos_cash_recent_month_count,5,5
pos_cash_recent_dpd_month_count,2,5
pos_cash_completed_month_rate,5,5
pos_cash_dpd_month_rate,2,5
pos_cash_dpd_def_month_rate,2,5
pos_cash_recent_dpd_month_rate,2,5
credit_card_month_count,2,5
credit_card_contract_count,2,5
credit_card_active_month_count,2,5
credit_card_completed_month_count,2,5
credit_card_problem_status_month_count,2,5
credit_card_dpd_month_count,2,5
credit_card_dpd_def_month_count,2,5
credit_card_max_dpd,2,5
credit_card_max_dpd_def,2,5
credit_card_avg_dpd,2,5
credit_card_avg_dpd_def,2,5
credit_card_avg_balance,2,5
credit_card_max_balance,2,5
credit_card_avg_credit_limit,4,5
credit_card_max_credit_limit,2,5
credit_card_balance_to_limit_ratio,5,5
credit_card_avg_credit_utilization,2,5
credit_card_avg_drawings_current,4,5
credit_card_total_drawings_current,2,5
credit_card_avg_drawing_count,5,5
credit_card_total_drawing_count,2,5
credit_card_avg_total_receivable,2,5
credit_card_total_receivable,2,5
credit_card_payment_to_min_ratio,2,5
credit_card_total_payment_to_min_ratio,2,5
credit_card_latest_month,2,5
credit_card_earliest_month,2,5
credit_card_recent_month_count,2,5
credit_card_recent_dpd_month_count,2,5
credit_card_completed_month_rate,2,5
credit_card_dpd_month_rate,2,5
credit_card_dpd_def_month_rate,2,5
credit_card_recent_dpd_month_rate,2,5
bureau_balance_recent_dpd_rate_delta,2,5
bureau_balance_recent_status_delta,2,5
pos_cash_recent_dpd_rate_delta,3,5
pos_cash_remaining_installment_ratio_delta,5,5
credit_card_recent_utilization_delta,2,5
credit_card_recent_balance_ratio_delta,2,5
credit_card_recent_drawings_ratio_delta,2,5
credit_card_recent_dpd_rate_delta,2,5
installments_last_3_late_payment_rate,5,5
installments_last_3_underpayment_rate,2,5
installments_last_3_avg_payment_delay_days,5,5
installments_last_3_payment_amount_ratio,2,5
installments_last_payment_delay_days,2,5
installments_last_payment_ratio,2,5
pos_cash_last_3_dpd_rate,2,5
pos_cash_last_3_dpd_def_rate,2,5
pos_cash_last_3_future_installment_ratio,5,5
pos_cash_last_3_dpd_rate_delta,2,5
pos_cash_last_loan_dpd_rate,5,5
credit_card_last_3_credit_utilization,5,5
credit_card_last_3_payment_to_min_ratio,5,5
credit_card_last_3_drawing_count,2,5
credit_card_last_3_dpd_rate,2,5
credit_card_last_3_utilization_delta,3,5
previous_application_count,2,5
approved_application_count,2,5
refused_application_count,3,5
canceled_application_count,2,5
approval_rate,5,5
refusal_rate,5,5
avg_application_amount,5,5
avg_previous_credit_amount,5,5
total_previous_credit_amount,5,5
avg_credit_to_application_ratio,5,5
avg_days_decision,5,5
earliest_days_decision,5,5
latest_days_decision,5,5
installment_payment_count,5,5
installment_obligation_count,5,5
installment_ambiguous_obligation_count,5,5
installment_unknown_payment_obligation_count,2,5
installment_known_payment_obligation_count,2,5
installment_ongoing_arrears_count,2,5
installment_avg_arrears_age_days,5,5
late_payment_count,5,5
avg_payment_delay_days,5,5
max_payment_delay_days,5,5
underpayment_count,2,5
total_instalment_amount,5,5
total_payment_amount,5,5
payment_amount_ratio,2,5
avg_payment_to_instalment_ratio,2,5
external_score_credit_pressure,5,5
external_score_annuity_pressure,5,5
bureau_debt_to_income_ratio,5,5
payment_shortfall_ratio,2,5
