workflow,split_seed,outer_fold,history_segment,score_kind,applicant_count,target_rate,roc_auc,pr_auc,brier_score,log_loss,min_predicted_probability,max_predicted_probability,top_decile_lift,precision_at_top_decile,recall_at_manual_review_capacity
application_only,42,1,ambiguous_or_unknown_history,raw,6535,0.06457536342769701,0.7413413880604074,0.18747651198311815,0.16743401731293356,0.5032569397394671,0.0061192384968917,0.9353629375085238,3.1729278084554404,0.20489296636085627,0.3175355450236967
application_only,42,1,ambiguous_or_unknown_history,calibrated,6535,0.06457536342769701,0.7413413880604074,0.18747651198311815,0.05689886435740496,0.2160812739893434,0.0012584834981002,0.5131420697969595,3.1729278084554404,0.20489296636085627,0.3175355450236967
application_only,42,1,known_installment_history,raw,43028,0.08431718880728828,0.7423189210819401,0.23617429965894482,0.18736763956542082,0.550169181686133,0.0071912517908727,0.9424568422869808,3.075931998931029,0.25935393911224724,0.30760749724366043
application_only,42,1,known_installment_history,calibrated,43028,0.08431718880728828,0.7423189210819401,0.23617429965894482,0.07134090546032469,0.25810398148409053,0.0014485953577037,0.5398924994502475,3.075931998931029,0.25935393911224724,0.30760749724366043
application_only,42,1,no_installment_history,raw,2714,0.0630066322770818,0.7857045944261624,0.20261949018976025,0.14084839056895967,0.43435417850963864,0.0067719655040841,0.9073895264669384,3.2676298589611283,0.20588235294117646,0.32748538011695905
application_only,42,1,no_installment_history,calibrated,2714,0.0630066322770818,0.7857045944261624,0.20261949018976025,0.054596227047499064,0.20262704322811662,0.0013746844723551,0.4291080645284216,3.2676298589611283,0.20588235294117646,0.32748538011695905
application_only,42,2,ambiguous_or_unknown_history,raw,6544,0.06754278728606357,0.7338221575597942,0.2037713041794805,0.14668465157839086,0.45616524374675504,0.0141672981040898,0.918193715393162,3.1645193602984354,0.21374045801526717,0.3167420814479638
application_only,42,2,ambiguous_or_unknown_history,calibrated,6544,0.06754278728606357,0.7338221575597942,0.2037713041794805,0.059037624654190664,0.22318815721760218,0.0022298663735917,0.5437993418864436,3.1645193602984354,0.21374045801526717,0.3167420814479638
application_only,42,2,known_installment_history,raw,43111,0.08422444387743268,0.7480985878943478,0.23995908790439616,0.163377926845125,0.4958747021982131,0.005448919044045,0.9305135800806288,3.2491151489262986,0.27365491651205937,0.32497934453318644
application_only,42,2,known_installment_history,calibrated,43111,0.08422444387743268,0.7480985878943478,0.23995908790439616,0.07092482802581086,0.25617543014160343,0.0008995737965375,0.5846980103272185,3.2491151489262986,0.27365491651205937,0.32497934453318644
application_only,42,2,no_installment_history,raw,2622,0.05606407322654462,0.7845942417370989,0.21933759409090464,0.12039291535265774,0.388073558064842,0.0072016405688257,0.8524812646952574,3.526654768371227,0.19771863117870722,0.35374149659863946
application_only,42,2,no_installment_history,calibrated,2622,0.05606407322654462,0.7845942417370989,0.21933759409090464,0.0488378853443475,0.1859556699544787,0.0011717272832726,0.3893134013920907,3.526654768371227,0.19771863117870722,0.35374149659863946
application_only,42,3,ambiguous_or_unknown_history,raw,6408,0.06835205992509363,0.749596919146723,0.20274487885317355,0.14373213351602304,0.45007775420026513,0.0115667202144102,0.9217516442157272,3.309469365075973,0.22620904836193448,0.3310502283105023
application_only,42,3,ambiguous_or_unknown_history,calibrated,6408,0.06835205992509363,0.749596919146723,0.20274487885317355,0.05932620423230936,0.22202176159638118,0.0017912834737336,0.5621190256687352,3.309469365075973,0.22620904836193448,0.3310502283105023
application_only,42,3,known_installment_history,raw,43173,0.08336228661431913,0.7466174525296239,0.232352559965752,0.16408639159708271,0.49777210281652984,0.0047392632763566,0.9234185091978908,3.1920359355649333,0.2660954145437703,0.31925534870797445
application_only,42,3,known_installment_history,calibrated,43173,0.08336228661431913,0.7466174525296239,0.232352559965752,0.07050309239814219,0.2551613661245304,0.0007628047431544,0.5675722123955144,3.1920359355649333,0.2660954145437703,0.31925534870797445
application_only,42,3,no_installment_history,raw,2696,0.06787833827893175,0.7806901380580544,0.24292854257326335,0.12378674508063052,0.3980137343549698,0.0054268674797088,0.8917748608644702,3.710342036025096,0.2518518518518518,0.37158469945355194
application_only,42,3,no_installment_history,calibrated,2696,0.06787833827893175,0.7806901380580544,0.24292854257326335,0.057607773955735894,0.21293325673473754,0.000868129676869,0.4775236617165878,3.710342036025096,0.2518518518518518,0.37158469945355194
application_only,42,4,ambiguous_or_unknown_history,raw,6584,0.0666767922235723,0.7598210297462056,0.21334080079962595,0.16600419831557817,0.5022845067047897,0.0157601760979391,0.9162666590350198,3.3682289380264843,0.22458270106221548,0.33712984054669703
application_only,42,4,ambiguous_or_unknown_history,calibrated,6584,0.0666767922235723,0.7598210297462056,0.21334080079962595,0.05759857682077009,0.2161131165548368,0.0021458147902057,0.4873714129488926,3.3682289380264843,0.22458270106221548,0.33712984054669703
application_only,42,4,known_installment_history,raw,42973,0.08465780839131548,0.7487835317122422,0.24745668655788342,0.18720055990690057,0.5510411273329668,0.004371399068965,0.9242447950618108,3.34469981179479,0.2831549557933923,0.33452446399120395
application_only,42,4,known_installment_history,calibrated,42973,0.08465780839131548,0.7487835317122422,0.24745668655788342,0.07107731853605503,0.2567493794947704,0.0006423947306853,0.5127510631436918,3.34469981179479,0.2831549557933923,0.33452446399120395
application_only,42,4,no_installment_history,raw,2720,0.052573529411764706,0.7849887791680573,0.18851775109380683,0.14637779530322342,0.451203714091096,0.0070103772853848,0.9097486261807934,3.7062937062937062,0.1948529411764706,0.3706293706293706
application_only,42,4,no_installment_history,calibrated,2720,0.052573529411764706,0.7849887791680573,0.18851775109380683,0.04632503023916708,0.17905551337448122,0.0010003620596433,0.4682557664320664,3.7062937062937062,0.1948529411764706,0.3706293706293706
application_only,42,5,ambiguous_or_unknown_history,raw,6545,0.06737967914438503,0.7716608268471216,0.20971278223733336,0.1709992228149765,0.5129186950304675,0.011695149971829,0.935576740568704,3.5800315036956256,0.24122137404580152,0.35827664399092973
application_only,42,5,ambiguous_or_unknown_history,calibrated,6545,0.06737967914438503,0.7716608268471216,0.20971278223733336,0.05806435603105452,0.21546825689153118,0.0013651377932779,0.5767622665859093,3.5800315036956256,0.24122137404580152,0.35827664399092973
application_only,42,5,known_installment_history,raw,43043,0.08379992100922333,0.7457130148343655,0.23311322455430103,0.1897063066119184,0.5569085963189163,0.0102528338085476,0.9297376852713268,3.212674091254359,0.26922183507549363,0.3213196562240089
application_only,42,5,known_installment_history,calibrated,43043,0.08379992100922333,0.7457130148343655,0.23311322455430103,0.07082449555866893,0.2562179612975514,0.0011998923824725,0.5545799733983857,3.212674091254359,0.26922183507549363,0.3213196562240089
application_only,42,5,no_installment_history,raw,2688,0.06398809523809523,0.7605117942840243,0.20729850313450043,0.14995384287307928,0.4602081861791061,0.0049568828588663,0.9139535709446625,3.311489582432783,0.21189591078066913,0.3313953488372093
application_only,42,5,no_installment_history,calibrated,2688,0.06398809523809523,0.7605117942840243,0.20729850313450043,0.05556389928325224,0.20946018580834083,0.0005898577696704,0.5014606067832827,3.311489582432783,0.21189591078066913,0.3313953488372093
history_selected,42,1,ambiguous_or_unknown_history,raw,6535,0.06457536342769701,0.7767577139233224,0.2666622412930758,0.12820623627431427,0.4051084693830421,0.006761763835712,0.93926674080885,3.7648919518239925,0.24311926605504589,0.3767772511848341
history_selected,42,1,ambiguous_or_unknown_history,calibrated,6535,0.06457536342769701,0.7767577139233224,0.2666622412930758,0.05423635636675217,0.20475952590420468,0.0012183146418552,0.5973458466969898,3.7648919518239925,0.24311926605504589,0.3767772511848341
history_selected,42,1,known_installment_history,raw,43028,0.08431718880728828,0.7729074555487774,0.26981624314417585,0.16254677165396406,0.4898913048808244,0.0042465863220075,0.9501386288546212,3.4976323536231866,0.2949105275389263,0.3497794928335171
history_selected,42,1,known_installment_history,calibrated,43028,0.08431718880728828,0.7729074555487774,0.26981624314417585,0.06943163958630148,0.2491198412829152,0.0007929530314055,0.6425144739743559,3.4976323536231866,0.2949105275389263,0.3497794928335171
history_selected,42,1,no_installment_history,raw,2714,0.0630066322770818,0.7922217393004073,0.23433956924001864,0.12627747933419536,0.39971783590775195,0.0087298696927168,0.9121624020179918,3.559382524939801,0.22426470588235295,0.3567251461988304
history_selected,42,1,no_installment_history,calibrated,2714,0.0630066322770818,0.7922217393004073,0.23433956924001864,0.053753229157315556,0.19980510077615157,0.0015430783275771,0.5070841012752041,3.559382524939801,0.22426470588235295,0.3567251461988304
history_selected,42,2,ambiguous_or_unknown_history,raw,6544,0.06754278728606357,0.7723229977264334,0.23515010833589747,0.13051980657838533,0.4099997220507045,0.0061532458557403,0.9312146893964652,3.5939898449103658,0.24274809160305344,0.3597285067873303
history_selected,42,2,ambiguous_or_unknown_history,calibrated,6544,0.06754278728606357,0.7723229977264334,0.23515010833589747,0.05745552796614174,0.21436814885689376,0.0011633118295681,0.5578200940187852,3.5939898449103658,0.24274809160305344,0.3597285067873303
history_selected,42,2,known_installment_history,raw,43111,0.08422444387743268,0.7720241687796491,0.27142243166639857,0.16374252837765915,0.4923265117557753,0.0054488551334337,0.947680719750734,3.5437383022611413,0.29846938775510207,0.35444781052051777
history_selected,42,2,known_installment_history,calibrated,43111,0.08422444387743268,0.7720241687796491,0.27142243166639857,0.06933177084282104,0.24872525753999575,0.001041102951521,0.6217251254488776,3.5437383022611413,0.29846938775510207,0.35444781052051777
history_selected,42,2,no_installment_history,raw,2622,0.05606407322654462,0.7889727204012918,0.18664752140043706,0.11462486271754642,0.36963366165065353,0.0043442620476465,0.8715214280343395,3.32319391634981,0.18631178707224336,0.3333333333333333
history_selected,42,2,no_installment_history,calibrated,2622,0.05606407322654462,0.7889727204012918,0.18664752140043706,0.049125739986335196,0.18592010988846316,0.0008467172108241,0.4023749069033829,3.32319391634981,0.18631178707224336,0.3333333333333333
history_selected,42,3,ambiguous_or_unknown_history,raw,6408,0.06835205992509363,0.7791147518413988,0.25281292748705003,0.12736026613410098,0.40354178233222265,0.0075211575911786,0.9608483954767708,3.8344196781569893,0.2620904836193448,0.3835616438356164
history_selected,42,3,ambiguous_or_unknown_history,calibrated,6408,0.06835205992509363,0.7791147518413988,0.25281292748705003,0.05733226847206251,0.2131617600878991,0.0013807202478651,0.6903416029537959,3.8344196781569893,0.2620904836193448,0.3835616438356164
history_selected,42,3,known_installment_history,raw,43173,0.08336228661431913,0.7763682805091787,0.27244835929792627,0.16227319760671852,0.4895627036739758,0.0078487123870344,0.9529103456059942,3.5893041155351555,0.2992125984251969,0.3589886079466518
history_selected,42,3,known_installment_history,calibrated,43173,0.08336228661431913,0.7763682805091787,0.27244835929792627,0.06849890381857004,0.24604864051471487,0.0014359161160197,0.651457691244886,3.5893041155351555,0.2992125984251969,0.3589886079466518
history_selected,42,3,no_installment_history,raw,2696,0.06787833827893175,0.7912059476514475,0.2534135135011629,0.12088566023905616,0.3868690781318191,0.009840262018837,0.9178727619275197,3.6012143290831817,0.24444444444444444,0.36065573770491804
history_selected,42,3,no_installment_history,calibrated,2696,0.06787833827893175,0.7912059476514475,0.2534135135011629,0.057048521063870344,0.21025217018329087,0.0017681410485913,0.5207370888399795,3.6012143290831817,0.24444444444444444,0.36065573770491804
history_selected,42,4,ambiguous_or_unknown_history,raw,6584,0.0666767922235723,0.7880829831835426,0.25420041747523503,0.1211118469420082,0.39115600333564904,0.0071349999977315,0.9114010238601628,4.07373635072122,0.2716236722306525,0.40774487471526194
history_selected,42,4,ambiguous_or_unknown_history,calibrated,6584,0.0666767922235723,0.7880829831835426,0.25420041747523503,0.05566120011450861,0.20715385437996958,0.001050051900059,0.5555565169127324,4.07373635072122,0.2716236722306525,0.40774487471526194
history_selected,42,4,known_installment_history,raw,42973,0.08465780839131548,0.7718015973782943,0.2715783537610508,0.15295027783333268,0.4697947421755112,0.0060276162924585,0.9482964641438832,3.5892998802004894,0.30386226151698464,0.3589884551951622
history_selected,42,4,known_installment_history,calibrated,42973,0.08465780839131548,0.7718015973782943,0.2715783537610508,0.06957750071519277,0.24963305627573446,0.0008900807178642,0.6871155782603464,3.5892998802004894,0.30386226151698464,0.3589884551951622
history_selected,42,4,no_installment_history,raw,2720,0.052573529411764706,0.7943372111008897,0.18287511871044865,0.11255355897377166,0.37183678776718476,0.0098708328071985,0.9047347422624764,3.7062937062937062,0.1948529411764706,0.3706293706293706
history_selected,42,4,no_installment_history,calibrated,2720,0.052573529411764706,0.7943372111008897,0.18287511871044865,0.04631270073014412,0.17730514122134575,0.0014440089519834,0.5362612192331169,3.7062937062937062,0.1948529411764706,0.3706293706293706
history_selected,42,5,ambiguous_or_unknown_history,raw,6545,0.06737967914438503,0.8054247911484385,0.2692513827285657,0.13732189824075428,0.42926705448588054,0.0086483646044716,0.9266951231501016,4.055858475705803,0.2732824427480916,0.40589569160997735
history_selected,42,5,ambiguous_or_unknown_history,calibrated,6545,0.06737967914438503,0.8054247911484385,0.2692513827285657,0.055733349840300164,0.2048204858567274,0.0010837097761968,0.5585119517562018,4.055858475705803,0.2732824427480916,0.40589569160997735
history_selected,42,5,known_installment_history,raw,43043,0.08379992100922333,0.7723871447402836,0.2628693462931365,0.17720728048035853,0.5259586476910783,0.007686511834363,0.9396515355550208,3.5508503113863963,0.2975609756097561,0.35514277793179927
history_selected,42,5,known_installment_history,calibrated,43043,0.08379992100922333,0.7723871447402836,0.2628693462931365,0.06919279824144776,0.24830031093214655,0.000965783064416,0.607610846421044,3.5508503113863963,0.2975609756097561,0.35514277793179927
history_selected,42,5,no_installment_history,raw,2688,0.06398809523809523,0.7708479683513884,0.22480706798612538,0.14067740353434766,0.4386721950479791,0.0115009225138278,0.9230240755499896,3.4857785078239822,0.22304832713754646,0.3488372093023256
history_selected,42,5,no_installment_history,calibrated,2688,0.06398809523809523,0.7708479683513884,0.22480706798612538,0.0549921203328592,0.2065593627551434,0.0014324463823911,0.5458378038387933,3.4857785078239822,0.22304832713754646,0.3488372093023256
logistic_fixed,42,1,ambiguous_or_unknown_history,raw,6535,0.06457536342769701,0.7818563964761602,0.26293815518562796,0.16682057521207808,0.5066648851163378,0.0079522656304604,0.9999552776014086,3.9779990434366717,0.25688073394495414,0.3981042654028436
logistic_fixed,42,1,ambiguous_or_unknown_history,calibrated,6535,0.06457536342769701,0.7818563964761602,0.26293815518562796,0.05403980101782661,0.2038356234250645,0.0009266348563777,0.9991508624918068,3.9779990434366717,0.25688073394495414,0.3981042654028436
logistic_fixed,42,1,known_installment_history,raw,43028,0.08431718880728828,0.762690040519591,0.2521534503109774,0.20197173841342092,0.5905957652518621,0.0,0.989682004777238,3.326747242571463,0.2805019753660237,0.3326901874310915
logistic_fixed,42,1,known_installment_history,calibrated,43028,0.08431718880728828,0.762690040519591,0.2521534503109774,0.07024801071161531,0.25247082922785646,1.864629628965417e-07,0.8708316681356723,3.326747242571463,0.2805019753660237,0.3326901874310915
logistic_fixed,42,1,no_installment_history,raw,2714,0.0630066322770818,0.7842581286089781,0.2256463695408228,0.15258151251327667,0.47419172244711844,4.001920784955325e-08,0.9777301516050512,3.7927846577227387,0.23897058823529413,0.38011695906432746
logistic_fixed,42,1,no_installment_history,calibrated,2714,0.0630066322770818,0.7842581286089781,0.2256463695408228,0.05453663270676032,0.2036867214169817,1.864629628965417e-07,0.7628417983692867,3.7927846577227387,0.23897058823529413,0.38011695906432746
logistic_fixed,42,2,ambiguous_or_unknown_history,raw,6544,0.06754278728606357,0.7631790481868566,0.22560080802956758,0.16775576264483985,0.5111974530903174,9.060527380086354e-20,0.999997324793256,3.2549341991641048,0.2198473282442748,0.3257918552036199
logistic_fixed,42,2,ambiguous_or_unknown_history,calibrated,6544,0.06754278728606357,0.7631790481868566,0.22560080802956758,0.05803816416089671,0.21821279725306286,1.912445111314528e-07,0.999938618327774,3.2549341991641048,0.2198473282442748,0.3257918552036199
logistic_fixed,42,2,known_installment_history,raw,43111,0.08422444387743268,0.7632364151764176,0.2591567897737159,0.2016997272176184,0.5897568226071976,1.5608727230380095e-09,0.9999999999999936,3.403310444129581,0.28664192949907236,0.3404020930873038
logistic_fixed,42,2,known_installment_history,calibrated,43111,0.08422444387743268,0.7632364151764176,0.2591567897737159,0.06989729892460557,0.2515304039993105,1.912445111314528e-07,0.9999757665270248,3.403310444129581,0.28664192949907236,0.3404020930873038
logistic_fixed,42,2,no_installment_history,raw,2622,0.05606407322654462,0.7703731189445475,0.17028794874662279,0.14666730108104475,0.45918724327991195,0.0060228466440369,0.8678698950146961,3.3910142003569486,0.19011406844106463,0.3401360544217687
logistic_fixed,42,2,no_installment_history,calibrated,2622,0.05606407322654462,0.7703731189445475,0.17028794874662279,0.049733546054152526,0.19059367438938452,0.0007141256737353,0.3445250304406206,3.3910142003569486,0.19011406844106463,0.3401360544217687
logistic_fixed,42,3,ambiguous_or_unknown_history,raw,6408,0.06835205992509363,0.7732999089817428,0.23578350748145546,0.16421319525248454,0.504463223519233,0.0005064031852196,0.9999867805414808,3.9257153847797746,0.26833073322932915,0.3926940639269406
logistic_fixed,42,3,ambiguous_or_unknown_history,calibrated,6408,0.06835205992509363,0.7732999089817428,0.23578350748145546,0.05819372131939636,0.21785004874951439,8.559675445126151e-05,0.9996284061881876,3.9257153847797746,0.26833073322932915,0.3926940639269406
logistic_fixed,42,3,known_installment_history,raw,43173,0.08336228661431913,0.7617207589811769,0.24332164914979473,0.20230193504298596,0.5927629493357651,6.062850431881998e-06,0.9999159955289716,3.3420532902390025,0.278601204261232,0.3342595165323701
logistic_fixed,42,3,known_installment_history,calibrated,43173,0.08336228661431913,0.7617207589811769,0.24332164914979473,0.06983123234779867,0.25190676725873445,1.477732846244383e-06,0.9979771019214312,3.3420532902390025,0.278601204261232,0.3342595165323701
logistic_fixed,42,3,no_installment_history,raw,2696,0.06787833827893175,0.7743319438374007,0.23102290504841536,0.15094459133757215,0.4705107946272307,0.0002044835993218,0.9806740059411002,3.819469742967011,0.25925925925925924,0.3825136612021858
logistic_fixed,42,3,no_installment_history,calibrated,2696,0.06787833827893175,0.7743319438374007,0.23102290504841536,0.05849339758719206,0.21674111007566346,3.725020497073076e-05,0.7676909831265532,3.819469742967011,0.25925925925925924,0.3825136612021858
logistic_fixed,42,4,ambiguous_or_unknown_history,raw,6584,0.0666767922235723,0.7787278210149184,0.25074859273920047,0.16048345179460033,0.4910220839488257,0.0003713267427638,0.9881561850261156,3.84615331436808,0.2564491654021244,0.38496583143507973
logistic_fixed,42,4,ambiguous_or_unknown_history,calibrated,6584,0.0666767922235723,0.7787278210149184,0.25074859273920047,0.05601973198686796,0.20989958496234049,5.855238435902529e-05,0.8453437348618966,3.84615331436808,0.2564491654021244,0.38496583143507973
logistic_fixed,42,4,known_installment_history,raw,42973,0.08465780839131548,0.7645452472534557,0.25788873673966345,0.2014650572112446,0.5895559130219233,5.0366986527247985e-19,0.991635725841689,3.4079110654277236,0.28850628199162404,0.34084661902144037
logistic_fixed,42,4,known_installment_history,calibrated,42973,0.08465780839131548,0.7645452472534557,0.25788873673966345,0.07024931467999286,0.25244201551225304,2.403116863349897e-07,0.8833819617190869,3.4079110654277236,0.28850628199162404,0.34084661902144037
logistic_fixed,42,4,no_installment_history,raw,2720,0.052573529411764706,0.7838083530749421,0.17663002834016636,0.15315256610148004,0.47585721304976636,0.0078496323612873,0.9549291537438772,3.776223776223776,0.19852941176470587,0.3776223776223776
logistic_fixed,42,4,no_installment_history,calibrated,2720,0.052573529411764706,0.7838083530749421,0.17663002834016636,0.0466526559186409,0.18035475340753598,0.001001926165465,0.6048155145919218,3.776223776223776,0.19852941176470587,0.3776223776223776
logistic_fixed,42,5,ambiguous_or_unknown_history,raw,6545,0.06737967914438503,0.8024361557641841,0.27045156053739705,0.1642896455308146,0.5003463916901978,0.0024878803848786,0.9924980812517122,4.350418029807343,0.2931297709923664,0.43537414965986393
logistic_fixed,42,5,ambiguous_or_unknown_history,calibrated,6545,0.06737967914438503,0.8024361557641841,0.27045156053739705,0.05566040835869755,0.20540061163010043,0.0003398954132514,0.8936062529102898,4.350418029807343,0.2931297709923664,0.43537414965986393
logistic_fixed,42,5,known_installment_history,raw,43043,0.08379992100922333,0.7631994544198792,0.24255597378978977,0.2029090826763636,0.5940309195802407,1.3506088277187653e-08,0.9999999817262538,3.373446392628606,0.2826945412311266,0.33739950097033544
logistic_fixed,42,5,known_installment_history,calibrated,43043,0.08379992100922333,0.7631994544198792,0.24255597378978977,0.07018784458715165,0.25211808256650065,2.3616564841593653e-07,0.9999705030272964,3.373446392628606,0.2826945412311266,0.33739950097033544
logistic_fixed,42,5,no_installment_history,raw,2688,0.06398809523809523,0.7629011535475283,0.18824671936822915,0.16353417901607817,0.5006461020803599,0.0244914020856492,0.939644237706978,3.25339327396905,0.20817843866171004,0.32558139534883723
logistic_fixed,42,5,no_installment_history,calibrated,2688,0.06398809523809523,0.7629011535475283,0.18824671936822915,0.056074499456274664,0.21053439027759951,0.0029016827646252,0.5345997773452359,3.25339327396905,0.20817843866171004,0.32558139534883723
training_prevalence,42,1,ambiguous_or_unknown_history,raw,6535,0.06457536342769701,0.5,0.06457536342769701,0.060666187547106766,0.241251862684387,0.0807247188708377,0.0807247188708377,1.0,0.06457536342769701,0.10007651109410864
training_prevalence,42,1,ambiguous_or_unknown_history,calibrated,6535,0.06457536342769701,0.5,0.06457536342769701,0.060666187547106766,0.241251862684387,0.0807247188708377,0.0807247188708377,1.0,0.06457536342769701,0.10007651109410864
training_prevalence,42,1,known_installment_history,raw,43028,0.08431718880728828,0.5,0.08431718880728828,0.07722070631916868,0.2892746581424541,0.0807247188708377,0.0807247188708377,1.0000000000000002,0.08431718880728829,0.10000464813609744
training_prevalence,42,1,known_installment_history,calibrated,43028,0.08431718880728828,0.5,0.08431718880728828,0.07722070631916868,0.2892746581424541,0.0807247188708377,0.0807247188708377,1.0000000000000002,0.08431718880728829,0.10000464813609744
training_prevalence,42,1,no_installment_history,raw,2714,0.0630066322770818,0.5,0.0630066322770818,0.059350727158726226,0.23743586017569435,0.0807247188708377,0.0807247188708377,1.0,0.0630066322770818,0.10022107590272664
training_prevalence,42,1,no_installment_history,calibrated,2714,0.0630066322770818,0.5,0.0630066322770818,0.059350727158726226,0.23743586017569435,0.0807247188708377,0.0807247188708377,1.0,0.0630066322770818,0.10022107590272664
training_prevalence,42,2,ambiguous_or_unknown_history,raw,6544,0.06754278728606357,0.5,0.06754278728606357,0.06315470265169236,0.24847145608651172,0.0807315506852309,0.0807315506852309,1.0000000000000002,0.06754278728606358,0.1000916870415648
training_prevalence,42,2,ambiguous_or_unknown_history,calibrated,6544,0.06754278728606357,0.5,0.06754278728606357,0.06315470265169236,0.24847145608651172,0.0807315506852309,0.0807315506852309,1.0000000000000002,0.06754278728606358,0.1000916870415648
training_prevalence,42,2,known_installment_history,raw,43111,0.08422444387743268,0.5,0.08422444387743268,0.077142887233822,0.2890487304503299,0.0807315506852309,0.0807315506852309,0.9999999999999997,0.08422444387743265,0.10002087634246477
training_prevalence,42,2,known_installment_history,calibrated,43111,0.08422444387743268,0.5,0.08422444387743268,0.077142887233822,0.2890487304503299,0.0807315506852309,0.0807315506852309,0.9999999999999997,0.08422444387743265,0.10002087634246477
training_prevalence,42,2,no_installment_history,raw,2622,0.05606407322654462,0.5,0.05606407322654462,0.05352937736396807,0.2205500726683982,0.0807315506852309,0.0807315506852309,1.0000000000000002,0.056064073226544636,0.10030511060259344
training_prevalence,42,2,no_installment_history,calibrated,2622,0.05606407322654462,0.5,0.05606407322654462,0.05352937736396807,0.2205500726683982,0.0807315506852309,0.0807315506852309,1.0000000000000002,0.056064073226544636,0.10030511060259344
training_prevalence,42,3,ambiguous_or_unknown_history,raw,6408,0.06835205992509363,0.5,0.06835205992509363,0.06383330762057038,0.25043997028827536,0.0807315506852309,0.0807315506852309,1.0,0.06835205992509363,0.10003121098626712
training_prevalence,42,3,ambiguous_or_unknown_history,calibrated,6408,0.06835205992509363,0.5,0.06835205992509363,0.06383330762057038,0.25043997028827536,0.0807315506852309,0.0807315506852309,1.0,0.06835205992509363,0.10003121098626712
training_prevalence,42,3,known_installment_history,raw,43173,0.08336228661431913,0.5,0.08336228661431913,0.07641993655627985,0.2869515771119608,0.0807315506852309,0.0807315506852309,0.9999999999999999,0.08336228661431912,0.10001621383735207
training_prevalence,42,3,known_installment_history,calibrated,43173,0.08336228661431913,0.5,0.08336228661431913,0.07641993655627985,0.2869515771119608,0.0807315506852309,0.0807315506852309,0.9999999999999999,0.08336228661431912,0.10001621383735207
training_prevalence,42,3,no_installment_history,raw,2696,0.06787833827893175,0.5,0.06787833827893175,0.06343607454058411,0.2492876666724381,0.0807315506852309,0.0807315506852309,1.0,0.06787833827893175,0.10014836795252227
training_prevalence,42,3,no_installment_history,calibrated,2696,0.06787833827893175,0.5,0.06787833827893175,0.06343607454058411,0.2492876666724381,0.0807315506852309,0.0807315506852309,1.0,0.06787833827893175,0.10014836795252227
training_prevalence,42,4,ambiguous_or_unknown_history,raw,6584,0.0666767922235723,0.5,0.0666767922235723,0.062428533837762444,0.2463649674979263,0.0807315506852309,0.0807315506852309,1.0000000000000002,0.06667679222357231,0.1000911300121507
training_prevalence,42,4,ambiguous_or_unknown_history,calibrated,6584,0.0666767922235723,0.5,0.0666767922235723,0.062428533837762444,0.2463649674979263,0.0807315506852309,0.0807315506852309,1.0000000000000002,0.06667679222357231,0.1000911300121507
training_prevalence,42,4,known_installment_history,raw,42973,0.08465780839131548,0.5,0.08465780839131548,0.07750627936926938,0.2901028674110718,0.0807315506852309,0.0807315506852309,1.0,0.08465780839131548,0.10001628929793124
training_prevalence,42,4,known_installment_history,calibrated,42973,0.08465780839131548,0.5,0.08465780839131548,0.07750627936926938,0.2901028674110718,0.0807315506852309,0.0807315506852309,1.0,0.08465780839131548,0.10001628929793124
training_prevalence,42,4,no_installment_history,raw,2720,0.052573529411764706,0.5,0.052573529411764706,0.050602427578992,0.21205950380459998,0.0807315506852309,0.0807315506852309,1.0000000000000002,0.05257352941176471,0.09999999999999999
training_prevalence,42,4,no_installment_history,calibrated,2720,0.052573529411764706,0.5,0.052573529411764706,0.050602427578992,0.21205950380459998,0.0807315506852309,0.0807315506852309,1.0000000000000002,0.05257352941176471,0.09999999999999999
training_prevalence,42,5,ambiguous_or_unknown_history,raw,6545,0.06737967914438503,0.5,0.06737967914438503,0.06301791572857104,0.2480746046687389,0.080730999146029,0.080730999146029,1.0,0.06737967914438503,0.10007639419404127
training_prevalence,42,5,ambiguous_or_unknown_history,calibrated,6545,0.06737967914438503,0.5,0.06737967914438503,0.06301791572857104,0.2480746046687389,0.080730999146029,0.080730999146029,1.0,0.06737967914438503,0.10007639419404127
training_prevalence,42,5,known_installment_history,raw,43043,0.08379992100922333,0.5,0.08379992100922333,0.07678691252947366,0.28801612314482683,0.080730999146029,0.080730999146029,1.0,0.08379992100922333,0.1000162628069605
training_prevalence,42,5,known_installment_history,calibrated,43043,0.08379992100922333,0.5,0.08379992100922333,0.07678691252947366,0.28801612314482683,0.080730999146029,0.080730999146029,1.0,0.08379992100922333,0.1000162628069605
training_prevalence,42,5,no_installment_history,raw,2688,0.06398809523809523,0.5,0.06398809523809523,0.06017394373716598,0.23982472550305156,0.080730999146029,0.080730999146029,1.0000000000000002,0.06398809523809525,0.10007440476190477
training_prevalence,42,5,no_installment_history,calibrated,2688,0.06398809523809523,0.5,0.06398809523809523,0.06017394373716598,0.23982472550305156,0.080730999146029,0.080730999146029,1.0000000000000002,0.06398809523809525,0.10007440476190477
