workflow,model_family,split_seed,score_kind,metric_name,fold_count,fold_mean,fold_std
application_only,lightgbm,42,calibrated,brier_score,5,0.07428293768431957,7.253036766463668e-05
application_only,lightgbm,42,calibrated,log_loss,5,0.280969556441578,0.0005182052861035336
application_only,lightgbm,42,calibrated,max_predicted_probability,5,0.09464777636385296,0.00901166258506631
application_only,lightgbm,42,calibrated,min_predicted_probability,5,0.06864034310428119,0.008045303333206957
application_only,lightgbm,42,calibrated,pr_auc,5,0.07898307239957597,0.002393702525626068
application_only,lightgbm,42,calibrated,precision_at_top_decile,5,0.08099999999999999,0.008023403267940607
application_only,lightgbm,42,calibrated,recall_at_manual_review_capacity,5,0.10030959752321982,0.0099361031181927
application_only,lightgbm,42,calibrated,roc_auc,5,0.4868819732063846,0.017044399734687358
application_only,lightgbm,42,calibrated,top_decile_lift,5,1.0030959752321982,0.09936103118192703
application_only,lightgbm,42,raw,balanced_utility_per_applicant,5,405.23249999999996,11.829599396217956
application_only,lightgbm,42,raw,brier_score,5,0.1094232917813682,0.013266200192914496
application_only,lightgbm,42,raw,log_loss,5,0.38059057120314266,0.03261994032279674
application_only,lightgbm,42,raw,max_predicted_probability,5,0.7843017062574786,0.03247611543816359
application_only,lightgbm,42,raw,min_predicted_probability,5,0.006207239488492253,0.006443452652398899
application_only,lightgbm,42,raw,pr_auc,5,0.08235783974769707,0.004612555558611952
application_only,lightgbm,42,raw,precision_at_top_decile,5,0.08449999999999999,0.008551315688243535
application_only,lightgbm,42,raw,recall_at_manual_review_capacity,5,0.10464396284829722,0.010589864629403757
application_only,lightgbm,42,raw,roc_auc,5,0.49257765829089034,0.020898586087456667
application_only,lightgbm,42,raw,top_decile_lift,5,1.0464396284829722,0.10589864629403757
history_selected,lightgbm,42,calibrated,brier_score,5,0.07429971073169923,9.376303105762131e-05
history_selected,lightgbm,42,calibrated,log_loss,5,0.28107628870430246,0.000640821410051088
history_selected,lightgbm,42,calibrated,max_predicted_probability,5,0.10930452176090244,0.039501312964742685
history_selected,lightgbm,42,calibrated,min_predicted_probability,5,0.064462820640342,0.013139008987852644
history_selected,lightgbm,42,calibrated,pr_auc,5,0.08297357157923706,0.004446557466580954
history_selected,lightgbm,42,calibrated,precision_at_top_decile,5,0.0775,0.01103970108290981
history_selected,lightgbm,42,calibrated,recall_at_manual_review_capacity,5,0.09597523219814243,0.013671456449423912
history_selected,lightgbm,42,calibrated,roc_auc,5,0.49908350039699545,0.015407707088084765
history_selected,lightgbm,42,calibrated,top_decile_lift,5,0.9597523219814242,0.1367145644942391
history_selected,lightgbm,42,raw,balanced_utility_per_applicant,5,415.7174999999999,6.524913792533968
history_selected,lightgbm,42,raw,brier_score,5,0.11198861955946757,0.0401247336190875
history_selected,lightgbm,42,raw,log_loss,5,0.38617182129900157,0.09311854016795039
history_selected,lightgbm,42,raw,max_predicted_probability,5,0.7420124809999298,0.052516822428321806
history_selected,lightgbm,42,raw,min_predicted_probability,5,0.007659594133472211,0.011384489019832265
history_selected,lightgbm,42,raw,pr_auc,5,0.08239561384373517,0.003955294800508304
history_selected,lightgbm,42,raw,precision_at_top_decile,5,0.0805,0.01671451465044678
history_selected,lightgbm,42,raw,recall_at_manual_review_capacity,5,0.0996904024767802,0.02069908935039849
history_selected,lightgbm,42,raw,roc_auc,5,0.5017450118761846,0.015317998206523934
history_selected,lightgbm,42,raw,top_decile_lift,5,0.9969040247678018,0.20699089350398492
logistic_fixed,logistic_regression,42,calibrated,brier_score,5,0.07425127897328972,2.9451747208053165e-05
logistic_fixed,logistic_regression,42,calibrated,log_loss,5,0.2807626504545377,0.00022905584118669447
logistic_fixed,logistic_regression,42,calibrated,max_predicted_probability,5,0.1243041586155611,0.03528687090477102
logistic_fixed,logistic_regression,42,calibrated,min_predicted_probability,5,0.05383910248462298,0.015523460318352946
logistic_fixed,logistic_regression,42,calibrated,pr_auc,5,0.08264103954845771,0.004729104268765701
logistic_fixed,logistic_regression,42,calibrated,precision_at_top_decile,5,0.085,0.007905694150420948
logistic_fixed,logistic_regression,42,calibrated,recall_at_manual_review_capacity,5,0.10526315789473684,0.0097903333132148
logistic_fixed,logistic_regression,42,calibrated,roc_auc,5,0.495735771943577,0.016350129585213653
logistic_fixed,logistic_regression,42,calibrated,top_decile_lift,5,1.0526315789473686,0.09790333313214793
logistic_fixed,logistic_regression,42,raw,balanced_utility_per_applicant,5,406.595,7.618909452802295
logistic_fixed,logistic_regression,42,raw,brier_score,5,0.24504176660217905,0.0023749573871560343
logistic_fixed,logistic_regression,42,raw,log_loss,5,0.6904393651085121,0.006018265929062292
logistic_fixed,logistic_regression,42,raw,max_predicted_probability,5,0.9897168985497974,0.010498421374582305
logistic_fixed,logistic_regression,42,raw,min_predicted_probability,5,4.107876173994003e-09,9.185490360889197e-09
logistic_fixed,logistic_regression,42,raw,pr_auc,5,0.08203829484825007,0.003894575801855814
logistic_fixed,logistic_regression,42,raw,precision_at_top_decile,5,0.084,0.004183300132670376
logistic_fixed,logistic_regression,42,raw,recall_at_manual_review_capacity,5,0.10402476780185758,0.005180557439839479
logistic_fixed,logistic_regression,42,raw,roc_auc,5,0.4882565963132889,0.010847754268723317
logistic_fixed,logistic_regression,42,raw,top_decile_lift,5,1.0402476780185759,0.05180557439839471
training_prevalence,prevalence,42,calibrated,brier_score,5,0.0742294387755102,6.938893903907228e-18
training_prevalence,prevalence,42,calibrated,log_loss,5,0.2805973301595891,0.0
training_prevalence,prevalence,42,calibrated,max_predicted_probability,5,0.08071428571428571,0.0
training_prevalence,prevalence,42,calibrated,min_predicted_probability,5,0.08071428571428571,0.0
training_prevalence,prevalence,42,calibrated,pr_auc,5,0.08075,0.0
training_prevalence,prevalence,42,calibrated,precision_at_top_decile,5,0.08074999999999997,0.0
training_prevalence,prevalence,42,calibrated,recall_at_manual_review_capacity,5,0.09999999999999999,0.0
training_prevalence,prevalence,42,calibrated,roc_auc,5,0.5,0.0
training_prevalence,prevalence,42,calibrated,top_decile_lift,5,0.9999999999999997,0.0
training_prevalence,prevalence,42,raw,brier_score,5,0.0742294387755102,6.938893903907228e-18
training_prevalence,prevalence,42,raw,log_loss,5,0.2805973301595891,0.0
training_prevalence,prevalence,42,raw,max_predicted_probability,5,0.08071428571428571,0.0
training_prevalence,prevalence,42,raw,min_predicted_probability,5,0.08071428571428571,0.0
training_prevalence,prevalence,42,raw,pr_auc,5,0.08075,0.0
training_prevalence,prevalence,42,raw,precision_at_top_decile,5,0.08074999999999997,0.0
training_prevalence,prevalence,42,raw,recall_at_manual_review_capacity,5,0.09999999999999999,0.0
training_prevalence,prevalence,42,raw,roc_auc,5,0.5,0.0
training_prevalence,prevalence,42,raw,top_decile_lift,5,0.9999999999999997,0.0
