run_id,workflow,model_family,split_seed,outer_fold,model_seed,feature_set,calibration_method,created_at,score_kind,bin_id,applicant_count,average_predicted_score,observed_default_rate,calibration_error
f6b58bf8335645b3a1ece2ca3502e173,history_selected,lightgbm,42,1,42,full,sigmoid,2026-10-04T21:41:10Z,raw,1,5228,0.04999506071998989,0.01224177505738332,-0.037753285662606564
f6b58bf8335645b3a1ece2ca3502e173,history_selected,lightgbm,42,1,42,full,sigmoid,2026-10-04T21:41:10Z,raw,2,5227,0.09979971092528755,0.019322747273770806,-0.08047696365151674
f6b58bf8335645b3a1ece2ca3502e173,history_selected,lightgbm,42,1,42,full,sigmoid,2026-10-04T21:41:10Z,raw,3,5228,0.14610689516284942,0.01931905126243305,-0.12678784390041636
f6b58bf8335645b3a1ece2ca3502e173,history_selected,lightgbm,42,1,42,full,sigmoid,2026-10-04T21:41:10Z,raw,4,5228,0.19713377170482924,0.03136954858454476,-0.1657642231202845
f6b58bf8335645b3a1ece2ca3502e173,history_selected,lightgbm,42,1,42,full,sigmoid,2026-10-04T21:41:10Z,raw,5,5228,0.25671934184810047,0.04188982402448355,-0.21482951782361692
f6b58bf8335645b3a1ece2ca3502e173,history_selected,lightgbm,42,1,42,full,sigmoid,2026-10-04T21:41:10Z,raw,6,5227,0.32707795435645765,0.0627511000573943,-0.26432685429906333
f6b58bf8335645b3a1ece2ca3502e173,history_selected,lightgbm,42,1,42,full,sigmoid,2026-10-04T21:41:10Z,raw,7,5228,0.4089341606017475,0.0757459831675593,-0.33318817743418816
f6b58bf8335645b3a1ece2ca3502e173,history_selected,lightgbm,42,1,42,full,sigmoid,2026-10-04T21:41:10Z,raw,8,5228,0.5054716387836804,0.10195103289977046,-0.4035206058839099
f6b58bf8335645b3a1ece2ca3502e173,history_selected,lightgbm,42,1,42,full,sigmoid,2026-10-04T21:41:10Z,raw,9,5227,0.6206793804347335,0.15305146355462024,-0.46762791688011324
f6b58bf8335645b3a1ece2ca3502e173,history_selected,lightgbm,42,1,42,full,sigmoid,2026-10-04T21:41:10Z,raw,10,5228,0.7730081129382992,0.28978576893649577,-0.4832223440018034
f6b58bf8335645b3a1ece2ca3502e173,history_selected,lightgbm,42,1,42,full,sigmoid,2026-10-04T21:41:10Z,calibrated,1,5228,0.0079274480333628,0.01224177505738332,0.00431432702402052
f6b58bf8335645b3a1ece2ca3502e173,history_selected,lightgbm,42,1,42,full,sigmoid,2026-10-04T21:41:10Z,calibrated,2,5227,0.015619004024468492,0.019322747273770806,0.003703743249302314
f6b58bf8335645b3a1ece2ca3502e173,history_selected,lightgbm,42,1,42,full,sigmoid,2026-10-04T21:41:10Z,calibrated,3,5228,0.023099589635883936,0.01931905126243305,-0.0037805383734508848
f6b58bf8335645b3a1ece2ca3502e173,history_selected,lightgbm,42,1,42,full,sigmoid,2026-10-04T21:41:10Z,calibrated,4,5228,0.03190903283102551,0.03136954858454476,-0.0005394842464807523
f6b58bf8335645b3a1ece2ca3502e173,history_selected,lightgbm,42,1,42,full,sigmoid,2026-10-04T21:41:10Z,calibrated,5,5228,0.043177125007080486,0.04188982402448355,-0.0012873009825969325
f6b58bf8335645b3a1ece2ca3502e173,history_selected,lightgbm,42,1,42,full,sigmoid,2026-10-04T21:41:10Z,calibrated,6,5227,0.05820198602205932,0.0627511000573943,0.004549114035334985
f6b58bf8335645b3a1ece2ca3502e173,history_selected,lightgbm,42,1,42,full,sigmoid,2026-10-04T21:41:10Z,calibrated,7,5228,0.07883916246135539,0.0757459831675593,-0.003093179293796086
f6b58bf8335645b3a1ece2ca3502e173,history_selected,lightgbm,42,1,42,full,sigmoid,2026-10-04T21:41:10Z,calibrated,8,5228,0.10931326402492866,0.10195103289977046,-0.0073622311251582
f6b58bf8335645b3a1ece2ca3502e173,history_selected,lightgbm,42,1,42,full,sigmoid,2026-10-04T21:41:10Z,calibrated,9,5227,0.1597094379731134,0.15305146355462024,-0.006657974418493168
f6b58bf8335645b3a1ece2ca3502e173,history_selected,lightgbm,42,1,42,full,sigmoid,2026-10-04T21:41:10Z,calibrated,10,5228,0.28176338518742666,0.28978576893649577,0.008022383749069106
f6b58bf8335645b3a1ece2ca3502e173,training_prevalence,prevalence,42,1,42,training_prevalence,uncalibrated,2026-10-04T21:41:10Z,raw,1,0,,,
f6b58bf8335645b3a1ece2ca3502e173,training_prevalence,prevalence,42,1,42,training_prevalence,uncalibrated,2026-10-04T21:41:10Z,raw,2,0,,,
f6b58bf8335645b3a1ece2ca3502e173,training_prevalence,prevalence,42,1,42,training_prevalence,uncalibrated,2026-10-04T21:41:10Z,raw,3,0,,,
f6b58bf8335645b3a1ece2ca3502e173,training_prevalence,prevalence,42,1,42,training_prevalence,uncalibrated,2026-10-04T21:41:10Z,raw,4,0,,,
f6b58bf8335645b3a1ece2ca3502e173,training_prevalence,prevalence,42,1,42,training_prevalence,uncalibrated,2026-10-04T21:41:10Z,raw,5,52277,0.08072471887083774,0.08074296535761424,1.824648677650753e-05
f6b58bf8335645b3a1ece2ca3502e173,training_prevalence,prevalence,42,1,42,training_prevalence,uncalibrated,2026-10-04T21:41:10Z,raw,6,0,,,
f6b58bf8335645b3a1ece2ca3502e173,training_prevalence,prevalence,42,1,42,training_prevalence,uncalibrated,2026-10-04T21:41:10Z,raw,7,0,,,
f6b58bf8335645b3a1ece2ca3502e173,training_prevalence,prevalence,42,1,42,training_prevalence,uncalibrated,2026-10-04T21:41:10Z,raw,8,0,,,
f6b58bf8335645b3a1ece2ca3502e173,training_prevalence,prevalence,42,1,42,training_prevalence,uncalibrated,2026-10-04T21:41:10Z,raw,9,0,,,
f6b58bf8335645b3a1ece2ca3502e173,training_prevalence,prevalence,42,1,42,training_prevalence,uncalibrated,2026-10-04T21:41:10Z,raw,10,0,,,
f6b58bf8335645b3a1ece2ca3502e173,training_prevalence,prevalence,42,1,42,training_prevalence,uncalibrated,2026-10-04T21:41:10Z,calibrated,1,0,,,
f6b58bf8335645b3a1ece2ca3502e173,training_prevalence,prevalence,42,1,42,training_prevalence,uncalibrated,2026-10-04T21:41:10Z,calibrated,2,0,,,
f6b58bf8335645b3a1ece2ca3502e173,training_prevalence,prevalence,42,1,42,training_prevalence,uncalibrated,2026-10-04T21:41:10Z,calibrated,3,0,,,
f6b58bf8335645b3a1ece2ca3502e173,training_prevalence,prevalence,42,1,42,training_prevalence,uncalibrated,2026-10-04T21:41:10Z,calibrated,4,0,,,
f6b58bf8335645b3a1ece2ca3502e173,training_prevalence,prevalence,42,1,42,training_prevalence,uncalibrated,2026-10-04T21:41:10Z,calibrated,5,52277,0.08072471887083774,0.08074296535761424,1.824648677650753e-05
f6b58bf8335645b3a1ece2ca3502e173,training_prevalence,prevalence,42,1,42,training_prevalence,uncalibrated,2026-10-04T21:41:10Z,calibrated,6,0,,,
f6b58bf8335645b3a1ece2ca3502e173,training_prevalence,prevalence,42,1,42,training_prevalence,uncalibrated,2026-10-04T21:41:10Z,calibrated,7,0,,,
f6b58bf8335645b3a1ece2ca3502e173,training_prevalence,prevalence,42,1,42,training_prevalence,uncalibrated,2026-10-04T21:41:10Z,calibrated,8,0,,,
f6b58bf8335645b3a1ece2ca3502e173,training_prevalence,prevalence,42,1,42,training_prevalence,uncalibrated,2026-10-04T21:41:10Z,calibrated,9,0,,,
f6b58bf8335645b3a1ece2ca3502e173,training_prevalence,prevalence,42,1,42,training_prevalence,uncalibrated,2026-10-04T21:41:10Z,calibrated,10,0,,,
f6b58bf8335645b3a1ece2ca3502e173,logistic_fixed,logistic_regression,42,1,42,logistic_fixed,sigmoid,2026-10-04T21:41:10Z,raw,1,5228,0.10003895986050093,0.009755164498852333,-0.0902837953616486
f6b58bf8335645b3a1ece2ca3502e173,logistic_fixed,logistic_regression,42,1,42,logistic_fixed,sigmoid,2026-10-04T21:41:10Z,raw,2,5227,0.17277453439841234,0.020088004591543907,-0.15268652980686842
f6b58bf8335645b3a1ece2ca3502e173,logistic_fixed,logistic_regression,42,1,42,logistic_fixed,sigmoid,2026-10-04T21:41:10Z,raw,3,5228,0.2318046122423572,0.023909716908951797,-0.2078948953334054
f6b58bf8335645b3a1ece2ca3502e173,logistic_fixed,logistic_regression,42,1,42,logistic_fixed,sigmoid,2026-10-04T21:41:10Z,raw,4,5228,0.28924969756138175,0.03442999234889059,-0.25481970521249114
f6b58bf8335645b3a1ece2ca3502e173,logistic_fixed,logistic_regression,42,1,42,logistic_fixed,sigmoid,2026-10-04T21:41:10Z,raw,5,5228,0.34914352188301195,0.04475899005355777,-0.3043845318294542
f6b58bf8335645b3a1ece2ca3502e173,logistic_fixed,logistic_regression,42,1,42,logistic_fixed,sigmoid,2026-10-04T21:41:10Z,raw,6,5227,0.41217121050040617,0.06236847139850775,-0.3498027391018984
f6b58bf8335645b3a1ece2ca3502e173,logistic_fixed,logistic_regression,42,1,42,logistic_fixed,sigmoid,2026-10-04T21:41:10Z,raw,7,5228,0.4834039145195317,0.07631981637337414,-0.40708409814615754
f6b58bf8335645b3a1ece2ca3502e173,logistic_fixed,logistic_regression,42,1,42,logistic_fixed,sigmoid,2026-10-04T21:41:10Z,raw,8,5228,0.5652488460107152,0.10615914307574598,-0.45908970293496926
f6b58bf8335645b3a1ece2ca3502e173,logistic_fixed,logistic_regression,42,1,42,logistic_fixed,sigmoid,2026-10-04T21:41:10Z,raw,9,5227,0.6626776131868158,0.15477329251960972,-0.5079043206672061
f6b58bf8335645b3a1ece2ca3502e173,logistic_fixed,logistic_regression,42,1,42,logistic_fixed,sigmoid,2026-10-04T21:41:10Z,raw,10,5228,0.8074105164510622,0.2748661055853099,-0.5325444108657523
f6b58bf8335645b3a1ece2ca3502e173,logistic_fixed,logistic_regression,42,1,42,logistic_fixed,sigmoid,2026-10-04T21:41:10Z,calibrated,1,5228,0.011129425707807838,0.009755164498852333,-0.0013742612089555056
f6b58bf8335645b3a1ece2ca3502e173,logistic_fixed,logistic_regression,42,1,42,logistic_fixed,sigmoid,2026-10-04T21:41:10Z,calibrated,2,5227,0.019955790714908102,0.020088004591543907,0.0001322138766358047
f6b58bf8335645b3a1ece2ca3502e173,logistic_fixed,logistic_regression,42,1,42,logistic_fixed,sigmoid,2026-10-04T21:41:10Z,calibrated,3,5228,0.028031283043432043,0.023909716908951797,-0.0041215661344802465
f6b58bf8335645b3a1ece2ca3502e173,logistic_fixed,logistic_regression,42,1,42,logistic_fixed,sigmoid,2026-10-04T21:41:10Z,calibrated,4,5228,0.03687019926336569,0.03442999234889059,-0.0024402069144751
f6b58bf8335645b3a1ece2ca3502e173,logistic_fixed,logistic_regression,42,1,42,logistic_fixed,sigmoid,2026-10-04T21:41:10Z,calibrated,5,5228,0.04737909833285506,0.04475899005355777,-0.0026201082792972896
f6b58bf8335645b3a1ece2ca3502e173,logistic_fixed,logistic_regression,42,1,42,logistic_fixed,sigmoid,2026-10-04T21:41:10Z,calibrated,6,5227,0.06024804094571743,0.06236847139850775,0.0021204304527903187
f6b58bf8335645b3a1ece2ca3502e173,logistic_fixed,logistic_regression,42,1,42,logistic_fixed,sigmoid,2026-10-04T21:41:10Z,calibrated,7,5228,0.07777399856443933,0.07631981637337414,-0.0014541821910651898
f6b58bf8335645b3a1ece2ca3502e173,logistic_fixed,logistic_regression,42,1,42,logistic_fixed,sigmoid,2026-10-04T21:41:10Z,calibrated,8,5228,0.10340933163380191,0.10615914307574598,0.0027498114419440695
f6b58bf8335645b3a1ece2ca3502e173,logistic_fixed,logistic_regression,42,1,42,logistic_fixed,sigmoid,2026-10-04T21:41:10Z,calibrated,9,5227,0.14635392367300115,0.15477329251960972,0.008419368846608571
f6b58bf8335645b3a1ece2ca3502e173,logistic_fixed,logistic_regression,42,1,42,logistic_fixed,sigmoid,2026-10-04T21:41:10Z,calibrated,10,5228,0.27787059490073285,0.2748661055853099,-0.0030044893154229646
f6b58bf8335645b3a1ece2ca3502e173,application_only,lightgbm,42,1,42,application_only,sigmoid,2026-10-04T21:41:10Z,raw,1,5228,0.06423157478920243,0.013006885998469778,-0.05122468879073265
f6b58bf8335645b3a1ece2ca3502e173,application_only,lightgbm,42,1,42,application_only,sigmoid,2026-10-04T21:41:10Z,raw,2,5227,0.13097385528465638,0.022575090874306484,-0.1083987644103499
f6b58bf8335645b3a1ece2ca3502e173,application_only,lightgbm,42,1,42,application_only,sigmoid,2026-10-04T21:41:10Z,raw,3,5228,0.18985488844651327,0.029456771231828615,-0.16039811721468467
f6b58bf8335645b3a1ece2ca3502e173,application_only,lightgbm,42,1,42,application_only,sigmoid,2026-10-04T21:41:10Z,raw,4,5228,0.25088530802484604,0.04055087987758225,-0.2103344281472638
f6b58bf8335645b3a1ece2ca3502e173,application_only,lightgbm,42,1,42,application_only,sigmoid,2026-10-04T21:41:10Z,raw,5,5228,0.31491378862674874,0.04724560061208875,-0.26766818801465997
f6b58bf8335645b3a1ece2ca3502e173,application_only,lightgbm,42,1,42,application_only,sigmoid,2026-10-04T21:41:10Z,raw,6,5227,0.38453069468777085,0.06523818634015688,-0.31929250834761397
f6b58bf8335645b3a1ece2ca3502e173,application_only,lightgbm,42,1,42,application_only,sigmoid,2026-10-04T21:41:10Z,raw,7,5228,0.4614828496579228,0.08224942616679419,-0.3792334234911286
f6b58bf8335645b3a1ece2ca3502e173,application_only,lightgbm,42,1,42,application_only,sigmoid,2026-10-04T21:41:10Z,raw,8,5228,0.547957238165739,0.10424636572302984,-0.44371087244270924
f6b58bf8335645b3a1ece2ca3502e173,application_only,lightgbm,42,1,42,application_only,sigmoid,2026-10-04T21:41:10Z,raw,9,5227,0.6510602640226522,0.14922517696575474,-0.5018350870568974
f6b58bf8335645b3a1ece2ca3502e173,application_only,lightgbm,42,1,42,application_only,sigmoid,2026-10-04T21:41:10Z,raw,10,5228,0.7865852908922066,0.25363427697016067,-0.5329510139220459
f6b58bf8335645b3a1ece2ca3502e173,application_only,lightgbm,42,1,42,application_only,sigmoid,2026-10-04T21:41:10Z,calibrated,1,5228,0.01006357737093402,0.013006885998469778,0.002943308627535758
f6b58bf8335645b3a1ece2ca3502e173,application_only,lightgbm,42,1,42,application_only,sigmoid,2026-10-04T21:41:10Z,calibrated,2,5227,0.019772560446495967,0.022575090874306484,0.002802530427810517
f6b58bf8335645b3a1ece2ca3502e173,application_only,lightgbm,42,1,42,application_only,sigmoid,2026-10-04T21:41:10Z,calibrated,3,5228,0.02873021942448421,0.029456771231828615,0.0007265518073444055
f6b58bf8335645b3a1ece2ca3502e173,application_only,lightgbm,42,1,42,application_only,sigmoid,2026-10-04T21:41:10Z,calibrated,4,5228,0.03875413466347314,0.04055087987758225,0.0017967452141091078
f6b58bf8335645b3a1ece2ca3502e173,application_only,lightgbm,42,1,42,application_only,sigmoid,2026-10-04T21:41:10Z,calibrated,5,5228,0.05038913968116565,0.04724560061208875,-0.0031435390690768977
f6b58bf8335645b3a1ece2ca3502e173,application_only,lightgbm,42,1,42,application_only,sigmoid,2026-10-04T21:41:10Z,calibrated,6,5227,0.06477422455356029,0.06523818634015688,0.00046396178659659226
f6b58bf8335645b3a1ece2ca3502e173,application_only,lightgbm,42,1,42,application_only,sigmoid,2026-10-04T21:41:10Z,calibrated,7,5228,0.08353348271448637,0.08224942616679419,-0.001284056547692175
f6b58bf8335645b3a1ece2ca3502e173,application_only,lightgbm,42,1,42,application_only,sigmoid,2026-10-04T21:41:10Z,calibrated,8,5228,0.10978608151958467,0.10424636572302984,-0.005539715796554837
f6b58bf8335645b3a1ece2ca3502e173,application_only,lightgbm,42,1,42,application_only,sigmoid,2026-10-04T21:41:10Z,calibrated,9,5227,0.1525139432534959,0.14922517696575474,-0.0032887662877411628
f6b58bf8335645b3a1ece2ca3502e173,application_only,lightgbm,42,1,42,application_only,sigmoid,2026-10-04T21:41:10Z,calibrated,10,5228,0.25313684075274595,0.25363427697016067,0.0004974362174147151
f6b58bf8335645b3a1ece2ca3502e173,history_selected,lightgbm,42,2,42,top_80,sigmoid,2026-10-04T21:41:10Z,raw,1,5228,0.050645794306966016,0.007459831675592961,-0.04318596263137305
f6b58bf8335645b3a1ece2ca3502e173,history_selected,lightgbm,42,2,42,top_80,sigmoid,2026-10-04T21:41:10Z,raw,2,5227,0.0984514601987956,0.017600918308781327,-0.08085054189001427
f6b58bf8335645b3a1ece2ca3502e173,history_selected,lightgbm,42,2,42,top_80,sigmoid,2026-10-04T21:41:10Z,raw,3,5228,0.14479389879506924,0.02735271614384086,-0.11744118265122838
f6b58bf8335645b3a1ece2ca3502e173,history_selected,lightgbm,42,2,42,top_80,sigmoid,2026-10-04T21:41:10Z,raw,4,5228,0.19677356193380655,0.0346212700841622,-0.16215229184964436
f6b58bf8335645b3a1ece2ca3502e173,history_selected,lightgbm,42,2,42,top_80,sigmoid,2026-10-04T21:41:10Z,raw,5,5228,0.25672205278711424,0.04495026778882938,-0.21177178499828486
f6b58bf8335645b3a1ece2ca3502e173,history_selected,lightgbm,42,2,42,top_80,sigmoid,2026-10-04T21:41:10Z,raw,6,5227,0.3273929221587426,0.05777692749186914,-0.26961599466687347
f6b58bf8335645b3a1ece2ca3502e173,history_selected,lightgbm,42,2,42,top_80,sigmoid,2026-10-04T21:41:10Z,raw,7,5228,0.4098179232396987,0.07134659525631216,-0.3384713279833865
f6b58bf8335645b3a1ece2ca3502e173,history_selected,lightgbm,42,2,42,top_80,sigmoid,2026-10-04T21:41:10Z,raw,8,5228,0.5073285624375263,0.10711553175210406,-0.40021303068542224
f6b58bf8335645b3a1ece2ca3502e173,history_selected,lightgbm,42,2,42,top_80,sigmoid,2026-10-04T21:41:10Z,raw,9,5227,0.6226575697953493,0.14999043428352785,-0.4726671355118214
f6b58bf8335645b3a1ece2ca3502e173,history_selected,lightgbm,42,2,42,top_80,sigmoid,2026-10-04T21:41:10Z,raw,10,5228,0.7745543652207362,0.2890206579954093,-0.48553370722532685
f6b58bf8335645b3a1ece2ca3502e173,history_selected,lightgbm,42,2,42,top_80,sigmoid,2026-10-04T21:41:10Z,calibrated,1,5228,0.00816990767358145,0.007459831675592961,-0.0007100759979884888
f6b58bf8335645b3a1ece2ca3502e173,history_selected,lightgbm,42,2,42,top_80,sigmoid,2026-10-04T21:41:10Z,calibrated,2,5227,0.015570350108659144,0.017600918308781327,0.0020305682001221827
f6b58bf8335645b3a1ece2ca3502e173,history_selected,lightgbm,42,2,42,top_80,sigmoid,2026-10-04T21:41:10Z,calibrated,3,5228,0.023020731447327417,0.02735271614384086,0.004331984696513441
f6b58bf8335645b3a1ece2ca3502e173,history_selected,lightgbm,42,2,42,top_80,sigmoid,2026-10-04T21:41:10Z,calibrated,4,5228,0.03191748110182671,0.0346212700841622,0.0027037889823354894
f6b58bf8335645b3a1ece2ca3502e173,history_selected,lightgbm,42,2,42,top_80,sigmoid,2026-10-04T21:41:10Z,calibrated,5,5228,0.04312419010533055,0.04495026778882938,0.0018260776834988293
f6b58bf8335645b3a1ece2ca3502e173,history_selected,lightgbm,42,2,42,top_80,sigmoid,2026-10-04T21:41:10Z,calibrated,6,5227,0.05801291236905889,0.05777692749186914,-0.00023598487718974603
f6b58bf8335645b3a1ece2ca3502e173,history_selected,lightgbm,42,2,42,top_80,sigmoid,2026-10-04T21:41:10Z,calibrated,7,5228,0.07845204284543973,0.07134659525631216,-0.007105447589127567
f6b58bf8335645b3a1ece2ca3502e173,history_selected,lightgbm,42,2,42,top_80,sigmoid,2026-10-04T21:41:10Z,calibrated,8,5228,0.1087567670979241,0.10711553175210406,-0.001641235345820044
f6b58bf8335645b3a1ece2ca3502e173,history_selected,lightgbm,42,2,42,top_80,sigmoid,2026-10-04T21:41:10Z,calibrated,9,5227,0.15835968120600152,0.14999043428352785,-0.008369246922473678
f6b58bf8335645b3a1ece2ca3502e173,history_selected,lightgbm,42,2,42,top_80,sigmoid,2026-10-04T21:41:10Z,calibrated,10,5228,0.2772734784915551,0.2890206579954093,0.011747179503854233
f6b58bf8335645b3a1ece2ca3502e173,training_prevalence,prevalence,42,2,42,training_prevalence,uncalibrated,2026-10-04T21:41:10Z,raw,1,0,,,
f6b58bf8335645b3a1ece2ca3502e173,training_prevalence,prevalence,42,2,42,training_prevalence,uncalibrated,2026-10-04T21:41:10Z,raw,2,0,,,
f6b58bf8335645b3a1ece2ca3502e173,training_prevalence,prevalence,42,2,42,training_prevalence,uncalibrated,2026-10-04T21:41:10Z,raw,3,0,,,
f6b58bf8335645b3a1ece2ca3502e173,training_prevalence,prevalence,42,2,42,training_prevalence,uncalibrated,2026-10-04T21:41:10Z,raw,4,0,,,
f6b58bf8335645b3a1ece2ca3502e173,training_prevalence,prevalence,42,2,42,training_prevalence,uncalibrated,2026-10-04T21:41:10Z,raw,5,52277,0.08073155068523097,0.08072383648640893,-7.714198822034168e-06
f6b58bf8335645b3a1ece2ca3502e173,training_prevalence,prevalence,42,2,42,training_prevalence,uncalibrated,2026-10-04T21:41:10Z,raw,6,0,,,
f6b58bf8335645b3a1ece2ca3502e173,training_prevalence,prevalence,42,2,42,training_prevalence,uncalibrated,2026-10-04T21:41:10Z,raw,7,0,,,
f6b58bf8335645b3a1ece2ca3502e173,training_prevalence,prevalence,42,2,42,training_prevalence,uncalibrated,2026-10-04T21:41:10Z,raw,8,0,,,
f6b58bf8335645b3a1ece2ca3502e173,training_prevalence,prevalence,42,2,42,training_prevalence,uncalibrated,2026-10-04T21:41:10Z,raw,9,0,,,
f6b58bf8335645b3a1ece2ca3502e173,training_prevalence,prevalence,42,2,42,training_prevalence,uncalibrated,2026-10-04T21:41:10Z,raw,10,0,,,
f6b58bf8335645b3a1ece2ca3502e173,training_prevalence,prevalence,42,2,42,training_prevalence,uncalibrated,2026-10-04T21:41:10Z,calibrated,1,0,,,
f6b58bf8335645b3a1ece2ca3502e173,training_prevalence,prevalence,42,2,42,training_prevalence,uncalibrated,2026-10-04T21:41:10Z,calibrated,2,0,,,
f6b58bf8335645b3a1ece2ca3502e173,training_prevalence,prevalence,42,2,42,training_prevalence,uncalibrated,2026-10-04T21:41:10Z,calibrated,3,0,,,
f6b58bf8335645b3a1ece2ca3502e173,training_prevalence,prevalence,42,2,42,training_prevalence,uncalibrated,2026-10-04T21:41:10Z,calibrated,4,0,,,
f6b58bf8335645b3a1ece2ca3502e173,training_prevalence,prevalence,42,2,42,training_prevalence,uncalibrated,2026-10-04T21:41:10Z,calibrated,5,52277,0.08073155068523097,0.08072383648640893,-7.714198822034168e-06
f6b58bf8335645b3a1ece2ca3502e173,training_prevalence,prevalence,42,2,42,training_prevalence,uncalibrated,2026-10-04T21:41:10Z,calibrated,6,0,,,
f6b58bf8335645b3a1ece2ca3502e173,training_prevalence,prevalence,42,2,42,training_prevalence,uncalibrated,2026-10-04T21:41:10Z,calibrated,7,0,,,
f6b58bf8335645b3a1ece2ca3502e173,training_prevalence,prevalence,42,2,42,training_prevalence,uncalibrated,2026-10-04T21:41:10Z,calibrated,8,0,,,
f6b58bf8335645b3a1ece2ca3502e173,training_prevalence,prevalence,42,2,42,training_prevalence,uncalibrated,2026-10-04T21:41:10Z,calibrated,9,0,,,
f6b58bf8335645b3a1ece2ca3502e173,training_prevalence,prevalence,42,2,42,training_prevalence,uncalibrated,2026-10-04T21:41:10Z,calibrated,10,0,,,
f6b58bf8335645b3a1ece2ca3502e173,logistic_fixed,logistic_regression,42,2,42,logistic_fixed,sigmoid,2026-10-04T21:41:10Z,raw,1,5228,0.09853619181861772,0.011094108645753635,-0.08744208317286409
f6b58bf8335645b3a1ece2ca3502e173,logistic_fixed,logistic_regression,42,2,42,logistic_fixed,sigmoid,2026-10-04T21:41:10Z,raw,2,5227,0.17151347026613376,0.017792232638224603,-0.15372123762790915
f6b58bf8335645b3a1ece2ca3502e173,logistic_fixed,logistic_regression,42,2,42,logistic_fixed,sigmoid,2026-10-04T21:41:10Z,raw,3,5228,0.22994977257901883,0.028309104820198928,-0.2016406677588199
f6b58bf8335645b3a1ece2ca3502e173,logistic_fixed,logistic_regression,42,2,42,logistic_fixed,sigmoid,2026-10-04T21:41:10Z,raw,4,5228,0.2870872143495781,0.03538638102524866,-0.25170083332432946
f6b58bf8335645b3a1ece2ca3502e173,logistic_fixed,logistic_regression,42,2,42,logistic_fixed,sigmoid,2026-10-04T21:41:10Z,raw,5,5228,0.34636963700042034,0.04322876817138485,-0.30314086882903546
f6b58bf8335645b3a1ece2ca3502e173,logistic_fixed,logistic_regression,42,2,42,logistic_fixed,sigmoid,2026-10-04T21:41:10Z,raw,6,5227,0.41103982935720607,0.061603214080734645,-0.3494366152764714
f6b58bf8335645b3a1ece2ca3502e173,logistic_fixed,logistic_regression,42,2,42,logistic_fixed,sigmoid,2026-10-04T21:41:10Z,raw,7,5228,0.4823104545332626,0.07631981637337414,-0.40599063815988845
f6b58bf8335645b3a1ece2ca3502e173,logistic_fixed,logistic_regression,42,2,42,logistic_fixed,sigmoid,2026-10-04T21:41:10Z,raw,8,5228,0.5637104918719605,0.10386381025248662,-0.45984668161947395
f6b58bf8335645b3a1ece2ca3502e173,logistic_fixed,logistic_regression,42,2,42,logistic_fixed,sigmoid,2026-10-04T21:41:10Z,raw,9,5227,0.6641001638336145,0.1534340922135068,-0.5106660716201077
f6b58bf8335645b3a1ece2ca3502e173,logistic_fixed,logistic_regression,42,2,42,logistic_fixed,sigmoid,2026-10-04T21:41:10Z,raw,10,5228,0.8078994604047384,0.27620504973221116,-0.5316944106725272
f6b58bf8335645b3a1ece2ca3502e173,logistic_fixed,logistic_regression,42,2,42,logistic_fixed,sigmoid,2026-10-04T21:41:10Z,calibrated,1,5228,0.010922667908857535,0.011094108645753635,0.00017144073689609983
f6b58bf8335645b3a1ece2ca3502e173,logistic_fixed,logistic_regression,42,2,42,logistic_fixed,sigmoid,2026-10-04T21:41:10Z,calibrated,2,5227,0.01971080099308077,0.017792232638224603,-0.0019185683548561677
f6b58bf8335645b3a1ece2ca3502e173,logistic_fixed,logistic_regression,42,2,42,logistic_fixed,sigmoid,2026-10-04T21:41:10Z,calibrated,3,5228,0.02762444570245535,0.028309104820198928,0.0006846591177435794
f6b58bf8335645b3a1ece2ca3502e173,logistic_fixed,logistic_regression,42,2,42,logistic_fixed,sigmoid,2026-10-04T21:41:10Z,calibrated,4,5228,0.03631078051774914,0.03538638102524866,-0.0009243994925004842
f6b58bf8335645b3a1ece2ca3502e173,logistic_fixed,logistic_regression,42,2,42,logistic_fixed,sigmoid,2026-10-04T21:41:10Z,calibrated,5,5228,0.046565642427695744,0.04322876817138485,-0.0033368742563108927
f6b58bf8335645b3a1ece2ca3502e173,logistic_fixed,logistic_regression,42,2,42,logistic_fixed,sigmoid,2026-10-04T21:41:10Z,calibrated,6,5227,0.05959673346988411,0.061603214080734645,0.002006480610850535
f6b58bf8335645b3a1ece2ca3502e173,logistic_fixed,logistic_regression,42,2,42,logistic_fixed,sigmoid,2026-10-04T21:41:10Z,calibrated,7,5228,0.07691048796885526,0.07631981637337414,-0.0005906715954811237
f6b58bf8335645b3a1ece2ca3502e173,logistic_fixed,logistic_regression,42,2,42,logistic_fixed,sigmoid,2026-10-04T21:41:10Z,calibrated,8,5228,0.10206006537466121,0.10386381025248662,0.0018037448778254056
f6b58bf8335645b3a1ece2ca3502e173,logistic_fixed,logistic_regression,42,2,42,logistic_fixed,sigmoid,2026-10-04T21:41:10Z,calibrated,9,5227,0.14592936147157004,0.1534340922135068,0.007504730741936749
f6b58bf8335645b3a1ece2ca3502e173,logistic_fixed,logistic_regression,42,2,42,logistic_fixed,sigmoid,2026-10-04T21:41:10Z,calibrated,10,5228,0.2766231218179597,0.27620504973221116,-0.00041807208574856647
f6b58bf8335645b3a1ece2ca3502e173,application_only,lightgbm,42,2,42,application_only,sigmoid,2026-10-04T21:41:10Z,raw,1,5228,0.07218223169968639,0.011667941851568477,-0.060514289848117915
f6b58bf8335645b3a1ece2ca3502e173,application_only,lightgbm,42,2,42,application_only,sigmoid,2026-10-04T21:41:10Z,raw,2,5227,0.1321810611766872,0.02276640520374976,-0.10941465597293745
f6b58bf8335645b3a1ece2ca3502e173,application_only,lightgbm,42,2,42,application_only,sigmoid,2026-10-04T21:41:10Z,raw,3,5228,0.18354066911836947,0.030795715378729917,-0.15274495373963956
f6b58bf8335645b3a1ece2ca3502e173,application_only,lightgbm,42,2,42,application_only,sigmoid,2026-10-04T21:41:10Z,raw,4,5228,0.23557857303492105,0.041124713083397095,-0.19445385995152395
f6b58bf8335645b3a1ece2ca3502e173,application_only,lightgbm,42,2,42,application_only,sigmoid,2026-10-04T21:41:10Z,raw,5,5228,0.2903810270583635,0.0491583779648049,-0.2412226490935586
f6b58bf8335645b3a1ece2ca3502e173,application_only,lightgbm,42,2,42,application_only,sigmoid,2026-10-04T21:41:10Z,raw,6,5227,0.35006721200399266,0.05892481346852879,-0.29114239853546386
f6b58bf8335645b3a1ece2ca3502e173,application_only,lightgbm,42,2,42,application_only,sigmoid,2026-10-04T21:41:10Z,raw,7,5228,0.41646104927258204,0.07938026013771997,-0.33708078913486206
f6b58bf8335645b3a1ece2ca3502e173,application_only,lightgbm,42,2,42,application_only,sigmoid,2026-10-04T21:41:10Z,raw,8,5228,0.49454600196414,0.09946442234123948,-0.3950815796229005
f6b58bf8335645b3a1ece2ca3502e173,application_only,lightgbm,42,2,42,application_only,sigmoid,2026-10-04T21:41:10Z,raw,9,5227,0.5904118105054258,0.1503730629424144,-0.4400387475630114
f6b58bf8335645b3a1ece2ca3502e173,application_only,lightgbm,42,2,42,application_only,sigmoid,2026-10-04T21:41:10Z,raw,10,5228,0.7355191562158808,0.2635807192042846,-0.4719384370115962
f6b58bf8335645b3a1ece2ca3502e173,application_only,lightgbm,42,2,42,application_only,sigmoid,2026-10-04T21:41:10Z,calibrated,1,5228,0.010899624820832928,0.011667941851568477,0.0007683170307355488
f6b58bf8335645b3a1ece2ca3502e173,application_only,lightgbm,42,2,42,application_only,sigmoid,2026-10-04T21:41:10Z,calibrated,2,5227,0.020299388783289775,0.02276640520374976,0.0024670164204599852
f6b58bf8335645b3a1ece2ca3502e173,application_only,lightgbm,42,2,42,application_only,sigmoid,2026-10-04T21:41:10Z,calibrated,3,5228,0.029032419219828735,0.030795715378729917,0.0017632961589011814
f6b58bf8335645b3a1ece2ca3502e173,application_only,lightgbm,42,2,42,application_only,sigmoid,2026-10-04T21:41:10Z,calibrated,4,5228,0.03869972426081563,0.041124713083397095,0.002424988822581464
f6b58bf8335645b3a1ece2ca3502e173,application_only,lightgbm,42,2,42,application_only,sigmoid,2026-10-04T21:41:10Z,calibrated,5,5228,0.04997103067625633,0.0491583779648049,-0.0008126527114514295
f6b58bf8335645b3a1ece2ca3502e173,application_only,lightgbm,42,2,42,application_only,sigmoid,2026-10-04T21:41:10Z,calibrated,6,5227,0.06382329318444921,0.05892481346852879,-0.004898479715920417
f6b58bf8335645b3a1ece2ca3502e173,application_only,lightgbm,42,2,42,application_only,sigmoid,2026-10-04T21:41:10Z,calibrated,7,5228,0.08167551526761967,0.07938026013771997,-0.002295255129899698
f6b58bf8335645b3a1ece2ca3502e173,application_only,lightgbm,42,2,42,application_only,sigmoid,2026-10-04T21:41:10Z,calibrated,8,5228,0.10704885570653876,0.09946442234123948,-0.0075844333652992785
f6b58bf8335645b3a1ece2ca3502e173,application_only,lightgbm,42,2,42,application_only,sigmoid,2026-10-04T21:41:10Z,calibrated,9,5227,0.1477513999515757,0.1503730629424144,0.0026216629908386857
f6b58bf8335645b3a1ece2ca3502e173,application_only,lightgbm,42,2,42,application_only,sigmoid,2026-10-04T21:41:10Z,calibrated,10,5228,0.25219512864783467,0.2635807192042846,0.011385590556449943
f6b58bf8335645b3a1ece2ca3502e173,history_selected,lightgbm,42,3,42,full,sigmoid,2026-10-04T21:41:10Z,raw,1,5228,0.05159503671129604,0.01128538638102525,-0.04030965033027079
f6b58bf8335645b3a1ece2ca3502e173,history_selected,lightgbm,42,3,42,full,sigmoid,2026-10-04T21:41:10Z,raw,2,5227,0.0999949975279676,0.019322747273770806,-0.0806722502541968
f6b58bf8335645b3a1ece2ca3502e173,history_selected,lightgbm,42,3,42,full,sigmoid,2026-10-04T21:41:10Z,raw,3,5228,0.14533623354747496,0.023335883703136953,-0.12200034984433801
f6b58bf8335645b3a1ece2ca3502e173,history_selected,lightgbm,42,3,42,full,sigmoid,2026-10-04T21:41:10Z,raw,4,5228,0.1972207658617511,0.02964804896710023,-0.16757271689465086
f6b58bf8335645b3a1ece2ca3502e173,history_selected,lightgbm,42,3,42,full,sigmoid,2026-10-04T21:41:10Z,raw,5,5228,0.2570361101403948,0.04227237949502678,-0.21476373064536802
f6b58bf8335645b3a1ece2ca3502e173,history_selected,lightgbm,42,3,42,full,sigmoid,2026-10-04T21:41:10Z,raw,6,5227,0.3268152294604375,0.05050698297302468,-0.2763082464874128
f6b58bf8335645b3a1ece2ca3502e173,history_selected,lightgbm,42,3,42,full,sigmoid,2026-10-04T21:41:10Z,raw,7,5228,0.408168852315922,0.0772762050497322,-0.3308926472661898
f6b58bf8335645b3a1ece2ca3502e173,history_selected,lightgbm,42,3,42,full,sigmoid,2026-10-04T21:41:10Z,raw,8,5228,0.5048671873248998,0.10788064269319052,-0.39698654463170924
f6b58bf8335645b3a1ece2ca3502e173,history_selected,lightgbm,42,3,42,full,sigmoid,2026-10-04T21:41:10Z,raw,9,5227,0.6203366876511429,0.1532427778840635,-0.46709390976707943
f6b58bf8335645b3a1ece2ca3502e173,history_selected,lightgbm,42,3,42,full,sigmoid,2026-10-04T21:41:10Z,raw,10,5228,0.7734500816858956,0.2924636572302984,-0.4809864244555972
f6b58bf8335645b3a1ece2ca3502e173,history_selected,lightgbm,42,3,42,full,sigmoid,2026-10-04T21:41:10Z,calibrated,1,5228,0.008301109030889865,0.01128538638102525,0.0029842773501353847
f6b58bf8335645b3a1ece2ca3502e173,history_selected,lightgbm,42,3,42,full,sigmoid,2026-10-04T21:41:10Z,calibrated,2,5227,0.01583672764861755,0.019322747273770806,0.0034860196251532555
f6b58bf8335645b3a1ece2ca3502e173,history_selected,lightgbm,42,3,42,full,sigmoid,2026-10-04T21:41:10Z,calibrated,3,5228,0.023193924953327894,0.023335883703136953,0.00014195874980905965
f6b58bf8335645b3a1ece2ca3502e173,history_selected,lightgbm,42,3,42,full,sigmoid,2026-10-04T21:41:10Z,calibrated,4,5228,0.03217014745260688,0.02964804896710023,-0.002522098485506649
f6b58bf8335645b3a1ece2ca3502e173,history_selected,lightgbm,42,3,42,full,sigmoid,2026-10-04T21:41:10Z,calibrated,5,5228,0.043484235665156364,0.04227237949502678,-0.0012118561701295813
f6b58bf8335645b3a1ece2ca3502e173,history_selected,lightgbm,42,3,42,full,sigmoid,2026-10-04T21:41:10Z,calibrated,6,5227,0.058374757830657466,0.05050698297302468,-0.007867774857632785
f6b58bf8335645b3a1ece2ca3502e173,history_selected,lightgbm,42,3,42,full,sigmoid,2026-10-04T21:41:10Z,calibrated,7,5228,0.07877592135480031,0.0772762050497322,-0.0014997163050681078
f6b58bf8335645b3a1ece2ca3502e173,history_selected,lightgbm,42,3,42,full,sigmoid,2026-10-04T21:41:10Z,calibrated,8,5228,0.10912759349255609,0.10788064269319052,-0.0012469507993655704
f6b58bf8335645b3a1ece2ca3502e173,history_selected,lightgbm,42,3,42,full,sigmoid,2026-10-04T21:41:10Z,calibrated,9,5227,0.15916335315538196,0.1532427778840635,-0.005920575271318451
f6b58bf8335645b3a1ece2ca3502e173,history_selected,lightgbm,42,3,42,full,sigmoid,2026-10-04T21:41:10Z,calibrated,10,5228,0.2811565995133012,0.2924636572302984,0.011307057716997193
f6b58bf8335645b3a1ece2ca3502e173,training_prevalence,prevalence,42,3,42,training_prevalence,uncalibrated,2026-10-04T21:41:10Z,raw,1,0,,,
f6b58bf8335645b3a1ece2ca3502e173,training_prevalence,prevalence,42,3,42,training_prevalence,uncalibrated,2026-10-04T21:41:10Z,raw,2,0,,,
f6b58bf8335645b3a1ece2ca3502e173,training_prevalence,prevalence,42,3,42,training_prevalence,uncalibrated,2026-10-04T21:41:10Z,raw,3,0,,,
f6b58bf8335645b3a1ece2ca3502e173,training_prevalence,prevalence,42,3,42,training_prevalence,uncalibrated,2026-10-04T21:41:10Z,raw,4,0,,,
f6b58bf8335645b3a1ece2ca3502e173,training_prevalence,prevalence,42,3,42,training_prevalence,uncalibrated,2026-10-04T21:41:10Z,raw,5,52277,0.08073155068523097,0.08072383648640893,-7.714198822034168e-06
f6b58bf8335645b3a1ece2ca3502e173,training_prevalence,prevalence,42,3,42,training_prevalence,uncalibrated,2026-10-04T21:41:10Z,raw,6,0,,,
f6b58bf8335645b3a1ece2ca3502e173,training_prevalence,prevalence,42,3,42,training_prevalence,uncalibrated,2026-10-04T21:41:10Z,raw,7,0,,,
f6b58bf8335645b3a1ece2ca3502e173,training_prevalence,prevalence,42,3,42,training_prevalence,uncalibrated,2026-10-04T21:41:10Z,raw,8,0,,,
f6b58bf8335645b3a1ece2ca3502e173,training_prevalence,prevalence,42,3,42,training_prevalence,uncalibrated,2026-10-04T21:41:10Z,raw,9,0,,,
f6b58bf8335645b3a1ece2ca3502e173,training_prevalence,prevalence,42,3,42,training_prevalence,uncalibrated,2026-10-04T21:41:10Z,raw,10,0,,,
f6b58bf8335645b3a1ece2ca3502e173,training_prevalence,prevalence,42,3,42,training_prevalence,uncalibrated,2026-10-04T21:41:10Z,calibrated,1,0,,,
f6b58bf8335645b3a1ece2ca3502e173,training_prevalence,prevalence,42,3,42,training_prevalence,uncalibrated,2026-10-04T21:41:10Z,calibrated,2,0,,,
f6b58bf8335645b3a1ece2ca3502e173,training_prevalence,prevalence,42,3,42,training_prevalence,uncalibrated,2026-10-04T21:41:10Z,calibrated,3,0,,,
f6b58bf8335645b3a1ece2ca3502e173,training_prevalence,prevalence,42,3,42,training_prevalence,uncalibrated,2026-10-04T21:41:10Z,calibrated,4,0,,,
f6b58bf8335645b3a1ece2ca3502e173,training_prevalence,prevalence,42,3,42,training_prevalence,uncalibrated,2026-10-04T21:41:10Z,calibrated,5,52277,0.08073155068523097,0.08072383648640893,-7.714198822034168e-06
f6b58bf8335645b3a1ece2ca3502e173,training_prevalence,prevalence,42,3,42,training_prevalence,uncalibrated,2026-10-04T21:41:10Z,calibrated,6,0,,,
f6b58bf8335645b3a1ece2ca3502e173,training_prevalence,prevalence,42,3,42,training_prevalence,uncalibrated,2026-10-04T21:41:10Z,calibrated,7,0,,,
f6b58bf8335645b3a1ece2ca3502e173,training_prevalence,prevalence,42,3,42,training_prevalence,uncalibrated,2026-10-04T21:41:10Z,calibrated,8,0,,,
f6b58bf8335645b3a1ece2ca3502e173,training_prevalence,prevalence,42,3,42,training_prevalence,uncalibrated,2026-10-04T21:41:10Z,calibrated,9,0,,,
f6b58bf8335645b3a1ece2ca3502e173,training_prevalence,prevalence,42,3,42,training_prevalence,uncalibrated,2026-10-04T21:41:10Z,calibrated,10,0,,,
f6b58bf8335645b3a1ece2ca3502e173,logistic_fixed,logistic_regression,42,3,42,logistic_fixed,sigmoid,2026-10-04T21:41:10Z,raw,1,5228,0.09674858556294383,0.01262433052792655,-0.08412425503501728
f6b58bf8335645b3a1ece2ca3502e173,logistic_fixed,logistic_regression,42,3,42,logistic_fixed,sigmoid,2026-10-04T21:41:10Z,raw,2,5227,0.170573774781,0.02276640520374976,-0.14780736957725024
f6b58bf8335645b3a1ece2ca3502e173,logistic_fixed,logistic_regression,42,3,42,logistic_fixed,sigmoid,2026-10-04T21:41:10Z,raw,3,5228,0.22936290309980767,0.02448355011476664,-0.20487935298504104
f6b58bf8335645b3a1ece2ca3502e173,logistic_fixed,logistic_regression,42,3,42,logistic_fixed,sigmoid,2026-10-04T21:41:10Z,raw,4,5228,0.2861236640522825,0.03500382555470543,-0.2511198384975771
f6b58bf8335645b3a1ece2ca3502e173,logistic_fixed,logistic_regression,42,3,42,logistic_fixed,sigmoid,2026-10-04T21:41:10Z,raw,5,5228,0.34580035848362517,0.03940321346595256,-0.3063971450176726
f6b58bf8335645b3a1ece2ca3502e173,logistic_fixed,logistic_regression,42,3,42,logistic_fixed,sigmoid,2026-10-04T21:41:10Z,raw,6,5227,0.40976757473059144,0.05662904151520949,-0.35313853321538197
f6b58bf8335645b3a1ece2ca3502e173,logistic_fixed,logistic_regression,42,3,42,logistic_fixed,sigmoid,2026-10-04T21:41:10Z,raw,7,5228,0.48178334553604796,0.0797628156082632,-0.40202052992778475
f6b58bf8335645b3a1ece2ca3502e173,logistic_fixed,logistic_regression,42,3,42,logistic_fixed,sigmoid,2026-10-04T21:41:10Z,raw,8,5228,0.5648920378406471,0.1063504208110176,-0.45854161702962953
f6b58bf8335645b3a1ece2ca3502e173,logistic_fixed,logistic_regression,42,3,42,logistic_fixed,sigmoid,2026-10-04T21:41:10Z,raw,9,5227,0.6641168992994283,0.15668643581404249,-0.5074304634853858
f6b58bf8335645b3a1ece2ca3502e173,logistic_fixed,logistic_regression,42,3,42,logistic_fixed,sigmoid,2026-10-04T21:41:10Z,raw,10,5228,0.8107088522837739,0.27352716143840855,-0.5371816908453653
f6b58bf8335645b3a1ece2ca3502e173,logistic_fixed,logistic_regression,42,3,42,logistic_fixed,sigmoid,2026-10-04T21:41:10Z,calibrated,1,5228,0.0115305257289871,0.01262433052792655,0.0010938047989394496
f6b58bf8335645b3a1ece2ca3502e173,logistic_fixed,logistic_regression,42,3,42,logistic_fixed,sigmoid,2026-10-04T21:41:10Z,calibrated,2,5227,0.020726624881961312,0.02276640520374976,0.002039780321788448
f6b58bf8335645b3a1ece2ca3502e173,logistic_fixed,logistic_regression,42,3,42,logistic_fixed,sigmoid,2026-10-04T21:41:10Z,calibrated,3,5228,0.028843055756468897,0.02448355011476664,-0.004359505641702257
f6b58bf8335645b3a1ece2ca3502e173,logistic_fixed,logistic_regression,42,3,42,logistic_fixed,sigmoid,2026-10-04T21:41:10Z,calibrated,4,5228,0.03755600641974773,0.03500382555470543,-0.002552180865042303
f6b58bf8335645b3a1ece2ca3502e173,logistic_fixed,logistic_regression,42,3,42,logistic_fixed,sigmoid,2026-10-04T21:41:10Z,calibrated,5,5228,0.0478967610792506,0.03940321346595256,-0.008493547613298041
f6b58bf8335645b3a1ece2ca3502e173,logistic_fixed,logistic_regression,42,3,42,logistic_fixed,sigmoid,2026-10-04T21:41:10Z,calibrated,6,5227,0.06069723415730729,0.05662904151520949,-0.004068192642097797
f6b58bf8335645b3a1ece2ca3502e173,logistic_fixed,logistic_regression,42,3,42,logistic_fixed,sigmoid,2026-10-04T21:41:10Z,calibrated,7,5228,0.07795502836998446,0.0797628156082632,0.001807787238278749
f6b58bf8335645b3a1ece2ca3502e173,logistic_fixed,logistic_regression,42,3,42,logistic_fixed,sigmoid,2026-10-04T21:41:10Z,calibrated,8,5228,0.10316466405263261,0.1063504208110176,0.0031857567583849916
f6b58bf8335645b3a1ece2ca3502e173,logistic_fixed,logistic_regression,42,3,42,logistic_fixed,sigmoid,2026-10-04T21:41:10Z,calibrated,9,5227,0.14530763882180123,0.15668643581404249,0.011378796992241258
f6b58bf8335645b3a1ece2ca3502e173,logistic_fixed,logistic_regression,42,3,42,logistic_fixed,sigmoid,2026-10-04T21:41:10Z,calibrated,10,5228,0.2752980052955476,0.27352716143840855,-0.0017708438571390483
f6b58bf8335645b3a1ece2ca3502e173,application_only,lightgbm,42,3,42,application_only,sigmoid,2026-10-04T21:41:10Z,raw,1,5228,0.072903796634204,0.013198163733741393,-0.05970563290046261
f6b58bf8335645b3a1ece2ca3502e173,application_only,lightgbm,42,3,42,application_only,sigmoid,2026-10-04T21:41:10Z,raw,2,5227,0.13492879813423636,0.022575090874306484,-0.11235370725992988
f6b58bf8335645b3a1ece2ca3502e173,application_only,lightgbm,42,3,42,application_only,sigmoid,2026-10-04T21:41:10Z,raw,3,5228,0.18391602066753615,0.028691660290742157,-0.155224360376794
f6b58bf8335645b3a1ece2ca3502e173,application_only,lightgbm,42,3,42,application_only,sigmoid,2026-10-04T21:41:10Z,raw,4,5228,0.23456303626378158,0.03882938026013772,-0.19573365600364387
f6b58bf8335645b3a1ece2ca3502e173,application_only,lightgbm,42,3,42,application_only,sigmoid,2026-10-04T21:41:10Z,raw,5,5228,0.28882611035043626,0.04896710022953328,-0.239859010120903
f6b58bf8335645b3a1ece2ca3502e173,application_only,lightgbm,42,3,42,application_only,sigmoid,2026-10-04T21:41:10Z,raw,6,5227,0.34786589318901395,0.05949875645685862,-0.2883671367321553
f6b58bf8335645b3a1ece2ca3502e173,application_only,lightgbm,42,3,42,application_only,sigmoid,2026-10-04T21:41:10Z,raw,7,5228,0.4137295582436836,0.0811017597551645,-0.33262779848851914
f6b58bf8335645b3a1ece2ca3502e173,application_only,lightgbm,42,3,42,application_only,sigmoid,2026-10-04T21:41:10Z,raw,8,5228,0.4943213371049389,0.10539403213465953,-0.3889273049702794
f6b58bf8335645b3a1ece2ca3502e173,application_only,lightgbm,42,3,42,application_only,sigmoid,2026-10-04T21:41:10Z,raw,9,5227,0.5936213667015616,0.15132963458963075,-0.44229173211193085
f6b58bf8335645b3a1ece2ca3502e173,application_only,lightgbm,42,3,42,application_only,sigmoid,2026-10-04T21:41:10Z,raw,10,5228,0.7390108301268655,0.25765110941086455,-0.48135972071600097
f6b58bf8335645b3a1ece2ca3502e173,application_only,lightgbm,42,3,42,application_only,sigmoid,2026-10-04T21:41:10Z,calibrated,1,5228,0.010900029269101138,0.013198163733741393,0.0022981344646402554
f6b58bf8335645b3a1ece2ca3502e173,application_only,lightgbm,42,3,42,application_only,sigmoid,2026-10-04T21:41:10Z,calibrated,2,5227,0.020640110341816228,0.022575090874306484,0.001934980532490256
f6b58bf8335645b3a1ece2ca3502e173,application_only,lightgbm,42,3,42,application_only,sigmoid,2026-10-04T21:41:10Z,calibrated,3,5228,0.02902635810417054,0.028691660290742157,-0.00033469781342838206
f6b58bf8335645b3a1ece2ca3502e173,application_only,lightgbm,42,3,42,application_only,sigmoid,2026-10-04T21:41:10Z,calibrated,4,5228,0.03849777577164852,0.03882938026013772,0.0003316044884891997
f6b58bf8335645b3a1ece2ca3502e173,application_only,lightgbm,42,3,42,application_only,sigmoid,2026-10-04T21:41:10Z,calibrated,5,5228,0.04973165158037053,0.04896710022953328,-0.0007645513508372503
f6b58bf8335645b3a1ece2ca3502e173,application_only,lightgbm,42,3,42,application_only,sigmoid,2026-10-04T21:41:10Z,calibrated,6,5227,0.0635281574776542,0.05949875645685862,-0.0040294010207955755
f6b58bf8335645b3a1ece2ca3502e173,application_only,lightgbm,42,3,42,application_only,sigmoid,2026-10-04T21:41:10Z,calibrated,7,5228,0.08136996300512046,0.0811017597551645,-0.0002682032499559672
f6b58bf8335645b3a1ece2ca3502e173,application_only,lightgbm,42,3,42,application_only,sigmoid,2026-10-04T21:41:10Z,calibrated,8,5228,0.10786834230776761,0.10539403213465953,-0.002474310173108077
f6b58bf8335645b3a1ece2ca3502e173,application_only,lightgbm,42,3,42,application_only,sigmoid,2026-10-04T21:41:10Z,calibrated,9,5227,0.15096638874528817,0.15132963458963075,0.0003632458443425801
f6b58bf8335645b3a1ece2ca3502e173,application_only,lightgbm,42,3,42,application_only,sigmoid,2026-10-04T21:41:10Z,calibrated,10,5228,0.2585163853813033,0.25765110941086455,-0.0008652759704387281
f6b58bf8335645b3a1ece2ca3502e173,history_selected,lightgbm,42,4,42,top_80,sigmoid,2026-10-04T21:41:10Z,raw,1,5228,0.061555817182123565,0.009563886763580718,-0.051991930418542845
f6b58bf8335645b3a1ece2ca3502e173,history_selected,lightgbm,42,4,42,top_80,sigmoid,2026-10-04T21:41:10Z,raw,2,5227,0.1114418676670795,0.018557489955997705,-0.0928843777110818
f6b58bf8335645b3a1ece2ca3502e173,history_selected,lightgbm,42,4,42,top_80,sigmoid,2026-10-04T21:41:10Z,raw,3,5228,0.15418403704297962,0.022379495026778884,-0.13180454201620073
f6b58bf8335645b3a1ece2ca3502e173,history_selected,lightgbm,42,4,42,top_80,sigmoid,2026-10-04T21:41:10Z,raw,4,5228,0.19995583635964767,0.03557765876052028,-0.1643781775991274
f6b58bf8335645b3a1ece2ca3502e173,history_selected,lightgbm,42,4,42,top_80,sigmoid,2026-10-04T21:41:10Z,raw,5,5228,0.25198536538455424,0.042654934965570004,-0.20933043041898425
f6b58bf8335645b3a1ece2ca3502e173,history_selected,lightgbm,42,4,42,top_80,sigmoid,2026-10-04T21:41:10Z,raw,6,5227,0.3131146433330802,0.058159556150755694,-0.2549550871823245
f6b58bf8335645b3a1ece2ca3502e173,history_selected,lightgbm,42,4,42,top_80,sigmoid,2026-10-04T21:41:10Z,raw,7,5228,0.3860107835962388,0.07383320581484315,-0.31217757778139565
f6b58bf8335645b3a1ece2ca3502e173,history_selected,lightgbm,42,4,42,top_80,sigmoid,2026-10-04T21:41:10Z,raw,8,5228,0.47639759011966815,0.09965570007651109,-0.37674189004315706
f6b58bf8335645b3a1ece2ca3502e173,history_selected,lightgbm,42,4,42,top_80,sigmoid,2026-10-04T21:41:10Z,raw,9,5227,0.588190692636049,0.15286014922517696,-0.43533054341087196
f6b58bf8335645b3a1ece2ca3502e173,history_selected,lightgbm,42,4,42,top_80,sigmoid,2026-10-04T21:41:10Z,raw,10,5228,0.7481259404778363,0.2939938791124713,-0.454132061365365
f6b58bf8335645b3a1ece2ca3502e173,history_selected,lightgbm,42,4,42,top_80,sigmoid,2026-10-04T21:41:10Z,calibrated,1,5228,0.009020356517632553,0.009563886763580718,0.000543530245948165
f6b58bf8335645b3a1ece2ca3502e173,history_selected,lightgbm,42,4,42,top_80,sigmoid,2026-10-04T21:41:10Z,calibrated,2,5227,0.01678930112209854,0.018557489955997705,0.0017681888338991654
f6b58bf8335645b3a1ece2ca3502e173,history_selected,lightgbm,42,4,42,top_80,sigmoid,2026-10-04T21:41:10Z,calibrated,3,5228,0.02398903238147709,0.022379495026778884,-0.001609537354698206
f6b58bf8335645b3a1ece2ca3502e173,history_selected,lightgbm,42,4,42,top_80,sigmoid,2026-10-04T21:41:10Z,calibrated,4,5228,0.03234972354043153,0.03557765876052028,0.003227935220088747
f6b58bf8335645b3a1ece2ca3502e173,history_selected,lightgbm,42,4,42,top_80,sigmoid,2026-10-04T21:41:10Z,calibrated,5,5228,0.04281568078668626,0.042654934965570004,-0.00016074582111625518
f6b58bf8335645b3a1ece2ca3502e173,history_selected,lightgbm,42,4,42,top_80,sigmoid,2026-10-04T21:41:10Z,calibrated,6,5227,0.056680092094775515,0.058159556150755694,0.0014794640559801786
f6b58bf8335645b3a1ece2ca3502e173,history_selected,lightgbm,42,4,42,top_80,sigmoid,2026-10-04T21:41:10Z,calibrated,7,5228,0.07602747435923278,0.07383320581484315,-0.00219426854438963
f6b58bf8335645b3a1ece2ca3502e173,history_selected,lightgbm,42,4,42,top_80,sigmoid,2026-10-04T21:41:10Z,calibrated,8,5228,0.10569947962457601,0.09965570007651109,-0.006043779548064926
f6b58bf8335645b3a1ece2ca3502e173,history_selected,lightgbm,42,4,42,top_80,sigmoid,2026-10-04T21:41:10Z,calibrated,9,5227,0.1555631791142502,0.15286014922517696,-0.0027030298890732274
f6b58bf8335645b3a1ece2ca3502e173,history_selected,lightgbm,42,4,42,top_80,sigmoid,2026-10-04T21:41:10Z,calibrated,10,5228,0.2838987267037688,0.2939938791124713,0.010095152408702512
f6b58bf8335645b3a1ece2ca3502e173,training_prevalence,prevalence,42,4,42,training_prevalence,uncalibrated,2026-10-04T21:41:10Z,raw,1,0,,,
f6b58bf8335645b3a1ece2ca3502e173,training_prevalence,prevalence,42,4,42,training_prevalence,uncalibrated,2026-10-04T21:41:10Z,raw,2,0,,,
f6b58bf8335645b3a1ece2ca3502e173,training_prevalence,prevalence,42,4,42,training_prevalence,uncalibrated,2026-10-04T21:41:10Z,raw,3,0,,,
f6b58bf8335645b3a1ece2ca3502e173,training_prevalence,prevalence,42,4,42,training_prevalence,uncalibrated,2026-10-04T21:41:10Z,raw,4,0,,,
f6b58bf8335645b3a1ece2ca3502e173,training_prevalence,prevalence,42,4,42,training_prevalence,uncalibrated,2026-10-04T21:41:10Z,raw,5,52277,0.08073155068523097,0.08072383648640893,-7.714198822034168e-06
f6b58bf8335645b3a1ece2ca3502e173,training_prevalence,prevalence,42,4,42,training_prevalence,uncalibrated,2026-10-04T21:41:10Z,raw,6,0,,,
f6b58bf8335645b3a1ece2ca3502e173,training_prevalence,prevalence,42,4,42,training_prevalence,uncalibrated,2026-10-04T21:41:10Z,raw,7,0,,,
f6b58bf8335645b3a1ece2ca3502e173,training_prevalence,prevalence,42,4,42,training_prevalence,uncalibrated,2026-10-04T21:41:10Z,raw,8,0,,,
f6b58bf8335645b3a1ece2ca3502e173,training_prevalence,prevalence,42,4,42,training_prevalence,uncalibrated,2026-10-04T21:41:10Z,raw,9,0,,,
f6b58bf8335645b3a1ece2ca3502e173,training_prevalence,prevalence,42,4,42,training_prevalence,uncalibrated,2026-10-04T21:41:10Z,raw,10,0,,,
f6b58bf8335645b3a1ece2ca3502e173,training_prevalence,prevalence,42,4,42,training_prevalence,uncalibrated,2026-10-04T21:41:10Z,calibrated,1,0,,,
f6b58bf8335645b3a1ece2ca3502e173,training_prevalence,prevalence,42,4,42,training_prevalence,uncalibrated,2026-10-04T21:41:10Z,calibrated,2,0,,,
f6b58bf8335645b3a1ece2ca3502e173,training_prevalence,prevalence,42,4,42,training_prevalence,uncalibrated,2026-10-04T21:41:10Z,calibrated,3,0,,,
f6b58bf8335645b3a1ece2ca3502e173,training_prevalence,prevalence,42,4,42,training_prevalence,uncalibrated,2026-10-04T21:41:10Z,calibrated,4,0,,,
f6b58bf8335645b3a1ece2ca3502e173,training_prevalence,prevalence,42,4,42,training_prevalence,uncalibrated,2026-10-04T21:41:10Z,calibrated,5,52277,0.08073155068523097,0.08072383648640893,-7.714198822034168e-06
f6b58bf8335645b3a1ece2ca3502e173,training_prevalence,prevalence,42,4,42,training_prevalence,uncalibrated,2026-10-04T21:41:10Z,calibrated,6,0,,,
f6b58bf8335645b3a1ece2ca3502e173,training_prevalence,prevalence,42,4,42,training_prevalence,uncalibrated,2026-10-04T21:41:10Z,calibrated,7,0,,,
f6b58bf8335645b3a1ece2ca3502e173,training_prevalence,prevalence,42,4,42,training_prevalence,uncalibrated,2026-10-04T21:41:10Z,calibrated,8,0,,,
f6b58bf8335645b3a1ece2ca3502e173,training_prevalence,prevalence,42,4,42,training_prevalence,uncalibrated,2026-10-04T21:41:10Z,calibrated,9,0,,,
f6b58bf8335645b3a1ece2ca3502e173,training_prevalence,prevalence,42,4,42,training_prevalence,uncalibrated,2026-10-04T21:41:10Z,calibrated,10,0,,,
f6b58bf8335645b3a1ece2ca3502e173,logistic_fixed,logistic_regression,42,4,42,logistic_fixed,sigmoid,2026-10-04T21:41:10Z,raw,1,5228,0.09618717237605214,0.013389441469013007,-0.08279773090703912
f6b58bf8335645b3a1ece2ca3502e173,logistic_fixed,logistic_regression,42,4,42,logistic_fixed,sigmoid,2026-10-04T21:41:10Z,raw,2,5227,0.16922948552119432,0.01740960397933805,-0.15181988154185627
f6b58bf8335645b3a1ece2ca3502e173,logistic_fixed,logistic_regression,42,4,42,logistic_fixed,sigmoid,2026-10-04T21:41:10Z,raw,3,5228,0.22830270588094945,0.02410099464422341,-0.20420171123672604
f6b58bf8335645b3a1ece2ca3502e173,logistic_fixed,logistic_regression,42,4,42,logistic_fixed,sigmoid,2026-10-04T21:41:10Z,raw,4,5228,0.2855366118961207,0.03347360367253252,-0.2520630082235882
f6b58bf8335645b3a1ece2ca3502e173,logistic_fixed,logistic_regression,42,4,42,logistic_fixed,sigmoid,2026-10-04T21:41:10Z,raw,5,5228,0.34525366808720775,0.04820198928844682,-0.29705167879876093
f6b58bf8335645b3a1ece2ca3502e173,logistic_fixed,logistic_regression,42,4,42,logistic_fixed,sigmoid,2026-10-04T21:41:10Z,raw,6,5227,0.4098501408182818,0.05624641285632294,-0.3536037279619589
f6b58bf8335645b3a1ece2ca3502e173,logistic_fixed,logistic_regression,42,4,42,logistic_fixed,sigmoid,2026-10-04T21:41:10Z,raw,7,5228,0.48113152676438375,0.07612853863810252,-0.4050029881262812
f6b58bf8335645b3a1ece2ca3502e173,logistic_fixed,logistic_regression,42,4,42,logistic_fixed,sigmoid,2026-10-04T21:41:10Z,raw,8,5228,0.5641149163818335,0.10290742157612853,-0.461207494805705
f6b58bf8335645b3a1ece2ca3502e173,logistic_fixed,logistic_regression,42,4,42,logistic_fixed,sigmoid,2026-10-04T21:41:10Z,raw,9,5227,0.6630164350253982,0.15209489190740386,-0.5109215431179943
f6b58bf8335645b3a1ece2ca3502e173,logistic_fixed,logistic_regression,42,4,42,logistic_fixed,sigmoid,2026-10-04T21:41:10Z,raw,10,5228,0.8092935900288991,0.2832823259372609,-0.5260112640916382
f6b58bf8335645b3a1ece2ca3502e173,logistic_fixed,logistic_regression,42,4,42,logistic_fixed,sigmoid,2026-10-04T21:41:10Z,calibrated,1,5228,0.011136700063756397,0.013389441469013007,0.0022527414052566103
f6b58bf8335645b3a1ece2ca3502e173,logistic_fixed,logistic_regression,42,4,42,logistic_fixed,sigmoid,2026-10-04T21:41:10Z,calibrated,2,5227,0.020108465337004788,0.01740960397933805,-0.002698861357666737
f6b58bf8335645b3a1ece2ca3502e173,logistic_fixed,logistic_regression,42,4,42,logistic_fixed,sigmoid,2026-10-04T21:41:10Z,calibrated,3,5228,0.028194685162458665,0.02410099464422341,-0.004093690518235254
f6b58bf8335645b3a1ece2ca3502e173,logistic_fixed,logistic_regression,42,4,42,logistic_fixed,sigmoid,2026-10-04T21:41:10Z,calibrated,4,5228,0.03694280730280727,0.03347360367253252,-0.003469203630274753
f6b58bf8335645b3a1ece2ca3502e173,logistic_fixed,logistic_regression,42,4,42,logistic_fixed,sigmoid,2026-10-04T21:41:10Z,calibrated,5,5228,0.047287021991473846,0.04820198928844682,0.0009149672969729766
f6b58bf8335645b3a1ece2ca3502e173,logistic_fixed,logistic_regression,42,4,42,logistic_fixed,sigmoid,2026-10-04T21:41:10Z,calibrated,6,5227,0.06025805106836469,0.05624641285632294,-0.00401163821204175
f6b58bf8335645b3a1ece2ca3502e173,logistic_fixed,logistic_regression,42,4,42,logistic_fixed,sigmoid,2026-10-04T21:41:10Z,calibrated,7,5228,0.07744130965458672,0.07612853863810252,-0.0013127710164841933
f6b58bf8335645b3a1ece2ca3502e173,logistic_fixed,logistic_regression,42,4,42,logistic_fixed,sigmoid,2026-10-04T21:41:10Z,calibrated,8,5228,0.10282101579958108,0.10290742157612853,8.640577654744908e-05
f6b58bf8335645b3a1ece2ca3502e173,logistic_fixed,logistic_regression,42,4,42,logistic_fixed,sigmoid,2026-10-04T21:41:10Z,calibrated,9,5227,0.14530297938523107,0.15209489190740386,0.006791912522172788
f6b58bf8335645b3a1ece2ca3502e173,logistic_fixed,logistic_regression,42,4,42,logistic_fixed,sigmoid,2026-10-04T21:41:10Z,calibrated,10,5228,0.2751389922954099,0.2832823259372609,0.008143333641850992
f6b58bf8335645b3a1ece2ca3502e173,application_only,lightgbm,42,4,42,application_only,sigmoid,2026-10-04T21:41:10Z,raw,1,5228,0.08187527796685506,0.013389441469013007,-0.06848583649784205
f6b58bf8335645b3a1ece2ca3502e173,application_only,lightgbm,42,4,42,application_only,sigmoid,2026-10-04T21:41:10Z,raw,2,5227,0.15171208892484409,0.022192462215419935,-0.12951962670942416
f6b58bf8335645b3a1ece2ca3502e173,application_only,lightgbm,42,4,42,application_only,sigmoid,2026-10-04T21:41:10Z,raw,3,5228,0.21016009686565892,0.025439938791124713,-0.1847201580745342
f6b58bf8335645b3a1ece2ca3502e173,application_only,lightgbm,42,4,42,application_only,sigmoid,2026-10-04T21:41:10Z,raw,4,5228,0.26641813845252044,0.03710788064269319,-0.22931025780982725
f6b58bf8335645b3a1ece2ca3502e173,application_only,lightgbm,42,4,42,application_only,sigmoid,2026-10-04T21:41:10Z,raw,5,5228,0.32493873834699877,0.052601377199693954,-0.27233736114730484
f6b58bf8335645b3a1ece2ca3502e173,application_only,lightgbm,42,4,42,application_only,sigmoid,2026-10-04T21:41:10Z,raw,6,5227,0.3899651978360799,0.06370767170461067,-0.32625752613146924
f6b58bf8335645b3a1ece2ca3502e173,application_only,lightgbm,42,4,42,application_only,sigmoid,2026-10-04T21:41:10Z,raw,7,5228,0.46290795769202703,0.07689364957918898,-0.38601430811283804
f6b58bf8335645b3a1ece2ca3502e173,application_only,lightgbm,42,4,42,application_only,sigmoid,2026-10-04T21:41:10Z,raw,8,5228,0.5467868901215601,0.10080336648814078,-0.4459835236334193
f6b58bf8335645b3a1ece2ca3502e173,application_only,lightgbm,42,4,42,application_only,sigmoid,2026-10-04T21:41:10Z,raw,9,5227,0.6449559077009619,0.14061603214080734,-0.5043398755601546
f6b58bf8335645b3a1ece2ca3502e173,application_only,lightgbm,42,4,42,application_only,sigmoid,2026-10-04T21:41:10Z,raw,10,5228,0.7739501607345242,0.27448355011476666,-0.4994666106197575
f6b58bf8335645b3a1ece2ca3502e173,application_only,lightgbm,42,4,42,application_only,sigmoid,2026-10-04T21:41:10Z,calibrated,1,5228,0.010609263079476567,0.013389441469013007,0.0027801783895364408
f6b58bf8335645b3a1ece2ca3502e173,application_only,lightgbm,42,4,42,application_only,sigmoid,2026-10-04T21:41:10Z,calibrated,2,5227,0.02006956929452578,0.022192462215419935,0.002122892920894154
f6b58bf8335645b3a1ece2ca3502e173,application_only,lightgbm,42,4,42,application_only,sigmoid,2026-10-04T21:41:10Z,calibrated,3,5228,0.028809839035299933,0.025439938791124713,-0.0033699002441752203
f6b58bf8335645b3a1ece2ca3502e173,application_only,lightgbm,42,4,42,application_only,sigmoid,2026-10-04T21:41:10Z,calibrated,4,5228,0.03814117985463609,0.03710788064269319,-0.0010332992119428952
f6b58bf8335645b3a1ece2ca3502e173,application_only,lightgbm,42,4,42,application_only,sigmoid,2026-10-04T21:41:10Z,calibrated,5,5228,0.0490597079417895,0.052601377199693954,0.003541669257904452
f6b58bf8335645b3a1ece2ca3502e173,application_only,lightgbm,42,4,42,application_only,sigmoid,2026-10-04T21:41:10Z,calibrated,6,5227,0.06302053536844494,0.06370767170461067,0.0006871363361657251
f6b58bf8335645b3a1ece2ca3502e173,application_only,lightgbm,42,4,42,application_only,sigmoid,2026-10-04T21:41:10Z,calibrated,7,5228,0.08169196980420042,0.07689364957918898,-0.004798320225011435
f6b58bf8335645b3a1ece2ca3502e173,application_only,lightgbm,42,4,42,application_only,sigmoid,2026-10-04T21:41:10Z,calibrated,8,5228,0.10869733392051074,0.10080336648814078,-0.007893967432369961
f6b58bf8335645b3a1ece2ca3502e173,application_only,lightgbm,42,4,42,application_only,sigmoid,2026-10-04T21:41:10Z,calibrated,9,5227,0.1521057935893329,0.14061603214080734,-0.011489761448525565
f6b58bf8335645b3a1ece2ca3502e173,application_only,lightgbm,42,4,42,application_only,sigmoid,2026-10-04T21:41:10Z,calibrated,10,5228,0.25130313675441285,0.27448355011476666,0.023180413360353813
f6b58bf8335645b3a1ece2ca3502e173,history_selected,lightgbm,42,5,42,top_80,sigmoid,2026-10-04T21:41:10Z,raw,1,5228,0.06478897436112784,0.010137719969395562,-0.054651254391732275
f6b58bf8335645b3a1ece2ca3502e173,history_selected,lightgbm,42,5,42,top_80,sigmoid,2026-10-04T21:41:10Z,raw,2,5227,0.12183925203739854,0.017792232638224603,-0.10404701939917393
f6b58bf8335645b3a1ece2ca3502e173,history_selected,lightgbm,42,5,42,top_80,sigmoid,2026-10-04T21:41:10Z,raw,3,5228,0.17382146940862322,0.02620504973221117,-0.14761641967641206
f6b58bf8335645b3a1ece2ca3502e173,history_selected,lightgbm,42,5,42,top_80,sigmoid,2026-10-04T21:41:10Z,raw,4,5227,0.22988750924609877,0.0317581786875837,-0.19812933055851506
f6b58bf8335645b3a1ece2ca3502e173,history_selected,lightgbm,42,5,42,top_80,sigmoid,2026-10-04T21:41:10Z,raw,5,5228,0.2921016248186154,0.04246365723029839,-0.24963796758831702
f6b58bf8335645b3a1ece2ca3502e173,history_selected,lightgbm,42,5,42,top_80,sigmoid,2026-10-04T21:41:10Z,raw,6,5228,0.3629940433595138,0.052601377199693954,-0.31039266615981986
f6b58bf8335645b3a1ece2ca3502e173,history_selected,lightgbm,42,5,42,top_80,sigmoid,2026-10-04T21:41:10Z,raw,7,5227,0.44457085267485136,0.07365601683566099,-0.3709148358391904
f6b58bf8335645b3a1ece2ca3502e173,history_selected,lightgbm,42,5,42,top_80,sigmoid,2026-10-04T21:41:10Z,raw,8,5228,0.5369045967134186,0.10482019892884469,-0.4320843977845739
f6b58bf8335645b3a1ece2ca3502e173,history_selected,lightgbm,42,5,42,top_80,sigmoid,2026-10-04T21:41:10Z,raw,9,5227,0.6428791225741202,0.1564951214845992,-0.48638400108952096
f6b58bf8335645b3a1ece2ca3502e173,history_selected,lightgbm,42,5,42,top_80,sigmoid,2026-10-04T21:41:10Z,raw,10,5228,0.7799082282856968,0.2913159908186687,-0.4885922374670281
f6b58bf8335645b3a1ece2ca3502e173,history_selected,lightgbm,42,5,42,top_80,sigmoid,2026-10-04T21:41:10Z,calibrated,1,5228,0.0080687389862854,0.010137719969395562,0.0020689809831101625
f6b58bf8335645b3a1ece2ca3502e173,history_selected,lightgbm,42,5,42,top_80,sigmoid,2026-10-04T21:41:10Z,calibrated,2,5227,0.015663708338724474,0.017792232638224603,0.0021285242995001293
f6b58bf8335645b3a1ece2ca3502e173,history_selected,lightgbm,42,5,42,top_80,sigmoid,2026-10-04T21:41:10Z,calibrated,3,5228,0.02327306298219585,0.02620504973221117,0.0029319867500153217
f6b58bf8335645b3a1ece2ca3502e173,history_selected,lightgbm,42,5,42,top_80,sigmoid,2026-10-04T21:41:10Z,calibrated,4,5227,0.03237824359696397,0.0317581786875837,-0.000620064909380269
f6b58bf8335645b3a1ece2ca3502e173,history_selected,lightgbm,42,5,42,top_80,sigmoid,2026-10-04T21:41:10Z,calibrated,5,5228,0.04381309848708108,0.04246365723029839,-0.0013494412567826852
f6b58bf8335645b3a1ece2ca3502e173,history_selected,lightgbm,42,5,42,top_80,sigmoid,2026-10-04T21:41:10Z,calibrated,6,5228,0.05901231312321424,0.052601377199693954,-0.006410935923520288
f6b58bf8335645b3a1ece2ca3502e173,history_selected,lightgbm,42,5,42,top_80,sigmoid,2026-10-04T21:41:10Z,calibrated,7,5227,0.08028101987052712,0.07365601683566099,-0.006625003034866128
f6b58bf8335645b3a1ece2ca3502e173,history_selected,lightgbm,42,5,42,top_80,sigmoid,2026-10-04T21:41:10Z,calibrated,8,5228,0.11130800883020424,0.10482019892884469,-0.006487809901359554
f6b58bf8335645b3a1ece2ca3502e173,history_selected,lightgbm,42,5,42,top_80,sigmoid,2026-10-04T21:41:10Z,calibrated,9,5227,0.16162749829129305,0.1564951214845992,-0.005132376806693845
f6b58bf8335645b3a1ece2ca3502e173,history_selected,lightgbm,42,5,42,top_80,sigmoid,2026-10-04T21:41:10Z,calibrated,10,5228,0.2799202298886736,0.2913159908186687,0.011395760929995113
f6b58bf8335645b3a1ece2ca3502e173,training_prevalence,prevalence,42,5,42,training_prevalence,uncalibrated,2026-10-04T21:41:10Z,raw,1,0,,,
f6b58bf8335645b3a1ece2ca3502e173,training_prevalence,prevalence,42,5,42,training_prevalence,uncalibrated,2026-10-04T21:41:10Z,raw,2,0,,,
f6b58bf8335645b3a1ece2ca3502e173,training_prevalence,prevalence,42,5,42,training_prevalence,uncalibrated,2026-10-04T21:41:10Z,raw,3,0,,,
f6b58bf8335645b3a1ece2ca3502e173,training_prevalence,prevalence,42,5,42,training_prevalence,uncalibrated,2026-10-04T21:41:10Z,raw,4,0,,,
f6b58bf8335645b3a1ece2ca3502e173,training_prevalence,prevalence,42,5,42,training_prevalence,uncalibrated,2026-10-04T21:41:10Z,raw,5,52276,0.08073099914602903,0.08072538067181881,-5.618474210225544e-06
f6b58bf8335645b3a1ece2ca3502e173,training_prevalence,prevalence,42,5,42,training_prevalence,uncalibrated,2026-10-04T21:41:10Z,raw,6,0,,,
f6b58bf8335645b3a1ece2ca3502e173,training_prevalence,prevalence,42,5,42,training_prevalence,uncalibrated,2026-10-04T21:41:10Z,raw,7,0,,,
f6b58bf8335645b3a1ece2ca3502e173,training_prevalence,prevalence,42,5,42,training_prevalence,uncalibrated,2026-10-04T21:41:10Z,raw,8,0,,,
f6b58bf8335645b3a1ece2ca3502e173,training_prevalence,prevalence,42,5,42,training_prevalence,uncalibrated,2026-10-04T21:41:10Z,raw,9,0,,,
f6b58bf8335645b3a1ece2ca3502e173,training_prevalence,prevalence,42,5,42,training_prevalence,uncalibrated,2026-10-04T21:41:10Z,raw,10,0,,,
f6b58bf8335645b3a1ece2ca3502e173,training_prevalence,prevalence,42,5,42,training_prevalence,uncalibrated,2026-10-04T21:41:10Z,calibrated,1,0,,,
f6b58bf8335645b3a1ece2ca3502e173,training_prevalence,prevalence,42,5,42,training_prevalence,uncalibrated,2026-10-04T21:41:10Z,calibrated,2,0,,,
f6b58bf8335645b3a1ece2ca3502e173,training_prevalence,prevalence,42,5,42,training_prevalence,uncalibrated,2026-10-04T21:41:10Z,calibrated,3,0,,,
f6b58bf8335645b3a1ece2ca3502e173,training_prevalence,prevalence,42,5,42,training_prevalence,uncalibrated,2026-10-04T21:41:10Z,calibrated,4,0,,,
f6b58bf8335645b3a1ece2ca3502e173,training_prevalence,prevalence,42,5,42,training_prevalence,uncalibrated,2026-10-04T21:41:10Z,calibrated,5,52276,0.08073099914602903,0.08072538067181881,-5.618474210225544e-06
f6b58bf8335645b3a1ece2ca3502e173,training_prevalence,prevalence,42,5,42,training_prevalence,uncalibrated,2026-10-04T21:41:10Z,calibrated,6,0,,,
f6b58bf8335645b3a1ece2ca3502e173,training_prevalence,prevalence,42,5,42,training_prevalence,uncalibrated,2026-10-04T21:41:10Z,calibrated,7,0,,,
f6b58bf8335645b3a1ece2ca3502e173,training_prevalence,prevalence,42,5,42,training_prevalence,uncalibrated,2026-10-04T21:41:10Z,calibrated,8,0,,,
f6b58bf8335645b3a1ece2ca3502e173,training_prevalence,prevalence,42,5,42,training_prevalence,uncalibrated,2026-10-04T21:41:10Z,calibrated,9,0,,,
f6b58bf8335645b3a1ece2ca3502e173,training_prevalence,prevalence,42,5,42,training_prevalence,uncalibrated,2026-10-04T21:41:10Z,calibrated,10,0,,,
f6b58bf8335645b3a1ece2ca3502e173,logistic_fixed,logistic_regression,42,5,42,logistic_fixed,sigmoid,2026-10-04T21:41:10Z,raw,1,5228,0.1010744222391232,0.008990053557765876,-0.09208436868135733
f6b58bf8335645b3a1ece2ca3502e173,logistic_fixed,logistic_regression,42,5,42,logistic_fixed,sigmoid,2026-10-04T21:41:10Z,raw,2,5227,0.17484681376599878,0.01989669026210063,-0.15495012350389814
f6b58bf8335645b3a1ece2ca3502e173,logistic_fixed,logistic_regression,42,5,42,logistic_fixed,sigmoid,2026-10-04T21:41:10Z,raw,3,5228,0.23277398180172618,0.025631216526396328,-0.20714276527532985
f6b58bf8335645b3a1ece2ca3502e173,logistic_fixed,logistic_regression,42,5,42,logistic_fixed,sigmoid,2026-10-04T21:41:10Z,raw,4,5227,0.29028284719511344,0.03673235125310886,-0.2535504959420046
f6b58bf8335645b3a1ece2ca3502e173,logistic_fixed,logistic_regression,42,5,42,logistic_fixed,sigmoid,2026-10-04T21:41:10Z,raw,5,5228,0.34972418959305934,0.040742157612853866,-0.30898203198020546
f6b58bf8335645b3a1ece2ca3502e173,logistic_fixed,logistic_regression,42,5,42,logistic_fixed,sigmoid,2026-10-04T21:41:10Z,raw,6,5228,0.4127846424305498,0.055661820964039786,-0.35712282146651003
f6b58bf8335645b3a1ece2ca3502e173,logistic_fixed,logistic_regression,42,5,42,logistic_fixed,sigmoid,2026-10-04T21:41:10Z,raw,7,5227,0.4844294221395422,0.07556916013009374,-0.40886026200944847
f6b58bf8335645b3a1ece2ca3502e173,logistic_fixed,logistic_regression,42,5,42,logistic_fixed,sigmoid,2026-10-04T21:41:10Z,raw,8,5228,0.5668011552308194,0.11687069625095639,-0.44993045897986306
f6b58bf8335645b3a1ece2ca3502e173,logistic_fixed,logistic_regression,42,5,42,logistic_fixed,sigmoid,2026-10-04T21:41:10Z,raw,9,5227,0.6657862050677025,0.14903386263631146,-0.516752342431391
f6b58bf8335645b3a1ece2ca3502e173,logistic_fixed,logistic_regression,42,5,42,logistic_fixed,sigmoid,2026-10-04T21:41:10Z,raw,10,5228,0.8106636887052968,0.2781178270849273,-0.5325458616203695
f6b58bf8335645b3a1ece2ca3502e173,logistic_fixed,logistic_regression,42,5,42,logistic_fixed,sigmoid,2026-10-04T21:41:10Z,calibrated,1,5228,0.011652382487130743,0.008990053557765876,-0.0026623289293648666
f6b58bf8335645b3a1ece2ca3502e173,logistic_fixed,logistic_regression,42,5,42,logistic_fixed,sigmoid,2026-10-04T21:41:10Z,calibrated,2,5227,0.020739842262059792,0.01989669026210063,-0.0008431519999591609
f6b58bf8335645b3a1ece2ca3502e173,logistic_fixed,logistic_regression,42,5,42,logistic_fixed,sigmoid,2026-10-04T21:41:10Z,calibrated,3,5228,0.028711502169380405,0.025631216526396328,-0.0030802856429840778
f6b58bf8335645b3a1ece2ca3502e173,logistic_fixed,logistic_regression,42,5,42,logistic_fixed,sigmoid,2026-10-04T21:41:10Z,calibrated,4,5227,0.03755645965344266,0.03673235125310886,-0.0008241084003338048
f6b58bf8335645b3a1ece2ca3502e173,logistic_fixed,logistic_regression,42,5,42,logistic_fixed,sigmoid,2026-10-04T21:41:10Z,calibrated,5,5228,0.04792669984102072,0.040742157612853866,-0.0071845422281668556
f6b58bf8335645b3a1ece2ca3502e173,logistic_fixed,logistic_regression,42,5,42,logistic_fixed,sigmoid,2026-10-04T21:41:10Z,calibrated,6,5228,0.060677392671578345,0.055661820964039786,-0.005015571707538559
f6b58bf8335645b3a1ece2ca3502e173,logistic_fixed,logistic_regression,42,5,42,logistic_fixed,sigmoid,2026-10-04T21:41:10Z,calibrated,7,5227,0.07806043453358694,0.07556916013009374,-0.002491274403493199
f6b58bf8335645b3a1ece2ca3502e173,logistic_fixed,logistic_regression,42,5,42,logistic_fixed,sigmoid,2026-10-04T21:41:10Z,calibrated,8,5228,0.10345411182585391,0.11687069625095639,0.013416584425102476
f6b58bf8335645b3a1ece2ca3502e173,logistic_fixed,logistic_regression,42,5,42,logistic_fixed,sigmoid,2026-10-04T21:41:10Z,calibrated,9,5227,0.14642171479802832,0.14903386263631146,0.0026121478382831465
f6b58bf8335645b3a1ece2ca3502e173,logistic_fixed,logistic_regression,42,5,42,logistic_fixed,sigmoid,2026-10-04T21:41:10Z,calibrated,10,5228,0.2761456067499219,0.2781178270849273,0.001972220335005437
f6b58bf8335645b3a1ece2ca3502e173,application_only,lightgbm,42,5,42,application_only,sigmoid,2026-10-04T21:41:10Z,raw,1,5228,0.08259387854238767,0.01262433052792655,-0.06996954801446112
f6b58bf8335645b3a1ece2ca3502e173,application_only,lightgbm,42,5,42,application_only,sigmoid,2026-10-04T21:41:10Z,raw,2,5227,0.1533482713981364,0.02276640520374976,-0.13058186619438664
f6b58bf8335645b3a1ece2ca3502e173,application_only,lightgbm,42,5,42,application_only,sigmoid,2026-10-04T21:41:10Z,raw,3,5228,0.21233435378701884,0.028691660290742157,-0.18364269349627668
f6b58bf8335645b3a1ece2ca3502e173,application_only,lightgbm,42,5,42,application_only,sigmoid,2026-10-04T21:41:10Z,raw,4,5227,0.2721037081301372,0.039602066194757986,-0.2325016419353792
f6b58bf8335645b3a1ece2ca3502e173,application_only,lightgbm,42,5,42,application_only,sigmoid,2026-10-04T21:41:10Z,raw,5,5228,0.334323314421598,0.047436878347360364,-0.28688643607423764
f6b58bf8335645b3a1ece2ca3502e173,application_only,lightgbm,42,5,42,application_only,sigmoid,2026-10-04T21:41:10Z,raw,6,5228,0.39962908008394027,0.06025248661055853,-0.3393765934733817
f6b58bf8335645b3a1ece2ca3502e173,application_only,lightgbm,42,5,42,application_only,sigmoid,2026-10-04T21:41:10Z,raw,7,5227,0.4706487616609288,0.08130859001339201,-0.38934017164753676
f6b58bf8335645b3a1ece2ca3502e173,application_only,lightgbm,42,5,42,application_only,sigmoid,2026-10-04T21:41:10Z,raw,8,5228,0.5507647881705312,0.10348125478194338,-0.44728353338858784
f6b58bf8335645b3a1ece2ca3502e173,application_only,lightgbm,42,5,42,application_only,sigmoid,2026-10-04T21:41:10Z,raw,9,5227,0.6449783828750034,0.1463554620241056,-0.4986229208508978
f6b58bf8335645b3a1ece2ca3502e173,application_only,lightgbm,42,5,42,application_only,sigmoid,2026-10-04T21:41:10Z,raw,10,5228,0.773337401567495,0.26472838561591433,-0.5086090159515806
f6b58bf8335645b3a1ece2ca3502e173,application_only,lightgbm,42,5,42,application_only,sigmoid,2026-10-04T21:41:10Z,calibrated,1,5228,0.009771120331591996,0.01262433052792655,0.002853210196334553
f6b58bf8335645b3a1ece2ca3502e173,application_only,lightgbm,42,5,42,application_only,sigmoid,2026-10-04T21:41:10Z,calibrated,2,5227,0.018993513588717554,0.02276640520374976,0.003772891615032206
f6b58bf8335645b3a1ece2ca3502e173,application_only,lightgbm,42,5,42,application_only,sigmoid,2026-10-04T21:41:10Z,calibrated,3,5228,0.027681674484513537,0.028691660290742157,0.00100998580622862
f6b58bf8335645b3a1ece2ca3502e173,application_only,lightgbm,42,5,42,application_only,sigmoid,2026-10-04T21:41:10Z,calibrated,4,5227,0.037635573890639464,0.039602066194757986,0.0019664923041185223
f6b58bf8335645b3a1ece2ca3502e173,application_only,lightgbm,42,5,42,application_only,sigmoid,2026-10-04T21:41:10Z,calibrated,5,5228,0.04950847644427552,0.047436878347360364,-0.0020715980969151573
f6b58bf8335645b3a1ece2ca3502e173,application_only,lightgbm,42,5,42,application_only,sigmoid,2026-10-04T21:41:10Z,calibrated,6,5228,0.0641035592431042,0.06025248661055853,-0.0038510726325456657
f6b58bf8335645b3a1ece2ca3502e173,application_only,lightgbm,42,5,42,application_only,sigmoid,2026-10-04T21:41:10Z,calibrated,7,5227,0.08321715974850134,0.08130859001339201,-0.0019085697351093334
f6b58bf8335645b3a1ece2ca3502e173,application_only,lightgbm,42,5,42,application_only,sigmoid,2026-10-04T21:41:10Z,calibrated,8,5228,0.1104631214232425,0.10348125478194338,-0.006981866641299114
f6b58bf8335645b3a1ece2ca3502e173,application_only,lightgbm,42,5,42,application_only,sigmoid,2026-10-04T21:41:10Z,calibrated,9,5227,0.1544485785344494,0.1463554620241056,-0.008093116510343806
f6b58bf8335645b3a1ece2ca3502e173,application_only,lightgbm,42,5,42,application_only,sigmoid,2026-10-04T21:41:10Z,calibrated,10,5228,0.26001659389083703,0.26472838561591433,0.004711791725077297
