scope,score_kind,model_run_id,feature_build_id,feature_count,metric_name,metric_value
v1,raw,model_training_v1_b97d83aa46164314be94e77e3c535998,4ad666a7a0464eac9aaa206c04d4e65a,74,roc_auc,0.7714029401735832
v1,raw,model_training_v1_b97d83aa46164314be94e77e3c535998,4ad666a7a0464eac9aaa206c04d4e65a,74,pr_auc,0.261197705790636
v1,raw,model_training_v1_b97d83aa46164314be94e77e3c535998,4ad666a7a0464eac9aaa206c04d4e65a,74,brier_score,0.1698726184326639
v1,raw,model_training_v1_b97d83aa46164314be94e77e3c535998,4ad666a7a0464eac9aaa206c04d4e65a,74,log_loss,0.509291577242086
v1,raw,model_training_v1_b97d83aa46164314be94e77e3c535998,4ad666a7a0464eac9aaa206c04d4e65a,74,min_predicted_probability,0.0032933794727495
v1,raw,model_training_v1_b97d83aa46164314be94e77e3c535998,4ad666a7a0464eac9aaa206c04d4e65a,74,max_predicted_probability,0.965456469911276
v1,raw,model_training_v1_b97d83aa46164314be94e77e3c535998,4ad666a7a0464eac9aaa206c04d4e65a,74,top_decile_lift,3.466477018317681
v1,raw,model_training_v1_b97d83aa46164314be94e77e3c535998,4ad666a7a0464eac9aaa206c04d4e65a,74,precision_at_top_decile,0.2798612616518534
v1,raw,model_training_v1_b97d83aa46164314be94e77e3c535998,4ad666a7a0464eac9aaa206c04d4e65a,74,recall_at_manual_review_capacity,0.3466702470461869
post_v1,raw,model_training_v1_1fc686a85c2a45deba87ae4577a37540,63ccf5a9eb534d27870efc2f47d4d3e0,174,roc_auc,0.7808214353031636
post_v1,raw,model_training_v1_1fc686a85c2a45deba87ae4577a37540,63ccf5a9eb534d27870efc2f47d4d3e0,174,pr_auc,0.2751055493895648
post_v1,raw,model_training_v1_1fc686a85c2a45deba87ae4577a37540,63ccf5a9eb534d27870efc2f47d4d3e0,174,brier_score,0.1732026079671693
post_v1,raw,model_training_v1_1fc686a85c2a45deba87ae4577a37540,63ccf5a9eb534d27870efc2f47d4d3e0,174,log_loss,0.5178919104433735
post_v1,raw,model_training_v1_1fc686a85c2a45deba87ae4577a37540,63ccf5a9eb534d27870efc2f47d4d3e0,174,min_predicted_probability,0.0090054401369454
post_v1,raw,model_training_v1_1fc686a85c2a45deba87ae4577a37540,63ccf5a9eb534d27870efc2f47d4d3e0,174,max_predicted_probability,0.9532846114804846
post_v1,raw,model_training_v1_1fc686a85c2a45deba87ae4577a37540,63ccf5a9eb534d27870efc2f47d4d3e0,174,top_decile_lift,3.678600708826664
post_v1,raw,model_training_v1_1fc686a85c2a45deba87ae4577a37540,63ccf5a9eb534d27870efc2f47d4d3e0,174,precision_at_top_decile,0.2969867765011922
post_v1,raw,model_training_v1_1fc686a85c2a45deba87ae4577a37540,63ccf5a9eb534d27870efc2f47d4d3e0,174,recall_at_manual_review_capacity,0.3678839957035446
