workflow,split_seed,outer_fold,calibration_method,feature_count,candidate_name
application_only,42,1,sigmoid,31,rank_focused_class_weighted
history_selected,42,1,sigmoid,174,feature_subsample_regularized
logistic_fixed,42,1,sigmoid,174,fixed_C1_lbfgs
training_prevalence,42,1,uncalibrated,0,training_prevalence
application_only,42,2,sigmoid,31,lighter_weight_calibrated
history_selected,42,2,sigmoid,80,feature_subsample_regularized
logistic_fixed,42,2,sigmoid,174,fixed_C1_lbfgs
training_prevalence,42,2,uncalibrated,0,training_prevalence
application_only,42,3,sigmoid,31,lighter_weight_calibrated
history_selected,42,3,sigmoid,174,feature_subsample_regularized
logistic_fixed,42,3,sigmoid,174,fixed_C1_lbfgs
training_prevalence,42,3,uncalibrated,0,training_prevalence
application_only,42,4,sigmoid,31,regularized_low_learning_rate
history_selected,42,4,sigmoid,80,lighter_weight_calibrated
logistic_fixed,42,4,sigmoid,174,fixed_C1_lbfgs
training_prevalence,42,4,uncalibrated,0,training_prevalence
application_only,42,5,sigmoid,31,regularized_low_learning_rate
history_selected,42,5,sigmoid,80,regularized_low_learning_rate
logistic_fixed,42,5,sigmoid,174,fixed_C1_lbfgs
training_prevalence,42,5,uncalibrated,0,training_prevalence
