run_id,workflow,model_family,split_seed,outer_fold,model_seed,feature_set,calibration_method,created_at,margin_multiplier,loss_multiplier,review_multiplier,utility_per_applicant
f6b58bf8335645b3a1ece2ca3502e173,history_selected,lightgbm,42,1,42,full,sigmoid,2026-10-04T21:41:10Z,0.5,0.5,0.5,288.74983262237697
f6b58bf8335645b3a1ece2ca3502e173,history_selected,lightgbm,42,1,42,full,sigmoid,2026-10-04T21:41:10Z,0.5,0.5,1.0,286.2912944507145
f6b58bf8335645b3a1ece2ca3502e173,history_selected,lightgbm,42,1,42,full,sigmoid,2026-10-04T21:41:10Z,0.5,0.5,2.0,281.3742181073895
f6b58bf8335645b3a1ece2ca3502e173,history_selected,lightgbm,42,1,42,full,sigmoid,2026-10-04T21:41:10Z,0.5,1.0,0.5,196.3573847007288
f6b58bf8335645b3a1ece2ca3502e173,history_selected,lightgbm,42,1,42,full,sigmoid,2026-10-04T21:41:10Z,0.5,1.0,1.0,193.89884652906633
f6b58bf8335645b3a1ece2ca3502e173,history_selected,lightgbm,42,1,42,full,sigmoid,2026-10-04T21:41:10Z,0.5,1.0,2.0,188.98177018574134
f6b58bf8335645b3a1ece2ca3502e173,history_selected,lightgbm,42,1,42,full,sigmoid,2026-10-04T21:41:10Z,0.5,2.0,0.5,11.572488857432523
f6b58bf8335645b3a1ece2ca3502e173,history_selected,lightgbm,42,1,42,full,sigmoid,2026-10-04T21:41:10Z,0.5,2.0,1.0,9.113950685770032
f6b58bf8335645b3a1ece2ca3502e173,history_selected,lightgbm,42,1,42,full,sigmoid,2026-10-04T21:41:10Z,0.5,2.0,2.0,4.196874342445052
f6b58bf8335645b3a1ece2ca3502e173,history_selected,lightgbm,42,1,42,full,sigmoid,2026-10-04T21:41:10Z,1.0,0.5,0.5,672.3506513380645
f6b58bf8335645b3a1ece2ca3502e173,history_selected,lightgbm,42,1,42,full,sigmoid,2026-10-04T21:41:10Z,1.0,0.5,1.0,669.892113166402
f6b58bf8335645b3a1ece2ca3502e173,history_selected,lightgbm,42,1,42,full,sigmoid,2026-10-04T21:41:10Z,1.0,0.5,2.0,664.9750368230771
f6b58bf8335645b3a1ece2ca3502e173,history_selected,lightgbm,42,1,42,full,sigmoid,2026-10-04T21:41:10Z,1.0,1.0,0.5,579.9582034164164
f6b58bf8335645b3a1ece2ca3502e173,history_selected,lightgbm,42,1,42,full,sigmoid,2026-10-04T21:41:10Z,1.0,1.0,1.0,577.4996652447539
f6b58bf8335645b3a1ece2ca3502e173,history_selected,lightgbm,42,1,42,full,sigmoid,2026-10-04T21:41:10Z,1.0,1.0,2.0,572.582588901429
f6b58bf8335645b3a1ece2ca3502e173,history_selected,lightgbm,42,1,42,full,sigmoid,2026-10-04T21:41:10Z,1.0,2.0,0.5,395.1733075731201
f6b58bf8335645b3a1ece2ca3502e173,history_selected,lightgbm,42,1,42,full,sigmoid,2026-10-04T21:41:10Z,1.0,2.0,1.0,392.7147694014576
f6b58bf8335645b3a1ece2ca3502e173,history_selected,lightgbm,42,1,42,full,sigmoid,2026-10-04T21:41:10Z,1.0,2.0,2.0,387.79769305813267
f6b58bf8335645b3a1ece2ca3502e173,history_selected,lightgbm,42,1,42,full,sigmoid,2026-10-04T21:41:10Z,2.0,0.5,0.5,1439.5522887694397
f6b58bf8335645b3a1ece2ca3502e173,history_selected,lightgbm,42,1,42,full,sigmoid,2026-10-04T21:41:10Z,2.0,0.5,1.0,1437.0937505977772
f6b58bf8335645b3a1ece2ca3502e173,history_selected,lightgbm,42,1,42,full,sigmoid,2026-10-04T21:41:10Z,2.0,0.5,2.0,1432.1766742544523
f6b58bf8335645b3a1ece2ca3502e173,history_selected,lightgbm,42,1,42,full,sigmoid,2026-10-04T21:41:10Z,2.0,1.0,0.5,1347.1598408477917
f6b58bf8335645b3a1ece2ca3502e173,history_selected,lightgbm,42,1,42,full,sigmoid,2026-10-04T21:41:10Z,2.0,1.0,1.0,1344.701302676129
f6b58bf8335645b3a1ece2ca3502e173,history_selected,lightgbm,42,1,42,full,sigmoid,2026-10-04T21:41:10Z,2.0,1.0,2.0,1339.784226332804
f6b58bf8335645b3a1ece2ca3502e173,history_selected,lightgbm,42,1,42,full,sigmoid,2026-10-04T21:41:10Z,2.0,2.0,0.5,1162.3749450044952
f6b58bf8335645b3a1ece2ca3502e173,history_selected,lightgbm,42,1,42,full,sigmoid,2026-10-04T21:41:10Z,2.0,2.0,1.0,1159.9164068328328
f6b58bf8335645b3a1ece2ca3502e173,history_selected,lightgbm,42,1,42,full,sigmoid,2026-10-04T21:41:10Z,2.0,2.0,2.0,1154.9993304895079
f6b58bf8335645b3a1ece2ca3502e173,logistic_fixed,logistic_regression,42,1,42,logistic_fixed,sigmoid,2026-10-04T21:41:10Z,0.5,0.5,0.5,284.28611052661785
f6b58bf8335645b3a1ece2ca3502e173,logistic_fixed,logistic_regression,42,1,42,logistic_fixed,sigmoid,2026-10-04T21:41:10Z,0.5,0.5,1.0,281.7252328940069
f6b58bf8335645b3a1ece2ca3502e173,logistic_fixed,logistic_regression,42,1,42,logistic_fixed,sigmoid,2026-10-04T21:41:10Z,0.5,0.5,2.0,276.60347762878513
f6b58bf8335645b3a1ece2ca3502e173,logistic_fixed,logistic_regression,42,1,42,logistic_fixed,sigmoid,2026-10-04T21:41:10Z,0.5,1.0,0.5,189.3112649922528
f6b58bf8335645b3a1ece2ca3502e173,logistic_fixed,logistic_regression,42,1,42,logistic_fixed,sigmoid,2026-10-04T21:41:10Z,0.5,1.0,1.0,186.7503873596419
f6b58bf8335645b3a1ece2ca3502e173,logistic_fixed,logistic_regression,42,1,42,logistic_fixed,sigmoid,2026-10-04T21:41:10Z,0.5,1.0,2.0,181.6286320944201
f6b58bf8335645b3a1ece2ca3502e173,logistic_fixed,logistic_regression,42,1,42,logistic_fixed,sigmoid,2026-10-04T21:41:10Z,0.5,2.0,0.5,-0.638426076477227
f6b58bf8335645b3a1ece2ca3502e173,logistic_fixed,logistic_regression,42,1,42,logistic_fixed,sigmoid,2026-10-04T21:41:10Z,0.5,2.0,1.0,-3.199303709088127
f6b58bf8335645b3a1ece2ca3502e173,logistic_fixed,logistic_regression,42,1,42,logistic_fixed,sigmoid,2026-10-04T21:41:10Z,0.5,2.0,2.0,-8.321058974309926
f6b58bf8335645b3a1ece2ca3502e173,logistic_fixed,logistic_regression,42,1,42,logistic_fixed,sigmoid,2026-10-04T21:41:10Z,1.0,0.5,0.5,666.1079442202116
f6b58bf8335645b3a1ece2ca3502e173,logistic_fixed,logistic_regression,42,1,42,logistic_fixed,sigmoid,2026-10-04T21:41:10Z,1.0,0.5,1.0,663.5470665876006
f6b58bf8335645b3a1ece2ca3502e173,logistic_fixed,logistic_regression,42,1,42,logistic_fixed,sigmoid,2026-10-04T21:41:10Z,1.0,0.5,2.0,658.4253113223789
f6b58bf8335645b3a1ece2ca3502e173,logistic_fixed,logistic_regression,42,1,42,logistic_fixed,sigmoid,2026-10-04T21:41:10Z,1.0,1.0,0.5,571.1330986858466
f6b58bf8335645b3a1ece2ca3502e173,logistic_fixed,logistic_regression,42,1,42,logistic_fixed,sigmoid,2026-10-04T21:41:10Z,1.0,1.0,1.0,568.5722210532357
f6b58bf8335645b3a1ece2ca3502e173,logistic_fixed,logistic_regression,42,1,42,logistic_fixed,sigmoid,2026-10-04T21:41:10Z,1.0,1.0,2.0,563.4504657880138
f6b58bf8335645b3a1ece2ca3502e173,logistic_fixed,logistic_regression,42,1,42,logistic_fixed,sigmoid,2026-10-04T21:41:10Z,1.0,2.0,0.5,381.18340761711653
f6b58bf8335645b3a1ece2ca3502e173,logistic_fixed,logistic_regression,42,1,42,logistic_fixed,sigmoid,2026-10-04T21:41:10Z,1.0,2.0,1.0,378.6225299845056
f6b58bf8335645b3a1ece2ca3502e173,logistic_fixed,logistic_regression,42,1,42,logistic_fixed,sigmoid,2026-10-04T21:41:10Z,1.0,2.0,2.0,373.5007747192838
f6b58bf8335645b3a1ece2ca3502e173,logistic_fixed,logistic_regression,42,1,42,logistic_fixed,sigmoid,2026-10-04T21:41:10Z,2.0,0.5,0.5,1429.7516116073991
f6b58bf8335645b3a1ece2ca3502e173,logistic_fixed,logistic_regression,42,1,42,logistic_fixed,sigmoid,2026-10-04T21:41:10Z,2.0,0.5,1.0,1427.1907339747881
f6b58bf8335645b3a1ece2ca3502e173,logistic_fixed,logistic_regression,42,1,42,logistic_fixed,sigmoid,2026-10-04T21:41:10Z,2.0,0.5,2.0,1422.0689787095664
f6b58bf8335645b3a1ece2ca3502e173,logistic_fixed,logistic_regression,42,1,42,logistic_fixed,sigmoid,2026-10-04T21:41:10Z,2.0,1.0,0.5,1334.776766073034
f6b58bf8335645b3a1ece2ca3502e173,logistic_fixed,logistic_regression,42,1,42,logistic_fixed,sigmoid,2026-10-04T21:41:10Z,2.0,1.0,1.0,1332.2158884404232
f6b58bf8335645b3a1ece2ca3502e173,logistic_fixed,logistic_regression,42,1,42,logistic_fixed,sigmoid,2026-10-04T21:41:10Z,2.0,1.0,2.0,1327.0941331752013
f6b58bf8335645b3a1ece2ca3502e173,logistic_fixed,logistic_regression,42,1,42,logistic_fixed,sigmoid,2026-10-04T21:41:10Z,2.0,2.0,0.5,1144.827075004304
f6b58bf8335645b3a1ece2ca3502e173,logistic_fixed,logistic_regression,42,1,42,logistic_fixed,sigmoid,2026-10-04T21:41:10Z,2.0,2.0,1.0,1142.2661973716931
f6b58bf8335645b3a1ece2ca3502e173,logistic_fixed,logistic_regression,42,1,42,logistic_fixed,sigmoid,2026-10-04T21:41:10Z,2.0,2.0,2.0,1137.1444421064714
f6b58bf8335645b3a1ece2ca3502e173,application_only,lightgbm,42,1,42,application_only,sigmoid,2026-10-04T21:41:10Z,0.5,0.5,0.5,276.6996002065918
f6b58bf8335645b3a1ece2ca3502e173,application_only,lightgbm,42,1,42,application_only,sigmoid,2026-10-04T21:41:10Z,0.5,0.5,1.0,274.25158291409224
f6b58bf8335645b3a1ece2ca3502e173,application_only,lightgbm,42,1,42,application_only,sigmoid,2026-10-04T21:41:10Z,0.5,0.5,2.0,269.3555483290931
f6b58bf8335645b3a1ece2ca3502e173,application_only,lightgbm,42,1,42,application_only,sigmoid,2026-10-04T21:41:10Z,0.5,1.0,0.5,174.93400539434168
f6b58bf8335645b3a1ece2ca3502e173,application_only,lightgbm,42,1,42,application_only,sigmoid,2026-10-04T21:41:10Z,0.5,1.0,1.0,172.4859881018421
f6b58bf8335645b3a1ece2ca3502e173,application_only,lightgbm,42,1,42,application_only,sigmoid,2026-10-04T21:41:10Z,0.5,1.0,2.0,167.58995351684297
f6b58bf8335645b3a1ece2ca3502e173,application_only,lightgbm,42,1,42,application_only,sigmoid,2026-10-04T21:41:10Z,0.5,2.0,0.5,-28.59718423015858
f6b58bf8335645b3a1ece2ca3502e173,application_only,lightgbm,42,1,42,application_only,sigmoid,2026-10-04T21:41:10Z,0.5,2.0,1.0,-31.045201522658147
f6b58bf8335645b3a1ece2ca3502e173,application_only,lightgbm,42,1,42,application_only,sigmoid,2026-10-04T21:41:10Z,0.5,2.0,2.0,-35.94123610765729
f6b58bf8335645b3a1ece2ca3502e173,application_only,lightgbm,42,1,42,application_only,sigmoid,2026-10-04T21:41:10Z,1.0,0.5,0.5,657.6128125179333
f6b58bf8335645b3a1ece2ca3502e173,application_only,lightgbm,42,1,42,application_only,sigmoid,2026-10-04T21:41:10Z,1.0,0.5,1.0,655.1647952254337
f6b58bf8335645b3a1ece2ca3502e173,application_only,lightgbm,42,1,42,application_only,sigmoid,2026-10-04T21:41:10Z,1.0,0.5,2.0,650.2687606404346
f6b58bf8335645b3a1ece2ca3502e173,application_only,lightgbm,42,1,42,application_only,sigmoid,2026-10-04T21:41:10Z,1.0,1.0,0.5,555.8472177056832
f6b58bf8335645b3a1ece2ca3502e173,application_only,lightgbm,42,1,42,application_only,sigmoid,2026-10-04T21:41:10Z,1.0,1.0,1.0,553.3992004131836
f6b58bf8335645b3a1ece2ca3502e173,application_only,lightgbm,42,1,42,application_only,sigmoid,2026-10-04T21:41:10Z,1.0,1.0,2.0,548.5031658281845
f6b58bf8335645b3a1ece2ca3502e173,application_only,lightgbm,42,1,42,application_only,sigmoid,2026-10-04T21:41:10Z,1.0,2.0,0.5,352.31602808118294
f6b58bf8335645b3a1ece2ca3502e173,application_only,lightgbm,42,1,42,application_only,sigmoid,2026-10-04T21:41:10Z,1.0,2.0,1.0,349.86801078868336
f6b58bf8335645b3a1ece2ca3502e173,application_only,lightgbm,42,1,42,application_only,sigmoid,2026-10-04T21:41:10Z,1.0,2.0,2.0,344.9719762036842
f6b58bf8335645b3a1ece2ca3502e173,application_only,lightgbm,42,1,42,application_only,sigmoid,2026-10-04T21:41:10Z,2.0,0.5,0.5,1419.4392371406163
f6b58bf8335645b3a1ece2ca3502e173,application_only,lightgbm,42,1,42,application_only,sigmoid,2026-10-04T21:41:10Z,2.0,0.5,1.0,1416.9912198481168
f6b58bf8335645b3a1ece2ca3502e173,application_only,lightgbm,42,1,42,application_only,sigmoid,2026-10-04T21:41:10Z,2.0,0.5,2.0,1412.0951852631176
f6b58bf8335645b3a1ece2ca3502e173,application_only,lightgbm,42,1,42,application_only,sigmoid,2026-10-04T21:41:10Z,2.0,1.0,0.5,1317.6736423283662
f6b58bf8335645b3a1ece2ca3502e173,application_only,lightgbm,42,1,42,application_only,sigmoid,2026-10-04T21:41:10Z,2.0,1.0,1.0,1315.2256250358666
f6b58bf8335645b3a1ece2ca3502e173,application_only,lightgbm,42,1,42,application_only,sigmoid,2026-10-04T21:41:10Z,2.0,1.0,2.0,1310.3295904508675
f6b58bf8335645b3a1ece2ca3502e173,application_only,lightgbm,42,1,42,application_only,sigmoid,2026-10-04T21:41:10Z,2.0,2.0,0.5,1114.142452703866
f6b58bf8335645b3a1ece2ca3502e173,application_only,lightgbm,42,1,42,application_only,sigmoid,2026-10-04T21:41:10Z,2.0,2.0,1.0,1111.6944354113664
f6b58bf8335645b3a1ece2ca3502e173,application_only,lightgbm,42,1,42,application_only,sigmoid,2026-10-04T21:41:10Z,2.0,2.0,2.0,1106.7984008263672
f6b58bf8335645b3a1ece2ca3502e173,history_selected,lightgbm,42,2,42,top_80,sigmoid,2026-10-04T21:41:10Z,0.5,0.5,0.5,286.83120684048436
f6b58bf8335645b3a1ece2ca3502e173,history_selected,lightgbm,42,2,42,top_80,sigmoid,2026-10-04T21:41:10Z,0.5,0.5,1.0,284.28085008703636
f6b58bf8335645b3a1ece2ca3502e173,history_selected,lightgbm,42,2,42,top_80,sigmoid,2026-10-04T21:41:10Z,0.5,0.5,2.0,279.1801365801404
f6b58bf8335645b3a1ece2ca3502e173,history_selected,lightgbm,42,2,42,top_80,sigmoid,2026-10-04T21:41:10Z,0.5,1.0,0.5,195.3952024791017
f6b58bf8335645b3a1ece2ca3502e173,history_selected,lightgbm,42,2,42,top_80,sigmoid,2026-10-04T21:41:10Z,0.5,1.0,1.0,192.84484572565373
f6b58bf8335645b3a1ece2ca3502e173,history_selected,lightgbm,42,2,42,top_80,sigmoid,2026-10-04T21:41:10Z,0.5,1.0,2.0,187.74413221875778
f6b58bf8335645b3a1ece2ca3502e173,history_selected,lightgbm,42,2,42,top_80,sigmoid,2026-10-04T21:41:10Z,0.5,2.0,0.5,12.523193756336438
f6b58bf8335645b3a1ece2ca3502e173,history_selected,lightgbm,42,2,42,top_80,sigmoid,2026-10-04T21:41:10Z,0.5,2.0,1.0,9.97283700288846
f6b58bf8335645b3a1ece2ca3502e173,history_selected,lightgbm,42,2,42,top_80,sigmoid,2026-10-04T21:41:10Z,0.5,2.0,2.0,4.8721234959925015
f6b58bf8335645b3a1ece2ca3502e173,history_selected,lightgbm,42,2,42,top_80,sigmoid,2026-10-04T21:41:10Z,1.0,0.5,0.5,667.6487747957993
f6b58bf8335645b3a1ece2ca3502e173,history_selected,lightgbm,42,2,42,top_80,sigmoid,2026-10-04T21:41:10Z,1.0,0.5,1.0,665.0984180423513
f6b58bf8335645b3a1ece2ca3502e173,history_selected,lightgbm,42,2,42,top_80,sigmoid,2026-10-04T21:41:10Z,1.0,0.5,2.0,659.9977045354553
f6b58bf8335645b3a1ece2ca3502e173,history_selected,lightgbm,42,2,42,top_80,sigmoid,2026-10-04T21:41:10Z,1.0,1.0,0.5,576.2127704344167
f6b58bf8335645b3a1ece2ca3502e173,history_selected,lightgbm,42,2,42,top_80,sigmoid,2026-10-04T21:41:10Z,1.0,1.0,1.0,573.6624136809687
f6b58bf8335645b3a1ece2ca3502e173,history_selected,lightgbm,42,2,42,top_80,sigmoid,2026-10-04T21:41:10Z,1.0,1.0,2.0,568.5617001740727
f6b58bf8335645b3a1ece2ca3502e173,history_selected,lightgbm,42,2,42,top_80,sigmoid,2026-10-04T21:41:10Z,1.0,2.0,0.5,393.3407617116514
f6b58bf8335645b3a1ece2ca3502e173,history_selected,lightgbm,42,2,42,top_80,sigmoid,2026-10-04T21:41:10Z,1.0,2.0,1.0,390.7904049582034
f6b58bf8335645b3a1ece2ca3502e173,history_selected,lightgbm,42,2,42,top_80,sigmoid,2026-10-04T21:41:10Z,1.0,2.0,2.0,385.68969145130745
f6b58bf8335645b3a1ece2ca3502e173,history_selected,lightgbm,42,2,42,top_80,sigmoid,2026-10-04T21:41:10Z,2.0,0.5,0.5,1429.2839107064292
f6b58bf8335645b3a1ece2ca3502e173,history_selected,lightgbm,42,2,42,top_80,sigmoid,2026-10-04T21:41:10Z,2.0,0.5,1.0,1426.7335539529813
f6b58bf8335645b3a1ece2ca3502e173,history_selected,lightgbm,42,2,42,top_80,sigmoid,2026-10-04T21:41:10Z,2.0,0.5,2.0,1421.6328404460853
f6b58bf8335645b3a1ece2ca3502e173,history_selected,lightgbm,42,2,42,top_80,sigmoid,2026-10-04T21:41:10Z,2.0,1.0,0.5,1337.8479063450466
f6b58bf8335645b3a1ece2ca3502e173,history_selected,lightgbm,42,2,42,top_80,sigmoid,2026-10-04T21:41:10Z,2.0,1.0,1.0,1335.2975495915987
f6b58bf8335645b3a1ece2ca3502e173,history_selected,lightgbm,42,2,42,top_80,sigmoid,2026-10-04T21:41:10Z,2.0,1.0,2.0,1330.1968360847027
f6b58bf8335645b3a1ece2ca3502e173,history_selected,lightgbm,42,2,42,top_80,sigmoid,2026-10-04T21:41:10Z,2.0,2.0,0.5,1154.9758976222813
f6b58bf8335645b3a1ece2ca3502e173,history_selected,lightgbm,42,2,42,top_80,sigmoid,2026-10-04T21:41:10Z,2.0,2.0,1.0,1152.4255408688334
f6b58bf8335645b3a1ece2ca3502e173,history_selected,lightgbm,42,2,42,top_80,sigmoid,2026-10-04T21:41:10Z,2.0,2.0,2.0,1147.3248273619374
f6b58bf8335645b3a1ece2ca3502e173,logistic_fixed,logistic_regression,42,2,42,logistic_fixed,sigmoid,2026-10-04T21:41:10Z,0.5,0.5,0.5,284.34493180557416
f6b58bf8335645b3a1ece2ca3502e173,logistic_fixed,logistic_regression,42,2,42,logistic_fixed,sigmoid,2026-10-04T21:41:10Z,0.5,0.5,1.0,281.8620043231249
f6b58bf8335645b3a1ece2ca3502e173,logistic_fixed,logistic_regression,42,2,42,logistic_fixed,sigmoid,2026-10-04T21:41:10Z,0.5,0.5,2.0,276.89614935822635
f6b58bf8335645b3a1ece2ca3502e173,logistic_fixed,logistic_regression,42,2,42,logistic_fixed,sigmoid,2026-10-04T21:41:10Z,0.5,1.0,0.5,189.70484151730207
f6b58bf8335645b3a1ece2ca3502e173,logistic_fixed,logistic_regression,42,2,42,logistic_fixed,sigmoid,2026-10-04T21:41:10Z,0.5,1.0,1.0,187.2219140348528
f6b58bf8335645b3a1ece2ca3502e173,logistic_fixed,logistic_regression,42,2,42,logistic_fixed,sigmoid,2026-10-04T21:41:10Z,0.5,1.0,2.0,182.2560590699543
f6b58bf8335645b3a1ece2ca3502e173,logistic_fixed,logistic_regression,42,2,42,logistic_fixed,sigmoid,2026-10-04T21:41:10Z,0.5,2.0,0.5,0.42466094075788585
f6b58bf8335645b3a1ece2ca3502e173,logistic_fixed,logistic_regression,42,2,42,logistic_fixed,sigmoid,2026-10-04T21:41:10Z,0.5,2.0,1.0,-2.0582665416913746
f6b58bf8335645b3a1ece2ca3502e173,logistic_fixed,logistic_regression,42,2,42,logistic_fixed,sigmoid,2026-10-04T21:41:10Z,0.5,2.0,2.0,-7.024121506589896
f6b58bf8335645b3a1ece2ca3502e173,logistic_fixed,logistic_regression,42,2,42,logistic_fixed,sigmoid,2026-10-04T21:41:10Z,1.0,0.5,0.5,665.8128813818696
f6b58bf8335645b3a1ece2ca3502e173,logistic_fixed,logistic_regression,42,2,42,logistic_fixed,sigmoid,2026-10-04T21:41:10Z,1.0,0.5,1.0,663.3299538994204
f6b58bf8335645b3a1ece2ca3502e173,logistic_fixed,logistic_regression,42,2,42,logistic_fixed,sigmoid,2026-10-04T21:41:10Z,1.0,0.5,2.0,658.3640989345218
f6b58bf8335645b3a1ece2ca3502e173,logistic_fixed,logistic_regression,42,2,42,logistic_fixed,sigmoid,2026-10-04T21:41:10Z,1.0,1.0,0.5,571.1727910935975
f6b58bf8335645b3a1ece2ca3502e173,logistic_fixed,logistic_regression,42,2,42,logistic_fixed,sigmoid,2026-10-04T21:41:10Z,1.0,1.0,1.0,568.6898636111483
f6b58bf8335645b3a1ece2ca3502e173,logistic_fixed,logistic_regression,42,2,42,logistic_fixed,sigmoid,2026-10-04T21:41:10Z,1.0,1.0,2.0,563.7240086462498
f6b58bf8335645b3a1ece2ca3502e173,logistic_fixed,logistic_regression,42,2,42,logistic_fixed,sigmoid,2026-10-04T21:41:10Z,1.0,2.0,0.5,381.8926105170534
f6b58bf8335645b3a1ece2ca3502e173,logistic_fixed,logistic_regression,42,2,42,logistic_fixed,sigmoid,2026-10-04T21:41:10Z,1.0,2.0,1.0,379.40968303460414
f6b58bf8335645b3a1ece2ca3502e173,logistic_fixed,logistic_regression,42,2,42,logistic_fixed,sigmoid,2026-10-04T21:41:10Z,1.0,2.0,2.0,374.4438280697056
f6b58bf8335645b3a1ece2ca3502e173,logistic_fixed,logistic_regression,42,2,42,logistic_fixed,sigmoid,2026-10-04T21:41:10Z,2.0,0.5,0.5,1428.7487805344606
f6b58bf8335645b3a1ece2ca3502e173,logistic_fixed,logistic_regression,42,2,42,logistic_fixed,sigmoid,2026-10-04T21:41:10Z,2.0,0.5,1.0,1426.2658530520114
f6b58bf8335645b3a1ece2ca3502e173,logistic_fixed,logistic_regression,42,2,42,logistic_fixed,sigmoid,2026-10-04T21:41:10Z,2.0,0.5,2.0,1421.299998087113
f6b58bf8335645b3a1ece2ca3502e173,logistic_fixed,logistic_regression,42,2,42,logistic_fixed,sigmoid,2026-10-04T21:41:10Z,2.0,1.0,0.5,1334.1086902461886
f6b58bf8335645b3a1ece2ca3502e173,logistic_fixed,logistic_regression,42,2,42,logistic_fixed,sigmoid,2026-10-04T21:41:10Z,2.0,1.0,1.0,1331.6257627637392
f6b58bf8335645b3a1ece2ca3502e173,logistic_fixed,logistic_regression,42,2,42,logistic_fixed,sigmoid,2026-10-04T21:41:10Z,2.0,1.0,2.0,1326.6599077988408
f6b58bf8335645b3a1ece2ca3502e173,logistic_fixed,logistic_regression,42,2,42,logistic_fixed,sigmoid,2026-10-04T21:41:10Z,2.0,2.0,0.5,1144.8285096696443
f6b58bf8335645b3a1ece2ca3502e173,logistic_fixed,logistic_regression,42,2,42,logistic_fixed,sigmoid,2026-10-04T21:41:10Z,2.0,2.0,1.0,1142.345582187195
f6b58bf8335645b3a1ece2ca3502e173,logistic_fixed,logistic_regression,42,2,42,logistic_fixed,sigmoid,2026-10-04T21:41:10Z,2.0,2.0,2.0,1137.3797272222967
f6b58bf8335645b3a1ece2ca3502e173,application_only,lightgbm,42,2,42,application_only,sigmoid,2026-10-04T21:41:10Z,0.5,0.5,0.5,279.05436425196547
f6b58bf8335645b3a1ece2ca3502e173,application_only,lightgbm,42,2,42,application_only,sigmoid,2026-10-04T21:41:10Z,0.5,0.5,1.0,276.5508732329705
f6b58bf8335645b3a1ece2ca3502e173,application_only,lightgbm,42,2,42,application_only,sigmoid,2026-10-04T21:41:10Z,0.5,0.5,2.0,271.5438911949806
f6b58bf8335645b3a1ece2ca3502e173,application_only,lightgbm,42,2,42,application_only,sigmoid,2026-10-04T21:41:10Z,0.5,1.0,0.5,181.40147674885705
f6b58bf8335645b3a1ece2ca3502e173,application_only,lightgbm,42,2,42,application_only,sigmoid,2026-10-04T21:41:10Z,0.5,1.0,1.0,178.89798572986209
f6b58bf8335645b3a1ece2ca3502e173,application_only,lightgbm,42,2,42,application_only,sigmoid,2026-10-04T21:41:10Z,0.5,1.0,2.0,173.89100369187213
f6b58bf8335645b3a1ece2ca3502e173,application_only,lightgbm,42,2,42,application_only,sigmoid,2026-10-04T21:41:10Z,0.5,2.0,0.5,-13.904298257359834
f6b58bf8335645b3a1ece2ca3502e173,application_only,lightgbm,42,2,42,application_only,sigmoid,2026-10-04T21:41:10Z,0.5,2.0,1.0,-16.4077892763548
f6b58bf8335645b3a1ece2ca3502e173,application_only,lightgbm,42,2,42,application_only,sigmoid,2026-10-04T21:41:10Z,0.5,2.0,2.0,-21.41477131434474
f6b58bf8335645b3a1ece2ca3502e173,application_only,lightgbm,42,2,42,application_only,sigmoid,2026-10-04T21:41:10Z,1.0,0.5,0.5,658.2651070260343
f6b58bf8335645b3a1ece2ca3502e173,application_only,lightgbm,42,2,42,application_only,sigmoid,2026-10-04T21:41:10Z,1.0,0.5,1.0,655.7616160070394
f6b58bf8335645b3a1ece2ca3502e173,application_only,lightgbm,42,2,42,application_only,sigmoid,2026-10-04T21:41:10Z,1.0,0.5,2.0,650.7546339690495
f6b58bf8335645b3a1ece2ca3502e173,application_only,lightgbm,42,2,42,application_only,sigmoid,2026-10-04T21:41:10Z,1.0,1.0,0.5,560.6122195229259
f6b58bf8335645b3a1ece2ca3502e173,application_only,lightgbm,42,2,42,application_only,sigmoid,2026-10-04T21:41:10Z,1.0,1.0,1.0,558.1087285039309
f6b58bf8335645b3a1ece2ca3502e173,application_only,lightgbm,42,2,42,application_only,sigmoid,2026-10-04T21:41:10Z,1.0,1.0,2.0,553.101746465941
f6b58bf8335645b3a1ece2ca3502e173,application_only,lightgbm,42,2,42,application_only,sigmoid,2026-10-04T21:41:10Z,1.0,2.0,0.5,365.30644451670906
f6b58bf8335645b3a1ece2ca3502e173,application_only,lightgbm,42,2,42,application_only,sigmoid,2026-10-04T21:41:10Z,1.0,2.0,1.0,362.8029534977141
f6b58bf8335645b3a1ece2ca3502e173,application_only,lightgbm,42,2,42,application_only,sigmoid,2026-10-04T21:41:10Z,1.0,2.0,2.0,357.79597145972417
f6b58bf8335645b3a1ece2ca3502e173,application_only,lightgbm,42,2,42,application_only,sigmoid,2026-10-04T21:41:10Z,2.0,0.5,0.5,1416.6865925741722
f6b58bf8335645b3a1ece2ca3502e173,application_only,lightgbm,42,2,42,application_only,sigmoid,2026-10-04T21:41:10Z,2.0,0.5,1.0,1414.1831015551772
f6b58bf8335645b3a1ece2ca3502e173,application_only,lightgbm,42,2,42,application_only,sigmoid,2026-10-04T21:41:10Z,2.0,0.5,2.0,1409.1761195171873
f6b58bf8335645b3a1ece2ca3502e173,application_only,lightgbm,42,2,42,application_only,sigmoid,2026-10-04T21:41:10Z,2.0,1.0,0.5,1319.0337050710637
f6b58bf8335645b3a1ece2ca3502e173,application_only,lightgbm,42,2,42,application_only,sigmoid,2026-10-04T21:41:10Z,2.0,1.0,1.0,1316.5302140520687
f6b58bf8335645b3a1ece2ca3502e173,application_only,lightgbm,42,2,42,application_only,sigmoid,2026-10-04T21:41:10Z,2.0,1.0,2.0,1311.5232320140788
f6b58bf8335645b3a1ece2ca3502e173,application_only,lightgbm,42,2,42,application_only,sigmoid,2026-10-04T21:41:10Z,2.0,2.0,0.5,1123.7279300648468
f6b58bf8335645b3a1ece2ca3502e173,application_only,lightgbm,42,2,42,application_only,sigmoid,2026-10-04T21:41:10Z,2.0,2.0,1.0,1121.2244390458518
f6b58bf8335645b3a1ece2ca3502e173,application_only,lightgbm,42,2,42,application_only,sigmoid,2026-10-04T21:41:10Z,2.0,2.0,2.0,1116.2174570078619
f6b58bf8335645b3a1ece2ca3502e173,history_selected,lightgbm,42,3,42,full,sigmoid,2026-10-04T21:41:10Z,0.5,0.5,0.5,289.0401132429175
f6b58bf8335645b3a1ece2ca3502e173,history_selected,lightgbm,42,3,42,full,sigmoid,2026-10-04T21:41:10Z,0.5,0.5,1.0,286.58492262371595
f6b58bf8335645b3a1ece2ca3502e173,history_selected,lightgbm,42,3,42,full,sigmoid,2026-10-04T21:41:10Z,0.5,0.5,2.0,281.67454138531286
f6b58bf8335645b3a1ece2ca3502e173,history_selected,lightgbm,42,3,42,full,sigmoid,2026-10-04T21:41:10Z,0.5,1.0,0.5,198.9909520439199
f6b58bf8335645b3a1ece2ca3502e173,history_selected,lightgbm,42,3,42,full,sigmoid,2026-10-04T21:41:10Z,0.5,1.0,1.0,196.53576142471832
f6b58bf8335645b3a1ece2ca3502e173,history_selected,lightgbm,42,3,42,full,sigmoid,2026-10-04T21:41:10Z,0.5,1.0,2.0,191.6253801863152
f6b58bf8335645b3a1ece2ca3502e173,history_selected,lightgbm,42,3,42,full,sigmoid,2026-10-04T21:41:10Z,0.5,2.0,0.5,18.892629645924593
f6b58bf8335645b3a1ece2ca3502e173,history_selected,lightgbm,42,3,42,full,sigmoid,2026-10-04T21:41:10Z,0.5,2.0,1.0,16.437439026723034
f6b58bf8335645b3a1ece2ca3502e173,history_selected,lightgbm,42,3,42,full,sigmoid,2026-10-04T21:41:10Z,0.5,2.0,2.0,11.527057788319912
f6b58bf8335645b3a1ece2ca3502e173,history_selected,lightgbm,42,3,42,full,sigmoid,2026-10-04T21:41:10Z,1.0,0.5,0.5,670.5845783040343
f6b58bf8335645b3a1ece2ca3502e173,history_selected,lightgbm,42,3,42,full,sigmoid,2026-10-04T21:41:10Z,1.0,0.5,1.0,668.1293876848327
f6b58bf8335645b3a1ece2ca3502e173,history_selected,lightgbm,42,3,42,full,sigmoid,2026-10-04T21:41:10Z,1.0,0.5,2.0,663.2190064464296
f6b58bf8335645b3a1ece2ca3502e173,history_selected,lightgbm,42,3,42,full,sigmoid,2026-10-04T21:41:10Z,1.0,1.0,0.5,580.5354171050367
f6b58bf8335645b3a1ece2ca3502e173,history_selected,lightgbm,42,3,42,full,sigmoid,2026-10-04T21:41:10Z,1.0,1.0,1.0,578.080226485835
f6b58bf8335645b3a1ece2ca3502e173,history_selected,lightgbm,42,3,42,full,sigmoid,2026-10-04T21:41:10Z,1.0,1.0,2.0,573.1698452474319
f6b58bf8335645b3a1ece2ca3502e173,history_selected,lightgbm,42,3,42,full,sigmoid,2026-10-04T21:41:10Z,1.0,2.0,0.5,400.43709470704135
f6b58bf8335645b3a1ece2ca3502e173,history_selected,lightgbm,42,3,42,full,sigmoid,2026-10-04T21:41:10Z,1.0,2.0,1.0,397.9819040878398
f6b58bf8335645b3a1ece2ca3502e173,history_selected,lightgbm,42,3,42,full,sigmoid,2026-10-04T21:41:10Z,1.0,2.0,2.0,393.07152284943663
f6b58bf8335645b3a1ece2ca3502e173,history_selected,lightgbm,42,3,42,full,sigmoid,2026-10-04T21:41:10Z,2.0,0.5,0.5,1433.6735084262677
f6b58bf8335645b3a1ece2ca3502e173,history_selected,lightgbm,42,3,42,full,sigmoid,2026-10-04T21:41:10Z,2.0,0.5,1.0,1431.2183178070661
f6b58bf8335645b3a1ece2ca3502e173,history_selected,lightgbm,42,3,42,full,sigmoid,2026-10-04T21:41:10Z,2.0,0.5,2.0,1426.307936568663
f6b58bf8335645b3a1ece2ca3502e173,history_selected,lightgbm,42,3,42,full,sigmoid,2026-10-04T21:41:10Z,2.0,1.0,0.5,1343.6243472272702
f6b58bf8335645b3a1ece2ca3502e173,history_selected,lightgbm,42,3,42,full,sigmoid,2026-10-04T21:41:10Z,2.0,1.0,1.0,1341.1691566080685
f6b58bf8335645b3a1ece2ca3502e173,history_selected,lightgbm,42,3,42,full,sigmoid,2026-10-04T21:41:10Z,2.0,1.0,2.0,1336.2587753696655
f6b58bf8335645b3a1ece2ca3502e173,history_selected,lightgbm,42,3,42,full,sigmoid,2026-10-04T21:41:10Z,2.0,2.0,0.5,1163.5260248292748
f6b58bf8335645b3a1ece2ca3502e173,history_selected,lightgbm,42,3,42,full,sigmoid,2026-10-04T21:41:10Z,2.0,2.0,1.0,1161.0708342100734
f6b58bf8335645b3a1ece2ca3502e173,history_selected,lightgbm,42,3,42,full,sigmoid,2026-10-04T21:41:10Z,2.0,2.0,2.0,1156.16045297167
f6b58bf8335645b3a1ece2ca3502e173,logistic_fixed,logistic_regression,42,3,42,logistic_fixed,sigmoid,2026-10-04T21:41:10Z,0.5,0.5,0.5,284.0001339020984
f6b58bf8335645b3a1ece2ca3502e173,logistic_fixed,logistic_regression,42,3,42,logistic_fixed,sigmoid,2026-10-04T21:41:10Z,0.5,0.5,1.0,281.45934158425314
f6b58bf8335645b3a1ece2ca3502e173,logistic_fixed,logistic_regression,42,3,42,logistic_fixed,sigmoid,2026-10-04T21:41:10Z,0.5,0.5,2.0,276.3777569485625
f6b58bf8335645b3a1ece2ca3502e173,logistic_fixed,logistic_regression,42,3,42,logistic_fixed,sigmoid,2026-10-04T21:41:10Z,0.5,1.0,0.5,190.41213153011842
f6b58bf8335645b3a1ece2ca3502e173,logistic_fixed,logistic_regression,42,3,42,logistic_fixed,sigmoid,2026-10-04T21:41:10Z,0.5,1.0,1.0,187.87133921227309
f6b58bf8335645b3a1ece2ca3502e173,logistic_fixed,logistic_regression,42,3,42,logistic_fixed,sigmoid,2026-10-04T21:41:10Z,0.5,1.0,2.0,182.78975457658242
f6b58bf8335645b3a1ece2ca3502e173,logistic_fixed,logistic_regression,42,3,42,logistic_fixed,sigmoid,2026-10-04T21:41:10Z,0.5,2.0,0.5,3.2361267861583487
f6b58bf8335645b3a1ece2ca3502e173,logistic_fixed,logistic_regression,42,3,42,logistic_fixed,sigmoid,2026-10-04T21:41:10Z,0.5,2.0,1.0,0.6953344683130248
f6b58bf8335645b3a1ece2ca3502e173,logistic_fixed,logistic_regression,42,3,42,logistic_fixed,sigmoid,2026-10-04T21:41:10Z,0.5,2.0,2.0,-4.386250167377623
f6b58bf8335645b3a1ece2ca3502e173,logistic_fixed,logistic_regression,42,3,42,logistic_fixed,sigmoid,2026-10-04T21:41:10Z,1.0,0.5,0.5,664.1290624940223
f6b58bf8335645b3a1ece2ca3502e173,logistic_fixed,logistic_regression,42,3,42,logistic_fixed,sigmoid,2026-10-04T21:41:10Z,1.0,0.5,1.0,661.5882701761769
f6b58bf8335645b3a1ece2ca3502e173,logistic_fixed,logistic_regression,42,3,42,logistic_fixed,sigmoid,2026-10-04T21:41:10Z,1.0,0.5,2.0,656.5066855404863
f6b58bf8335645b3a1ece2ca3502e173,logistic_fixed,logistic_regression,42,3,42,logistic_fixed,sigmoid,2026-10-04T21:41:10Z,1.0,1.0,0.5,570.5410601220422
f6b58bf8335645b3a1ece2ca3502e173,logistic_fixed,logistic_regression,42,3,42,logistic_fixed,sigmoid,2026-10-04T21:41:10Z,1.0,1.0,1.0,568.0002678041968
f6b58bf8335645b3a1ece2ca3502e173,logistic_fixed,logistic_regression,42,3,42,logistic_fixed,sigmoid,2026-10-04T21:41:10Z,1.0,1.0,2.0,562.9186831685063
f6b58bf8335645b3a1ece2ca3502e173,logistic_fixed,logistic_regression,42,3,42,logistic_fixed,sigmoid,2026-10-04T21:41:10Z,1.0,2.0,0.5,383.36505537808216
f6b58bf8335645b3a1ece2ca3502e173,logistic_fixed,logistic_regression,42,3,42,logistic_fixed,sigmoid,2026-10-04T21:41:10Z,1.0,2.0,1.0,380.82426306023683
f6b58bf8335645b3a1ece2ca3502e173,logistic_fixed,logistic_regression,42,3,42,logistic_fixed,sigmoid,2026-10-04T21:41:10Z,1.0,2.0,2.0,375.74267842454617
f6b58bf8335645b3a1ece2ca3502e173,logistic_fixed,logistic_regression,42,3,42,logistic_fixed,sigmoid,2026-10-04T21:41:10Z,2.0,0.5,0.5,1424.3869196778699
f6b58bf8335645b3a1ece2ca3502e173,logistic_fixed,logistic_regression,42,3,42,logistic_fixed,sigmoid,2026-10-04T21:41:10Z,2.0,0.5,1.0,1421.8461273600244
f6b58bf8335645b3a1ece2ca3502e173,logistic_fixed,logistic_regression,42,3,42,logistic_fixed,sigmoid,2026-10-04T21:41:10Z,2.0,0.5,2.0,1416.7645427243338
f6b58bf8335645b3a1ece2ca3502e173,logistic_fixed,logistic_regression,42,3,42,logistic_fixed,sigmoid,2026-10-04T21:41:10Z,2.0,1.0,0.5,1330.7989173058897
f6b58bf8335645b3a1ece2ca3502e173,logistic_fixed,logistic_regression,42,3,42,logistic_fixed,sigmoid,2026-10-04T21:41:10Z,2.0,1.0,1.0,1328.2581249880445
f6b58bf8335645b3a1ece2ca3502e173,logistic_fixed,logistic_regression,42,3,42,logistic_fixed,sigmoid,2026-10-04T21:41:10Z,2.0,1.0,2.0,1323.1765403523539
f6b58bf8335645b3a1ece2ca3502e173,logistic_fixed,logistic_regression,42,3,42,logistic_fixed,sigmoid,2026-10-04T21:41:10Z,2.0,2.0,0.5,1143.6229125619298
f6b58bf8335645b3a1ece2ca3502e173,logistic_fixed,logistic_regression,42,3,42,logistic_fixed,sigmoid,2026-10-04T21:41:10Z,2.0,2.0,1.0,1141.0821202440843
f6b58bf8335645b3a1ece2ca3502e173,logistic_fixed,logistic_regression,42,3,42,logistic_fixed,sigmoid,2026-10-04T21:41:10Z,2.0,2.0,2.0,1136.0005356083936
f6b58bf8335645b3a1ece2ca3502e173,application_only,lightgbm,42,3,42,application_only,sigmoid,2026-10-04T21:41:10Z,0.5,0.5,0.5,277.3686324769975
f6b58bf8335645b3a1ece2ca3502e173,application_only,lightgbm,42,3,42,application_only,sigmoid,2026-10-04T21:41:10Z,0.5,0.5,1.0,274.7862348642807
f6b58bf8335645b3a1ece2ca3502e173,application_only,lightgbm,42,3,42,application_only,sigmoid,2026-10-04T21:41:10Z,0.5,0.5,2.0,269.62143963884694
f6b58bf8335645b3a1ece2ca3502e173,application_only,lightgbm,42,3,42,application_only,sigmoid,2026-10-04T21:41:10Z,0.5,1.0,0.5,178.7114792356103
f6b58bf8335645b3a1ece2ca3502e173,application_only,lightgbm,42,3,42,application_only,sigmoid,2026-10-04T21:41:10Z,0.5,1.0,1.0,176.12908162289344
f6b58bf8335645b3a1ece2ca3502e173,application_only,lightgbm,42,3,42,application_only,sigmoid,2026-10-04T21:41:10Z,0.5,1.0,2.0,170.9642863974597
f6b58bf8335645b3a1ece2ca3502e173,application_only,lightgbm,42,3,42,application_only,sigmoid,2026-10-04T21:41:10Z,0.5,2.0,0.5,-18.602827247164146
f6b58bf8335645b3a1ece2ca3502e173,application_only,lightgbm,42,3,42,application_only,sigmoid,2026-10-04T21:41:10Z,0.5,2.0,1.0,-21.185224859881018
f6b58bf8335645b3a1ece2ca3502e173,application_only,lightgbm,42,3,42,application_only,sigmoid,2026-10-04T21:41:10Z,0.5,2.0,2.0,-26.350020085314764
f6b58bf8335645b3a1ece2ca3502e173,application_only,lightgbm,42,3,42,application_only,sigmoid,2026-10-04T21:41:10Z,1.0,0.5,0.5,655.9768158080992
f6b58bf8335645b3a1ece2ca3502e173,application_only,lightgbm,42,3,42,application_only,sigmoid,2026-10-04T21:41:10Z,1.0,0.5,1.0,653.3944181953823
f6b58bf8335645b3a1ece2ca3502e173,application_only,lightgbm,42,3,42,application_only,sigmoid,2026-10-04T21:41:10Z,1.0,0.5,2.0,648.2296229699485
f6b58bf8335645b3a1ece2ca3502e173,application_only,lightgbm,42,3,42,application_only,sigmoid,2026-10-04T21:41:10Z,1.0,1.0,0.5,557.3196625667119
f6b58bf8335645b3a1ece2ca3502e173,application_only,lightgbm,42,3,42,application_only,sigmoid,2026-10-04T21:41:10Z,1.0,1.0,1.0,554.737264953995
f6b58bf8335645b3a1ece2ca3502e173,application_only,lightgbm,42,3,42,application_only,sigmoid,2026-10-04T21:41:10Z,1.0,1.0,2.0,549.5724697285614
f6b58bf8335645b3a1ece2ca3502e173,application_only,lightgbm,42,3,42,application_only,sigmoid,2026-10-04T21:41:10Z,1.0,2.0,0.5,360.0053560839375
f6b58bf8335645b3a1ece2ca3502e173,application_only,lightgbm,42,3,42,application_only,sigmoid,2026-10-04T21:41:10Z,1.0,2.0,1.0,357.4229584712206
f6b58bf8335645b3a1ece2ca3502e173,application_only,lightgbm,42,3,42,application_only,sigmoid,2026-10-04T21:41:10Z,1.0,2.0,2.0,352.2581632457869
f6b58bf8335645b3a1ece2ca3502e173,application_only,lightgbm,42,3,42,application_only,sigmoid,2026-10-04T21:41:10Z,2.0,0.5,0.5,1413.1931824703024
f6b58bf8335645b3a1ece2ca3502e173,application_only,lightgbm,42,3,42,application_only,sigmoid,2026-10-04T21:41:10Z,2.0,0.5,1.0,1410.6107848575855
f6b58bf8335645b3a1ece2ca3502e173,application_only,lightgbm,42,3,42,application_only,sigmoid,2026-10-04T21:41:10Z,2.0,0.5,2.0,1405.4459896321518
f6b58bf8335645b3a1ece2ca3502e173,application_only,lightgbm,42,3,42,application_only,sigmoid,2026-10-04T21:41:10Z,2.0,1.0,0.5,1314.5360292289151
f6b58bf8335645b3a1ece2ca3502e173,application_only,lightgbm,42,3,42,application_only,sigmoid,2026-10-04T21:41:10Z,2.0,1.0,1.0,1311.9536316161984
f6b58bf8335645b3a1ece2ca3502e173,application_only,lightgbm,42,3,42,application_only,sigmoid,2026-10-04T21:41:10Z,2.0,1.0,2.0,1306.7888363907646
f6b58bf8335645b3a1ece2ca3502e173,application_only,lightgbm,42,3,42,application_only,sigmoid,2026-10-04T21:41:10Z,2.0,2.0,0.5,1117.2217227461408
f6b58bf8335645b3a1ece2ca3502e173,application_only,lightgbm,42,3,42,application_only,sigmoid,2026-10-04T21:41:10Z,2.0,2.0,1.0,1114.6393251334239
f6b58bf8335645b3a1ece2ca3502e173,application_only,lightgbm,42,3,42,application_only,sigmoid,2026-10-04T21:41:10Z,2.0,2.0,2.0,1109.47452990799
f6b58bf8335645b3a1ece2ca3502e173,history_selected,lightgbm,42,4,42,top_80,sigmoid,2026-10-04T21:41:10Z,0.5,0.5,0.5,289.5546798783404
f6b58bf8335645b3a1ece2ca3502e173,history_selected,lightgbm,42,4,42,top_80,sigmoid,2026-10-04T21:41:10Z,0.5,0.5,1.0,287.07844750081296
f6b58bf8335645b3a1ece2ca3502e173,history_selected,lightgbm,42,4,42,top_80,sigmoid,2026-10-04T21:41:10Z,0.5,0.5,2.0,282.12598274575817
f6b58bf8335645b3a1ece2ca3502e173,history_selected,lightgbm,42,4,42,top_80,sigmoid,2026-10-04T21:41:10Z,0.5,1.0,0.5,199.45769650132945
f6b58bf8335645b3a1ece2ca3502e173,history_selected,lightgbm,42,4,42,top_80,sigmoid,2026-10-04T21:41:10Z,0.5,1.0,1.0,196.98146412380206
f6b58bf8335645b3a1ece2ca3502e173,history_selected,lightgbm,42,4,42,top_80,sigmoid,2026-10-04T21:41:10Z,0.5,1.0,2.0,192.02899936874724
f6b58bf8335645b3a1ece2ca3502e173,history_selected,lightgbm,42,4,42,top_80,sigmoid,2026-10-04T21:41:10Z,0.5,2.0,0.5,19.26372974730761
f6b58bf8335645b3a1ece2ca3502e173,history_selected,lightgbm,42,4,42,top_80,sigmoid,2026-10-04T21:41:10Z,0.5,2.0,1.0,16.78749736978021
f6b58bf8335645b3a1ece2ca3502e173,history_selected,lightgbm,42,4,42,top_80,sigmoid,2026-10-04T21:41:10Z,0.5,2.0,2.0,11.835032614725405
f6b58bf8335645b3a1ece2ca3502e173,history_selected,lightgbm,42,4,42,top_80,sigmoid,2026-10-04T21:41:10Z,1.0,0.5,0.5,671.682575511219
f6b58bf8335645b3a1ece2ca3502e173,history_selected,lightgbm,42,4,42,top_80,sigmoid,2026-10-04T21:41:10Z,1.0,0.5,1.0,669.2063431336917
f6b58bf8335645b3a1ece2ca3502e173,history_selected,lightgbm,42,4,42,top_80,sigmoid,2026-10-04T21:41:10Z,1.0,0.5,2.0,664.2538783786368
f6b58bf8335645b3a1ece2ca3502e173,history_selected,lightgbm,42,4,42,top_80,sigmoid,2026-10-04T21:41:10Z,1.0,1.0,0.5,581.5855921342081
f6b58bf8335645b3a1ece2ca3502e173,history_selected,lightgbm,42,4,42,top_80,sigmoid,2026-10-04T21:41:10Z,1.0,1.0,1.0,579.1093597566808
f6b58bf8335645b3a1ece2ca3502e173,history_selected,lightgbm,42,4,42,top_80,sigmoid,2026-10-04T21:41:10Z,1.0,1.0,2.0,574.1568950016259
f6b58bf8335645b3a1ece2ca3502e173,history_selected,lightgbm,42,4,42,top_80,sigmoid,2026-10-04T21:41:10Z,1.0,2.0,0.5,401.3916253801863
f6b58bf8335645b3a1ece2ca3502e173,history_selected,lightgbm,42,4,42,top_80,sigmoid,2026-10-04T21:41:10Z,1.0,2.0,1.0,398.9153930026589
f6b58bf8335645b3a1ece2ca3502e173,history_selected,lightgbm,42,4,42,top_80,sigmoid,2026-10-04T21:41:10Z,1.0,2.0,2.0,393.9629282476041
f6b58bf8335645b3a1ece2ca3502e173,history_selected,lightgbm,42,4,42,top_80,sigmoid,2026-10-04T21:41:10Z,2.0,0.5,0.5,1435.9383667769764
f6b58bf8335645b3a1ece2ca3502e173,history_selected,lightgbm,42,4,42,top_80,sigmoid,2026-10-04T21:41:10Z,2.0,0.5,1.0,1433.462134399449
f6b58bf8335645b3a1ece2ca3502e173,history_selected,lightgbm,42,4,42,top_80,sigmoid,2026-10-04T21:41:10Z,2.0,0.5,2.0,1428.5096696443943
f6b58bf8335645b3a1ece2ca3502e173,history_selected,lightgbm,42,4,42,top_80,sigmoid,2026-10-04T21:41:10Z,2.0,1.0,0.5,1345.8413833999655
f6b58bf8335645b3a1ece2ca3502e173,history_selected,lightgbm,42,4,42,top_80,sigmoid,2026-10-04T21:41:10Z,2.0,1.0,1.0,1343.365151022438
f6b58bf8335645b3a1ece2ca3502e173,history_selected,lightgbm,42,4,42,top_80,sigmoid,2026-10-04T21:41:10Z,2.0,1.0,2.0,1338.4126862673834
f6b58bf8335645b3a1ece2ca3502e173,history_selected,lightgbm,42,4,42,top_80,sigmoid,2026-10-04T21:41:10Z,2.0,2.0,0.5,1165.6474166459436
f6b58bf8335645b3a1ece2ca3502e173,history_selected,lightgbm,42,4,42,top_80,sigmoid,2026-10-04T21:41:10Z,2.0,2.0,1.0,1163.1711842684163
f6b58bf8335645b3a1ece2ca3502e173,history_selected,lightgbm,42,4,42,top_80,sigmoid,2026-10-04T21:41:10Z,2.0,2.0,2.0,1158.2187195133615
f6b58bf8335645b3a1ece2ca3502e173,logistic_fixed,logistic_regression,42,4,42,logistic_fixed,sigmoid,2026-10-04T21:41:10Z,0.5,0.5,0.5,285.8432006427301
f6b58bf8335645b3a1ece2ca3502e173,logistic_fixed,logistic_regression,42,4,42,logistic_fixed,sigmoid,2026-10-04T21:41:10Z,0.5,0.5,1.0,283.3282323010119
f6b58bf8335645b3a1ece2ca3502e173,logistic_fixed,logistic_regression,42,4,42,logistic_fixed,sigmoid,2026-10-04T21:41:10Z,0.5,0.5,2.0,278.2982956175756
f6b58bf8335645b3a1ece2ca3502e173,logistic_fixed,logistic_regression,42,4,42,logistic_fixed,sigmoid,2026-10-04T21:41:10Z,0.5,1.0,0.5,193.40293054306866
f6b58bf8335645b3a1ece2ca3502e173,logistic_fixed,logistic_regression,42,4,42,logistic_fixed,sigmoid,2026-10-04T21:41:10Z,0.5,1.0,1.0,190.8879622013505
f6b58bf8335645b3a1ece2ca3502e173,logistic_fixed,logistic_regression,42,4,42,logistic_fixed,sigmoid,2026-10-04T21:41:10Z,0.5,1.0,2.0,185.8580255179142
f6b58bf8335645b3a1ece2ca3502e173,logistic_fixed,logistic_regression,42,4,42,logistic_fixed,sigmoid,2026-10-04T21:41:10Z,0.5,2.0,0.5,8.522390343745815
f6b58bf8335645b3a1ece2ca3502e173,logistic_fixed,logistic_regression,42,4,42,logistic_fixed,sigmoid,2026-10-04T21:41:10Z,0.5,2.0,1.0,6.007422002027661
f6b58bf8335645b3a1ece2ca3502e173,logistic_fixed,logistic_regression,42,4,42,logistic_fixed,sigmoid,2026-10-04T21:41:10Z,0.5,2.0,2.0,0.9774853185913499
f6b58bf8335645b3a1ece2ca3502e173,logistic_fixed,logistic_regression,42,4,42,logistic_fixed,sigmoid,2026-10-04T21:41:10Z,1.0,0.5,0.5,666.6416397268397
f6b58bf8335645b3a1ece2ca3502e173,logistic_fixed,logistic_regression,42,4,42,logistic_fixed,sigmoid,2026-10-04T21:41:10Z,1.0,0.5,1.0,664.1266713851215
f6b58bf8335645b3a1ece2ca3502e173,logistic_fixed,logistic_regression,42,4,42,logistic_fixed,sigmoid,2026-10-04T21:41:10Z,1.0,0.5,2.0,659.0967347016853
f6b58bf8335645b3a1ece2ca3502e173,logistic_fixed,logistic_regression,42,4,42,logistic_fixed,sigmoid,2026-10-04T21:41:10Z,1.0,1.0,0.5,574.2013696271783
f6b58bf8335645b3a1ece2ca3502e173,logistic_fixed,logistic_regression,42,4,42,logistic_fixed,sigmoid,2026-10-04T21:41:10Z,1.0,1.0,1.0,571.6864012854602
f6b58bf8335645b3a1ece2ca3502e173,logistic_fixed,logistic_regression,42,4,42,logistic_fixed,sigmoid,2026-10-04T21:41:10Z,1.0,1.0,2.0,566.6564646020238
f6b58bf8335645b3a1ece2ca3502e173,logistic_fixed,logistic_regression,42,4,42,logistic_fixed,sigmoid,2026-10-04T21:41:10Z,1.0,2.0,0.5,389.3208294278555
f6b58bf8335645b3a1ece2ca3502e173,logistic_fixed,logistic_regression,42,4,42,logistic_fixed,sigmoid,2026-10-04T21:41:10Z,1.0,2.0,1.0,386.8058610861373
f6b58bf8335645b3a1ece2ca3502e173,logistic_fixed,logistic_regression,42,4,42,logistic_fixed,sigmoid,2026-10-04T21:41:10Z,1.0,2.0,2.0,381.775924402701
f6b58bf8335645b3a1ece2ca3502e173,logistic_fixed,logistic_regression,42,4,42,logistic_fixed,sigmoid,2026-10-04T21:41:10Z,2.0,0.5,0.5,1428.238517895059
f6b58bf8335645b3a1ece2ca3502e173,logistic_fixed,logistic_regression,42,4,42,logistic_fixed,sigmoid,2026-10-04T21:41:10Z,2.0,0.5,1.0,1425.723549553341
f6b58bf8335645b3a1ece2ca3502e173,logistic_fixed,logistic_regression,42,4,42,logistic_fixed,sigmoid,2026-10-04T21:41:10Z,2.0,0.5,2.0,1420.6936128699047
f6b58bf8335645b3a1ece2ca3502e173,logistic_fixed,logistic_regression,42,4,42,logistic_fixed,sigmoid,2026-10-04T21:41:10Z,2.0,1.0,0.5,1335.7982477953976
f6b58bf8335645b3a1ece2ca3502e173,logistic_fixed,logistic_regression,42,4,42,logistic_fixed,sigmoid,2026-10-04T21:41:10Z,2.0,1.0,1.0,1333.2832794536794
f6b58bf8335645b3a1ece2ca3502e173,logistic_fixed,logistic_regression,42,4,42,logistic_fixed,sigmoid,2026-10-04T21:41:10Z,2.0,1.0,2.0,1328.253342770243
f6b58bf8335645b3a1ece2ca3502e173,logistic_fixed,logistic_regression,42,4,42,logistic_fixed,sigmoid,2026-10-04T21:41:10Z,2.0,2.0,0.5,1150.9177075960747
f6b58bf8335645b3a1ece2ca3502e173,logistic_fixed,logistic_regression,42,4,42,logistic_fixed,sigmoid,2026-10-04T21:41:10Z,2.0,2.0,1.0,1148.4027392543567
f6b58bf8335645b3a1ece2ca3502e173,logistic_fixed,logistic_regression,42,4,42,logistic_fixed,sigmoid,2026-10-04T21:41:10Z,2.0,2.0,2.0,1143.3728025709204
f6b58bf8335645b3a1ece2ca3502e173,application_only,lightgbm,42,4,42,application_only,sigmoid,2026-10-04T21:41:10Z,0.5,0.5,0.5,279.8778621573541
f6b58bf8335645b3a1ece2ca3502e173,application_only,lightgbm,42,4,42,application_only,sigmoid,2026-10-04T21:41:10Z,0.5,0.5,1.0,277.40402088872736
f6b58bf8335645b3a1ece2ca3502e173,application_only,lightgbm,42,4,42,application_only,sigmoid,2026-10-04T21:41:10Z,0.5,0.5,2.0,272.4563383514739
f6b58bf8335645b3a1ece2ca3502e173,application_only,lightgbm,42,4,42,application_only,sigmoid,2026-10-04T21:41:10Z,0.5,1.0,0.5,181.41199762801998
f6b58bf8335645b3a1ece2ca3502e173,application_only,lightgbm,42,4,42,application_only,sigmoid,2026-10-04T21:41:10Z,0.5,1.0,1.0,178.93815635939322
f6b58bf8335645b3a1ece2ca3502e173,application_only,lightgbm,42,4,42,application_only,sigmoid,2026-10-04T21:41:10Z,0.5,1.0,2.0,173.99047382213976
f6b58bf8335645b3a1ece2ca3502e173,application_only,lightgbm,42,4,42,application_only,sigmoid,2026-10-04T21:41:10Z,0.5,2.0,0.5,-15.519731430648278
f6b58bf8335645b3a1ece2ca3502e173,application_only,lightgbm,42,4,42,application_only,sigmoid,2026-10-04T21:41:10Z,0.5,2.0,1.0,-17.993572699275017
f6b58bf8335645b3a1ece2ca3502e173,application_only,lightgbm,42,4,42,application_only,sigmoid,2026-10-04T21:41:10Z,0.5,2.0,2.0,-22.94125523652849
f6b58bf8335645b3a1ece2ca3502e173,application_only,lightgbm,42,4,42,application_only,sigmoid,2026-10-04T21:41:10Z,1.0,0.5,0.5,660.6954301126691
f6b58bf8335645b3a1ece2ca3502e173,application_only,lightgbm,42,4,42,application_only,sigmoid,2026-10-04T21:41:10Z,1.0,0.5,1.0,658.2215888440423
f6b58bf8335645b3a1ece2ca3502e173,application_only,lightgbm,42,4,42,application_only,sigmoid,2026-10-04T21:41:10Z,1.0,0.5,2.0,653.2739063067888
f6b58bf8335645b3a1ece2ca3502e173,application_only,lightgbm,42,4,42,application_only,sigmoid,2026-10-04T21:41:10Z,1.0,1.0,0.5,562.2295655833349
f6b58bf8335645b3a1ece2ca3502e173,application_only,lightgbm,42,4,42,application_only,sigmoid,2026-10-04T21:41:10Z,1.0,1.0,1.0,559.7557243147082
f6b58bf8335645b3a1ece2ca3502e173,application_only,lightgbm,42,4,42,application_only,sigmoid,2026-10-04T21:41:10Z,1.0,1.0,2.0,554.8080417774547
f6b58bf8335645b3a1ece2ca3502e173,application_only,lightgbm,42,4,42,application_only,sigmoid,2026-10-04T21:41:10Z,1.0,2.0,0.5,365.2978365246667
f6b58bf8335645b3a1ece2ca3502e173,application_only,lightgbm,42,4,42,application_only,sigmoid,2026-10-04T21:41:10Z,1.0,2.0,1.0,362.82399525603995
f6b58bf8335645b3a1ece2ca3502e173,application_only,lightgbm,42,4,42,application_only,sigmoid,2026-10-04T21:41:10Z,1.0,2.0,2.0,357.87631271878644
f6b58bf8335645b3a1ece2ca3502e173,application_only,lightgbm,42,4,42,application_only,sigmoid,2026-10-04T21:41:10Z,2.0,0.5,0.5,1422.330566023299
f6b58bf8335645b3a1ece2ca3502e173,application_only,lightgbm,42,4,42,application_only,sigmoid,2026-10-04T21:41:10Z,2.0,0.5,1.0,1419.8567247546723
f6b58bf8335645b3a1ece2ca3502e173,application_only,lightgbm,42,4,42,application_only,sigmoid,2026-10-04T21:41:10Z,2.0,0.5,2.0,1414.9090422174188
f6b58bf8335645b3a1ece2ca3502e173,application_only,lightgbm,42,4,42,application_only,sigmoid,2026-10-04T21:41:10Z,2.0,1.0,0.5,1323.8647014939647
f6b58bf8335645b3a1ece2ca3502e173,application_only,lightgbm,42,4,42,application_only,sigmoid,2026-10-04T21:41:10Z,2.0,1.0,1.0,1321.3908602253382
f6b58bf8335645b3a1ece2ca3502e173,application_only,lightgbm,42,4,42,application_only,sigmoid,2026-10-04T21:41:10Z,2.0,1.0,2.0,1316.4431776880847
f6b58bf8335645b3a1ece2ca3502e173,application_only,lightgbm,42,4,42,application_only,sigmoid,2026-10-04T21:41:10Z,2.0,2.0,0.5,1126.9329724352965
f6b58bf8335645b3a1ece2ca3502e173,application_only,lightgbm,42,4,42,application_only,sigmoid,2026-10-04T21:41:10Z,2.0,2.0,1.0,1124.4591311666697
f6b58bf8335645b3a1ece2ca3502e173,application_only,lightgbm,42,4,42,application_only,sigmoid,2026-10-04T21:41:10Z,2.0,2.0,2.0,1119.5114486294165
f6b58bf8335645b3a1ece2ca3502e173,history_selected,lightgbm,42,5,42,top_80,sigmoid,2026-10-04T21:41:10Z,0.5,0.5,0.5,289.4177060218839
f6b58bf8335645b3a1ece2ca3502e173,history_selected,lightgbm,42,5,42,top_80,sigmoid,2026-10-04T21:41:10Z,0.5,0.5,1.0,286.90412426352435
f6b58bf8335645b3a1ece2ca3502e173,history_selected,lightgbm,42,5,42,top_80,sigmoid,2026-10-04T21:41:10Z,0.5,0.5,2.0,281.8769607468054
f6b58bf8335645b3a1ece2ca3502e173,history_selected,lightgbm,42,5,42,top_80,sigmoid,2026-10-04T21:41:10Z,0.5,1.0,0.5,200.6580457571352
f6b58bf8335645b3a1ece2ca3502e173,history_selected,lightgbm,42,5,42,top_80,sigmoid,2026-10-04T21:41:10Z,0.5,1.0,1.0,198.14446399877573
f6b58bf8335645b3a1ece2ca3502e173,history_selected,lightgbm,42,5,42,top_80,sigmoid,2026-10-04T21:41:10Z,0.5,1.0,2.0,193.11730048205678
f6b58bf8335645b3a1ece2ca3502e173,history_selected,lightgbm,42,5,42,top_80,sigmoid,2026-10-04T21:41:10Z,0.5,2.0,0.5,23.13872522763792
f6b58bf8335645b3a1ece2ca3502e173,history_selected,lightgbm,42,5,42,top_80,sigmoid,2026-10-04T21:41:10Z,0.5,2.0,1.0,20.625143469278445
f6b58bf8335645b3a1ece2ca3502e173,history_selected,lightgbm,42,5,42,top_80,sigmoid,2026-10-04T21:41:10Z,0.5,2.0,2.0,15.597979952559491
f6b58bf8335645b3a1ece2ca3502e173,history_selected,lightgbm,42,5,42,top_80,sigmoid,2026-10-04T21:41:10Z,1.0,0.5,0.5,670.1086540668758
f6b58bf8335645b3a1ece2ca3502e173,history_selected,lightgbm,42,5,42,top_80,sigmoid,2026-10-04T21:41:10Z,1.0,0.5,1.0,667.5950723085164
f6b58bf8335645b3a1ece2ca3502e173,history_selected,lightgbm,42,5,42,top_80,sigmoid,2026-10-04T21:41:10Z,1.0,0.5,2.0,662.5679087917974
f6b58bf8335645b3a1ece2ca3502e173,history_selected,lightgbm,42,5,42,top_80,sigmoid,2026-10-04T21:41:10Z,1.0,1.0,0.5,581.3489938021272
f6b58bf8335645b3a1ece2ca3502e173,history_selected,lightgbm,42,5,42,top_80,sigmoid,2026-10-04T21:41:10Z,1.0,1.0,1.0,578.8354120437677
f6b58bf8335645b3a1ece2ca3502e173,history_selected,lightgbm,42,5,42,top_80,sigmoid,2026-10-04T21:41:10Z,1.0,1.0,2.0,573.8082485270487
f6b58bf8335645b3a1ece2ca3502e173,history_selected,lightgbm,42,5,42,top_80,sigmoid,2026-10-04T21:41:10Z,1.0,2.0,0.5,403.82967327262986
f6b58bf8335645b3a1ece2ca3502e173,history_selected,lightgbm,42,5,42,top_80,sigmoid,2026-10-04T21:41:10Z,1.0,2.0,1.0,401.3160915142704
f6b58bf8335645b3a1ece2ca3502e173,history_selected,lightgbm,42,5,42,top_80,sigmoid,2026-10-04T21:41:10Z,1.0,2.0,2.0,396.28892799755147
f6b58bf8335645b3a1ece2ca3502e173,history_selected,lightgbm,42,5,42,top_80,sigmoid,2026-10-04T21:41:10Z,2.0,0.5,0.5,1431.4905501568599
f6b58bf8335645b3a1ece2ca3502e173,history_selected,lightgbm,42,5,42,top_80,sigmoid,2026-10-04T21:41:10Z,2.0,0.5,1.0,1428.9769683985003
f6b58bf8335645b3a1ece2ca3502e173,history_selected,lightgbm,42,5,42,top_80,sigmoid,2026-10-04T21:41:10Z,2.0,0.5,2.0,1423.9498048817813
f6b58bf8335645b3a1ece2ca3502e173,history_selected,lightgbm,42,5,42,top_80,sigmoid,2026-10-04T21:41:10Z,2.0,1.0,0.5,1342.730889892111
f6b58bf8335645b3a1ece2ca3502e173,history_selected,lightgbm,42,5,42,top_80,sigmoid,2026-10-04T21:41:10Z,2.0,1.0,1.0,1340.2173081337517
f6b58bf8335645b3a1ece2ca3502e173,history_selected,lightgbm,42,5,42,top_80,sigmoid,2026-10-04T21:41:10Z,2.0,1.0,2.0,1335.1901446170327
f6b58bf8335645b3a1ece2ca3502e173,history_selected,lightgbm,42,5,42,top_80,sigmoid,2026-10-04T21:41:10Z,2.0,2.0,0.5,1165.2115693626138
f6b58bf8335645b3a1ece2ca3502e173,history_selected,lightgbm,42,5,42,top_80,sigmoid,2026-10-04T21:41:10Z,2.0,2.0,1.0,1162.6979876042544
f6b58bf8335645b3a1ece2ca3502e173,history_selected,lightgbm,42,5,42,top_80,sigmoid,2026-10-04T21:41:10Z,2.0,2.0,2.0,1157.6708240875355
f6b58bf8335645b3a1ece2ca3502e173,logistic_fixed,logistic_regression,42,5,42,logistic_fixed,sigmoid,2026-10-04T21:41:10Z,0.5,0.5,0.5,283.3245657663172
f6b58bf8335645b3a1ece2ca3502e173,logistic_fixed,logistic_regression,42,5,42,logistic_fixed,sigmoid,2026-10-04T21:41:10Z,0.5,0.5,1.0,280.82963501415566
f6b58bf8335645b3a1ece2ca3502e173,logistic_fixed,logistic_regression,42,5,42,logistic_fixed,sigmoid,2026-10-04T21:41:10Z,0.5,0.5,2.0,275.8397735098324
f6b58bf8335645b3a1ece2ca3502e173,logistic_fixed,logistic_regression,42,5,42,logistic_fixed,sigmoid,2026-10-04T21:41:10Z,0.5,1.0,0.5,189.3521883847272
f6b58bf8335645b3a1ece2ca3502e173,logistic_fixed,logistic_regression,42,5,42,logistic_fixed,sigmoid,2026-10-04T21:41:10Z,0.5,1.0,1.0,186.85725763256562
f6b58bf8335645b3a1ece2ca3502e173,logistic_fixed,logistic_regression,42,5,42,logistic_fixed,sigmoid,2026-10-04T21:41:10Z,0.5,1.0,2.0,181.8673961282424
f6b58bf8335645b3a1ece2ca3502e173,logistic_fixed,logistic_regression,42,5,42,logistic_fixed,sigmoid,2026-10-04T21:41:10Z,0.5,2.0,0.5,1.4074336215471728
f6b58bf8335645b3a1ece2ca3502e173,logistic_fixed,logistic_regression,42,5,42,logistic_fixed,sigmoid,2026-10-04T21:41:10Z,0.5,2.0,1.0,-1.0874971306144312
f6b58bf8335645b3a1ece2ca3502e173,logistic_fixed,logistic_regression,42,5,42,logistic_fixed,sigmoid,2026-10-04T21:41:10Z,0.5,2.0,2.0,-6.077358634937639
f6b58bf8335645b3a1ece2ca3502e173,logistic_fixed,logistic_regression,42,5,42,logistic_fixed,sigmoid,2026-10-04T21:41:10Z,1.0,0.5,0.5,663.1164396663861
f6b58bf8335645b3a1ece2ca3502e173,logistic_fixed,logistic_regression,42,5,42,logistic_fixed,sigmoid,2026-10-04T21:41:10Z,1.0,0.5,1.0,660.6215089142245
f6b58bf8335645b3a1ece2ca3502e173,logistic_fixed,logistic_regression,42,5,42,logistic_fixed,sigmoid,2026-10-04T21:41:10Z,1.0,0.5,2.0,655.6316474099013
f6b58bf8335645b3a1ece2ca3502e173,logistic_fixed,logistic_regression,42,5,42,logistic_fixed,sigmoid,2026-10-04T21:41:10Z,1.0,1.0,0.5,569.1440622847961
f6b58bf8335645b3a1ece2ca3502e173,logistic_fixed,logistic_regression,42,5,42,logistic_fixed,sigmoid,2026-10-04T21:41:10Z,1.0,1.0,1.0,566.6491315326344
f6b58bf8335645b3a1ece2ca3502e173,logistic_fixed,logistic_regression,42,5,42,logistic_fixed,sigmoid,2026-10-04T21:41:10Z,1.0,1.0,2.0,561.6592700283113
f6b58bf8335645b3a1ece2ca3502e173,logistic_fixed,logistic_regression,42,5,42,logistic_fixed,sigmoid,2026-10-04T21:41:10Z,1.0,2.0,0.5,381.19930752161605
f6b58bf8335645b3a1ece2ca3502e173,logistic_fixed,logistic_regression,42,5,42,logistic_fixed,sigmoid,2026-10-04T21:41:10Z,1.0,2.0,1.0,378.7043767694544
f6b58bf8335645b3a1ece2ca3502e173,logistic_fixed,logistic_regression,42,5,42,logistic_fixed,sigmoid,2026-10-04T21:41:10Z,1.0,2.0,2.0,373.71451526513124
f6b58bf8335645b3a1ece2ca3502e173,logistic_fixed,logistic_regression,42,5,42,logistic_fixed,sigmoid,2026-10-04T21:41:10Z,2.0,0.5,0.5,1422.7001874665239
f6b58bf8335645b3a1ece2ca3502e173,logistic_fixed,logistic_regression,42,5,42,logistic_fixed,sigmoid,2026-10-04T21:41:10Z,2.0,0.5,1.0,1420.2052567143621
f6b58bf8335645b3a1ece2ca3502e173,logistic_fixed,logistic_regression,42,5,42,logistic_fixed,sigmoid,2026-10-04T21:41:10Z,2.0,0.5,2.0,1415.215395210039
f6b58bf8335645b3a1ece2ca3502e173,logistic_fixed,logistic_regression,42,5,42,logistic_fixed,sigmoid,2026-10-04T21:41:10Z,2.0,1.0,0.5,1328.7278100849337
f6b58bf8335645b3a1ece2ca3502e173,logistic_fixed,logistic_regression,42,5,42,logistic_fixed,sigmoid,2026-10-04T21:41:10Z,2.0,1.0,1.0,1326.2328793327722
f6b58bf8335645b3a1ece2ca3502e173,logistic_fixed,logistic_regression,42,5,42,logistic_fixed,sigmoid,2026-10-04T21:41:10Z,2.0,1.0,2.0,1321.243017828449
f6b58bf8335645b3a1ece2ca3502e173,logistic_fixed,logistic_regression,42,5,42,logistic_fixed,sigmoid,2026-10-04T21:41:10Z,2.0,2.0,0.5,1140.7830553217539
f6b58bf8335645b3a1ece2ca3502e173,logistic_fixed,logistic_regression,42,5,42,logistic_fixed,sigmoid,2026-10-04T21:41:10Z,2.0,2.0,1.0,1138.2881245695921
f6b58bf8335645b3a1ece2ca3502e173,logistic_fixed,logistic_regression,42,5,42,logistic_fixed,sigmoid,2026-10-04T21:41:10Z,2.0,2.0,2.0,1133.2982630652689
f6b58bf8335645b3a1ece2ca3502e173,application_only,lightgbm,42,5,42,application_only,sigmoid,2026-10-04T21:41:10Z,0.5,0.5,0.5,277.55997015839006
f6b58bf8335645b3a1ece2ca3502e173,application_only,lightgbm,42,5,42,application_only,sigmoid,2026-10-04T21:41:10Z,0.5,0.5,1.0,274.9913918432933
f6b58bf8335645b3a1ece2ca3502e173,application_only,lightgbm,42,5,42,application_only,sigmoid,2026-10-04T21:41:10Z,0.5,0.5,2.0,269.8542352130997
f6b58bf8335645b3a1ece2ca3502e173,application_only,lightgbm,42,5,42,application_only,sigmoid,2026-10-04T21:41:10Z,0.5,1.0,0.5,180.1921531869309
f6b58bf8335645b3a1ece2ca3502e173,application_only,lightgbm,42,5,42,application_only,sigmoid,2026-10-04T21:41:10Z,0.5,1.0,1.0,177.6235748718341
f6b58bf8335645b3a1ece2ca3502e173,application_only,lightgbm,42,5,42,application_only,sigmoid,2026-10-04T21:41:10Z,0.5,1.0,2.0,172.48641824164054
f6b58bf8335645b3a1ece2ca3502e173,application_only,lightgbm,42,5,42,application_only,sigmoid,2026-10-04T21:41:10Z,0.5,2.0,0.5,-14.543480755987451
f6b58bf8335645b3a1ece2ca3502e173,application_only,lightgbm,42,5,42,application_only,sigmoid,2026-10-04T21:41:10Z,0.5,2.0,1.0,-17.112059071084246
f6b58bf8335645b3a1ece2ca3502e173,application_only,lightgbm,42,5,42,application_only,sigmoid,2026-10-04T21:41:10Z,0.5,2.0,2.0,-22.249215701277834
f6b58bf8335645b3a1ece2ca3502e173,application_only,lightgbm,42,5,42,application_only,sigmoid,2026-10-04T21:41:10Z,1.0,0.5,0.5,655.0563356033362
f6b58bf8335645b3a1ece2ca3502e173,application_only,lightgbm,42,5,42,application_only,sigmoid,2026-10-04T21:41:10Z,1.0,0.5,1.0,652.4877572882393
f6b58bf8335645b3a1ece2ca3502e173,application_only,lightgbm,42,5,42,application_only,sigmoid,2026-10-04T21:41:10Z,1.0,0.5,2.0,647.3506006580458
f6b58bf8335645b3a1ece2ca3502e173,application_only,lightgbm,42,5,42,application_only,sigmoid,2026-10-04T21:41:10Z,1.0,1.0,0.5,557.688518631877
f6b58bf8335645b3a1ece2ca3502e173,application_only,lightgbm,42,5,42,application_only,sigmoid,2026-10-04T21:41:10Z,1.0,1.0,1.0,555.1199403167801
f6b58bf8335645b3a1ece2ca3502e173,application_only,lightgbm,42,5,42,application_only,sigmoid,2026-10-04T21:41:10Z,1.0,1.0,2.0,549.9827836865866
f6b58bf8335645b3a1ece2ca3502e173,application_only,lightgbm,42,5,42,application_only,sigmoid,2026-10-04T21:41:10Z,1.0,2.0,0.5,362.9528846889586
f6b58bf8335645b3a1ece2ca3502e173,application_only,lightgbm,42,5,42,application_only,sigmoid,2026-10-04T21:41:10Z,1.0,2.0,1.0,360.3843063738618
f6b58bf8335645b3a1ece2ca3502e173,application_only,lightgbm,42,5,42,application_only,sigmoid,2026-10-04T21:41:10Z,1.0,2.0,2.0,355.2471497436682
f6b58bf8335645b3a1ece2ca3502e173,application_only,lightgbm,42,5,42,application_only,sigmoid,2026-10-04T21:41:10Z,2.0,0.5,0.5,1410.0490664932283
f6b58bf8335645b3a1ece2ca3502e173,application_only,lightgbm,42,5,42,application_only,sigmoid,2026-10-04T21:41:10Z,2.0,0.5,1.0,1407.4804881781315
f6b58bf8335645b3a1ece2ca3502e173,application_only,lightgbm,42,5,42,application_only,sigmoid,2026-10-04T21:41:10Z,2.0,0.5,2.0,1402.3433315479379
f6b58bf8335645b3a1ece2ca3502e173,application_only,lightgbm,42,5,42,application_only,sigmoid,2026-10-04T21:41:10Z,2.0,1.0,0.5,1312.6812495217691
f6b58bf8335645b3a1ece2ca3502e173,application_only,lightgbm,42,5,42,application_only,sigmoid,2026-10-04T21:41:10Z,2.0,1.0,1.0,1310.1126712066723
f6b58bf8335645b3a1ece2ca3502e173,application_only,lightgbm,42,5,42,application_only,sigmoid,2026-10-04T21:41:10Z,2.0,1.0,2.0,1304.9755145764786
f6b58bf8335645b3a1ece2ca3502e173,application_only,lightgbm,42,5,42,application_only,sigmoid,2026-10-04T21:41:10Z,2.0,2.0,0.5,1117.9456155788507
f6b58bf8335645b3a1ece2ca3502e173,application_only,lightgbm,42,5,42,application_only,sigmoid,2026-10-04T21:41:10Z,2.0,2.0,1.0,1115.377037263754
f6b58bf8335645b3a1ece2ca3502e173,application_only,lightgbm,42,5,42,application_only,sigmoid,2026-10-04T21:41:10Z,2.0,2.0,2.0,1110.2398806335602
