recipe,weighting,split_seed,outer_fold,positive_class_weight,feature_count,training_count,applicant_count,observed_rate,mean_probability,pr_auc,roc_auc,brier_score,log_loss
earlier,earlier_weight,42,1,11.387779282329046,174,146374,52277,0.08074296535761424,0.3384919891079955,0.2671839839102159,0.7754091491301687,0.15637101064889752,0.474611418415057
earlier,unweighted,42,1,1.0,174,146374,52277,0.08074296535761424,0.07888009263811409,0.2686534689841243,0.7782670247658234,0.06654636620069172,0.24010489481933955
current,earlier_weight,42,1,11.387779282329046,174,146374,52277,0.08074296535761424,0.3908029643081971,0.26393812662999727,0.7739438928294466,0.1837116076259013,0.5438875110997468
current,unweighted,42,1,1.0,174,146374,52277,0.08074296535761424,0.0802126894595081,0.2642987619477396,0.7739083631285888,0.06679591061465318,0.24144404261292646
earlier,earlier_weight,42,2,11.386730980790388,80,146374,52277,0.08072383648640893,0.33891320354450516,0.2648025297836827,0.7738905675497709,0.15712018947498177,0.4758671287612343
earlier,unweighted,42,2,1.0,80,146374,52277,0.08072383648640893,0.07876160699517133,0.26357748396439085,0.7744646044828085,0.06676932056020071,0.24112559474551423
current,earlier_weight,42,2,11.386730980790388,174,146374,52277,0.08072383648640893,0.39402551261374247,0.2608704916811251,0.7724689884948037,0.18581850744895473,0.5484113122456502
current,unweighted,42,2,1.0,174,146374,52277,0.08072383648640893,0.08016006370856463,0.2621314768050287,0.772195202241572,0.06686740742142723,0.24179177447258465
earlier,earlier_weight,42,3,11.386730980790388,174,146374,52277,0.08072383648640893,0.33848151182678937,0.2690136852120995,0.7778824011020878,0.15585923227550688,0.47372238999071914
earlier,unweighted,42,3,1.0,174,146374,52277,0.08072383648640893,0.07914621478866497,0.27009727643655546,0.7781014981518294,0.06645324224228592,0.23988485882567598
current,earlier_weight,42,3,11.386730980790388,174,146374,52277,0.08072383648640893,0.38980141367737736,0.26416758559526027,0.7756924266572466,0.18324038924499117,0.5425930251097484
current,unweighted,42,3,1.0,174,146374,52277,0.08072383648640893,0.08050122772602251,0.26543983799854093,0.775142447845553,0.06664364422108777,0.24082372046449618
earlier,earlier_weight,42,4,9.10938478463231,80,146374,52277,0.08072383648640893,0.32909577038886856,0.2666077419915159,0.7759946842350616,0.14683854027596546,0.4547938222200375
earlier,unweighted,42,4,1.0,80,146374,52277,0.08072383648640893,0.07977239929099546,0.26947118721141994,0.7785342780645456,0.06644360442381603,0.23972615154940502
current,earlier_weight,42,4,9.10938478463231,174,146374,52277,0.08072383648640893,0.3521582161632545,0.2700765692600826,0.7774284230209643,0.15806822542855162,0.4827568617384625
current,unweighted,42,4,1.0,174,146374,52277,0.08072383648640893,0.08022595199160612,0.27040432969327743,0.7780877999634518,0.06641924530118648,0.23986336770598043
earlier,earlier_weight,42,5,11.386815604637388,80,146375,52276,0.08072538067181881,0.3649699633524774,0.2611400055830907,0.7770246225375292,0.17033525247536413,0.5093645612607341
earlier,unweighted,42,5,1.0,80,146375,52276,0.08072538067181881,0.08057573128809022,0.2638196221250299,0.7802547353916482,0.06664719535749696,0.23976222992750704
current,earlier_weight,42,5,11.386815604637388,174,146375,52276,0.08072538067181881,0.36868338927921185,0.26479773637572923,0.7785061632282084,0.17000403594448393,0.5107289944174447
current,unweighted,42,5,1.0,174,146375,52276,0.08072538067181881,0.08061429612059842,0.26703389096770663,0.7799771563902146,0.0665488008488349,0.23967464201034402
