recipe,outer_fold,pr_auc_unweighted_minus_weighted,roc_auc_unweighted_minus_weighted,brier_score_unweighted_minus_weighted,log_loss_unweighted_minus_weighted,mean_probability_unweighted_minus_weighted
current,1,0.0003606353177423305,-3.5529700857850344e-05,-0.11691569701124813,-0.3024434684868203,-0.310590274848689
current,2,0.0012609851239036018,-0.00027378625323171146,-0.1189511000275275,-0.30661953777306555,-0.31386544890517787
current,3,0.0012722524032806604,-0.0005499788116936077,-0.1165967450239034,-0.3017693046452522,-0.30930018595135483
current,4,0.0003277604331948236,0.0006593769424875218,-0.09164898012736514,-0.24289349403248206,-0.2719322641716484
current,5,0.0022361545919774017,0.0014709931620061623,-0.10345523509564904,-0.27105435240710063,-0.2880690931586134
earlier,1,0.001469485073908372,0.0028578756356547608,-0.0898246444482058,-0.23450652359571744,-0.2596118964698814
earlier,2,-0.0012250458192918368,0.0005740369330375916,-0.09035086891478106,-0.2347415340157201,-0.26015159654933384
earlier,3,0.0010835912244559487,0.00021909704974154565,-0.08940599003322096,-0.23383753116504316,-0.2593352970381244
earlier,4,0.0028634452199040594,0.002539593829483988,-0.08039493585214944,-0.21506767067063248,-0.24932337109787311
earlier,5,0.0026796165419392115,0.003230112854119005,-0.10368805711786717,-0.2696023313332271,-0.2843942320643872
